# Blender 4.4.3
# www.blender.org
mtllib Light Aircraft.mtl
o Light_Aircraft
v -0.643170 0.917933 -0.671183
v -0.645743 0.953456 -0.367486
v -0.647009 0.970936 -0.036638
v -0.645777 0.953929 0.323698
v -0.641179 0.890435 0.620006
v -0.633625 0.786125 0.841198
v -0.627385 0.699956 0.950962
v -0.624100 0.654603 0.904395
v -0.622294 0.629660 0.704824
v -0.622622 0.634195 0.289051
v -0.622294 0.629659 -0.228171
v -0.623279 0.643265 -0.628977
v -0.627713 0.704491 -0.881767
v -0.632475 0.770252 -1.004836
v -0.636745 0.829210 -0.989868
v -0.640166 0.876455 -0.888879
v -1.801335 0.946076 0.706082
v -1.794458 0.829222 -0.212769
v -1.810410 1.071398 0.261423
v -1.792872 0.829222 0.588903
v -1.800476 0.934221 -0.880114
v -1.806220 1.013538 -0.780478
v -1.810385 1.071045 -0.332474
v -1.796674 0.881721 0.800396
v -1.793608 0.839383 -0.557159
v -1.806976 1.023979 0.516024
v -1.794704 0.832609 0.231652
v -1.803665 0.978253 -0.867253
v -1.811330 1.084099 -0.048195
v -1.794221 0.847851 0.760384
v -1.796919 0.885109 -0.774368
v -1.808463 1.044515 -0.593424
v -2.297075 1.103768 0.239947
v -2.283311 0.913709 -0.532393
v -2.294262 1.064924 0.480165
v -2.286024 0.951165 -0.737331
v -2.289641 1.001108 0.659487
v -2.288938 0.991397 -0.837104
v -2.285823 0.948391 0.748473
v -2.291550 1.027467 -0.824969
v -2.283814 0.920645 0.710721
v -2.295480 1.081747 -0.566609
v -2.282709 0.905385 0.548928
v -2.297055 1.103479 -0.320401
v -2.293643 1.056371 -0.743096
v -2.282910 0.908159 0.211858
v -2.297829 1.114173 -0.052180
v -2.282709 0.905385 -0.207457
v -2.925733 1.024389 0.676954
v -2.930099 1.084680 -0.766727
v -2.924201 1.003234 0.642316
v -2.933096 1.126065 -0.529673
v -2.923358 0.991599 0.493865
v -2.934296 1.142635 -0.303770
v -2.931695 1.106717 -0.691606
v -2.923511 0.993714 0.184593
v -2.934886 1.150788 -0.057670
v -2.923358 0.991599 -0.200141
v -2.934311 1.142855 0.210366
v -2.923817 0.997945 -0.498279
v -2.932167 1.113239 0.430774
v -2.925886 1.026504 -0.686316
v -2.928643 1.064583 0.595306
v -2.928107 1.057179 -0.777860
v -3.445460 1.061572 0.158789
v -3.453552 1.173303 -0.062865
v -3.445351 1.060067 -0.193216
v -3.453143 1.167660 0.182369
v -3.445678 1.064582 -0.465992
v -3.451617 1.146593 0.384027
v -3.447150 1.084896 -0.638034
v -3.449111 1.111983 0.534564
v -3.448730 1.106716 -0.721791
v -3.447041 1.083392 0.609266
v -3.450146 1.126278 -0.711604
v -3.445951 1.068344 0.577574
v -3.452278 1.155717 -0.494716
v -3.445352 1.060067 0.441752
v -3.453132 1.167503 -0.288030
v -3.451282 1.141954 -0.642874
v -3.928989 1.139740 -0.592600
v -3.930234 1.156921 0.477404
v -3.929992 1.153580 -0.669029
v -3.928921 1.138786 0.545571
v -3.930891 1.165989 -0.659733
v -3.928229 1.129241 0.516652
v -3.932243 1.184662 -0.461822
v -3.927849 1.123991 0.392713
v -3.932784 1.192138 -0.273219
v -3.931610 1.175932 -0.597016
v -3.927918 1.124946 0.134507
v -3.933051 1.195817 -0.067754
v -3.927849 1.123991 -0.186701
v -3.932791 1.192238 0.156024
v -3.928056 1.126855 -0.435611
v -3.931823 1.178875 0.340039
v -4.374327 1.156771 -0.361379
v -4.376908 1.192417 0.232562
v -4.374966 1.165600 -0.481590
v -4.375818 1.177373 0.337747
v -4.375653 1.175084 -0.540115
v -4.374919 1.164946 0.389944
v -4.376268 1.183587 -0.532997
v -4.374445 1.158406 0.367800
v -4.377195 1.196383 -0.381449
v -4.374185 1.154808 0.272896
v -4.377566 1.201505 -0.237030
v -4.376762 1.190401 -0.484972
v -4.374232 1.155462 0.075179
v -4.377748 1.204026 -0.079699
v -4.374185 1.154808 -0.170780
v -4.377572 1.201574 0.091656
v -1.341690 1.005298 -0.631502
v -1.575077 1.024907 -0.612463
v -1.327994 0.816176 -0.826961
v -1.562457 0.850642 -0.800664
v -1.324793 0.771973 0.830905
v -1.559507 0.809912 0.795644
v -1.345091 1.052261 -0.042536
v -1.578210 1.068180 -0.045365
v -1.335997 0.926684 -0.927297
v -1.569831 0.952469 -0.897275
v -1.324663 0.753890 0.259760
v -1.675702 0.744817 0.173357
v -1.339926 0.980933 0.566943
v -1.573451 1.002456 0.541484
v -1.324065 0.761927 -0.592328
v -1.558837 0.800655 -0.574744
v -1.327703 0.812158 0.874127
v -1.562189 0.846940 0.837261
v -1.343969 1.036773 -0.349619
v -1.577177 1.053909 -0.341047
v -1.339028 0.968546 -0.833561
v -1.572624 0.991042 -0.807020
v -1.332214 0.874444 -0.941190
v -1.566345 0.904332 -0.910652
v -1.323192 0.749871 0.645669
v -1.558033 0.789547 0.617286
v -1.344000 1.037192 0.291919
v -1.577205 1.054295 0.276671
v -1.324372 0.749871 -0.220311
v -1.560798 0.789546 -0.216540
v -1.333232 0.888508 0.772247
v -1.567284 0.917292 0.739164
v -1.561528 0.589521 0.019674
v -1.575558 0.705088 0.366600
v -1.485321 0.712302 0.181414
v -1.585464 0.752031 -0.011829
v -1.619433 0.475772 -0.137018
v -1.626812 0.645855 -0.094913
v -1.684230 0.611201 0.019919
v -1.618947 0.554867 0.134506
v -1.703290 0.407949 -0.212781
v -1.659054 0.521199 -0.205111
v -1.697457 0.489530 -0.135042
v -1.657835 0.444103 -0.066948
v -1.679717 0.377620 -0.224363
v -1.675308 0.375615 -0.164071
v -1.647514 0.398120 -0.214170
v -1.675497 0.430453 -0.262880
v 0.643170 0.917933 -0.671183
v 0.645743 0.953456 -0.367486
v 0.647008 0.970936 -0.036638
v 0.645777 0.953929 0.323698
v 0.641179 0.890435 0.620006
v 0.633625 0.786125 0.841198
v 0.627385 0.699956 0.950962
v 0.624100 0.654603 0.904395
v 0.622294 0.629660 0.704824
v 0.622622 0.634195 0.289051
v 0.622294 0.629659 -0.228172
v 0.623279 0.643265 -0.628977
v 0.627713 0.704491 -0.881767
v 0.632475 0.770252 -1.004836
v 0.636745 0.829210 -0.989868
v 0.640166 0.876455 -0.888879
v 1.801334 0.946076 0.706082
v 1.794458 0.829222 -0.212769
v 1.810410 1.071398 0.261423
v 1.792872 0.829222 0.588903
v 1.800476 0.934221 -0.880114
v 1.806220 1.013538 -0.780478
v 1.810384 1.071045 -0.332474
v 1.796674 0.881721 0.800396
v 1.793608 0.839383 -0.557159
v 1.806976 1.023979 0.516024
v 1.794703 0.832609 0.231652
v 1.803665 0.978253 -0.867253
v 1.811330 1.084099 -0.048195
v 1.794221 0.847851 0.760384
v 1.796919 0.885109 -0.774368
v 1.808463 1.044515 -0.593424
v 2.297075 1.103768 0.239947
v 2.283311 0.913709 -0.532393
v 2.294262 1.064924 0.480165
v 2.286024 0.951165 -0.737331
v 2.289641 1.001108 0.659487
v 2.288938 0.991397 -0.837104
v 2.285823 0.948391 0.748473
v 2.291550 1.027467 -0.824969
v 2.283814 0.920645 0.710721
v 2.295480 1.081747 -0.566609
v 2.282709 0.905385 0.548928
v 2.297054 1.103479 -0.320400
v 2.293643 1.056371 -0.743096
v 2.282910 0.908159 0.211858
v 2.297829 1.114173 -0.052180
v 2.282709 0.905385 -0.207457
v 2.925733 1.024389 0.676954
v 2.930099 1.084680 -0.766727
v 2.924201 1.003234 0.642316
v 2.933096 1.126065 -0.529673
v 2.923358 0.991599 0.493865
v 2.934296 1.142635 -0.303770
v 2.931695 1.106717 -0.691606
v 2.923511 0.993714 0.184593
v 2.934886 1.150788 -0.057670
v 2.923358 0.991599 -0.200141
v 2.934312 1.142855 0.210366
v 2.923818 0.997945 -0.498279
v 2.932167 1.113239 0.430774
v 2.925886 1.026504 -0.686316
v 2.928643 1.064583 0.595306
v 2.928107 1.057179 -0.777860
v 3.445460 1.061572 0.158789
v 3.453552 1.173303 -0.062865
v 3.445352 1.060067 -0.193216
v 3.453143 1.167660 0.182369
v 3.445678 1.064582 -0.465992
v 3.451617 1.146593 0.384027
v 3.447149 1.084896 -0.638034
v 3.449111 1.111983 0.534564
v 3.448730 1.106716 -0.721791
v 3.447041 1.083392 0.609266
v 3.450146 1.126278 -0.711604
v 3.445951 1.068344 0.577574
v 3.452278 1.155717 -0.494716
v 3.445352 1.060067 0.441752
v 3.453131 1.167503 -0.288030
v 3.451282 1.141954 -0.642874
v 3.928989 1.139740 -0.592600
v 3.930234 1.156921 0.477404
v 3.929992 1.153580 -0.669029
v 3.928921 1.138786 0.545570
v 3.930891 1.165989 -0.659733
v 3.928229 1.129241 0.516652
v 3.932243 1.184662 -0.461822
v 3.927849 1.123991 0.392713
v 3.932784 1.192138 -0.273219
v 3.931610 1.175932 -0.597016
v 3.927918 1.124946 0.134507
v 3.933051 1.195817 -0.067754
v 3.927849 1.123991 -0.186701
v 3.932791 1.192238 0.156024
v 3.928056 1.126855 -0.435611
v 3.931823 1.178875 0.340039
v 4.374327 1.156771 -0.361379
v 4.376908 1.192417 0.232562
v 4.374966 1.165600 -0.481590
v 4.375819 1.177373 0.337747
v 4.375653 1.175084 -0.540115
v 4.374919 1.164946 0.389944
v 4.376269 1.183587 -0.532997
v 4.374445 1.158406 0.367800
v 4.377195 1.196383 -0.381449
v 4.374185 1.154808 0.272896
v 4.377566 1.201505 -0.237030
v 4.376761 1.190401 -0.484972
v 4.374232 1.155462 0.075179
v 4.377748 1.204026 -0.079699
v 4.374185 1.154808 -0.170780
v 4.377571 1.201574 0.091656
v 1.341690 1.005298 -0.631502
v 1.575077 1.024907 -0.612463
v 1.327994 0.816176 -0.826961
v 1.562457 0.850642 -0.800664
v 1.324793 0.771973 0.830905
v 1.559507 0.809912 0.795644
v 1.345091 1.052261 -0.042536
v 1.578210 1.068180 -0.045365
v 1.335997 0.926684 -0.927297
v 1.569831 0.952469 -0.897275
v 1.324662 0.753890 0.259760
v 1.675702 0.744817 0.173357
v 1.339925 0.980933 0.566943
v 1.573451 1.002456 0.541484
v 1.324065 0.761927 -0.592328
v 1.558837 0.800655 -0.574744
v 1.327703 0.812157 0.874127
v 1.562188 0.846940 0.837261
v 1.343969 1.036773 -0.349619
v 1.577177 1.053909 -0.341047
v 1.339028 0.968546 -0.833561
v 1.572624 0.991042 -0.807020
v 1.332214 0.874444 -0.941190
v 1.566345 0.904332 -0.910652
v 1.323192 0.749871 0.645669
v 1.558032 0.789546 0.617286
v 1.343999 1.037192 0.291919
v 1.577205 1.054295 0.276671
v 1.324371 0.749871 -0.220311
v 1.560797 0.789546 -0.216540
v 1.333232 0.888508 0.772247
v 1.567283 0.917292 0.739164
v 1.561528 0.589521 0.019674
v 1.575558 0.705088 0.366600
v 1.485320 0.712302 0.181413
v 1.585464 0.752031 -0.011829
v 1.619433 0.475772 -0.137018
v 1.626811 0.645855 -0.094913
v 1.684230 0.611201 0.019919
v 1.618947 0.554867 0.134506
v 1.703290 0.407949 -0.212781
v 1.659054 0.521199 -0.205111
v 1.697457 0.489530 -0.135042
v 1.657835 0.444103 -0.066948
v 1.679716 0.377620 -0.224363
v 1.675308 0.375615 -0.164071
v 1.647514 0.398120 -0.214170
v 1.675496 0.430453 -0.262880
v -0.061344 0.840373 -0.701344
v -0.641561 0.895708 -0.801422
v -1.108713 0.978555 -0.646182
v -0.644672 0.938670 -0.519443
v -0.646487 0.963731 -0.208742
v -0.064120 0.878707 -0.381067
v -1.111111 1.011660 -0.356229
v -0.646906 0.969518 0.142837
v -0.065486 0.897570 -0.032156
v -1.112291 1.027950 -0.040354
v -0.643806 0.926717 0.488553
v -0.064157 0.879217 0.347854
v -1.111143 1.012100 0.303676
v -0.637812 0.843949 0.732681
v -0.059195 0.810699 0.660340
v -1.106858 0.952928 0.586574
v -0.629766 0.732836 0.921858
v -0.051043 0.698133 0.893607
v -1.099818 0.855717 0.797755
v -0.625742 0.677280 0.940983
v -0.044309 0.605145 1.009364
v -1.094002 0.775412 0.902552
v -0.622828 0.637029 0.829556
v -0.040765 0.556203 0.960255
v -1.090941 0.733146 0.858093
v -0.622294 0.629660 0.526042
v -0.038815 0.529285 0.749788
v -1.089258 0.709899 0.667553
v -0.622787 0.636462 0.026698
v -0.039170 0.534180 0.311315
v -1.089859 0.714126 0.270596
v -0.622130 0.627392 -0.453936
v -0.038815 0.529285 -0.234146
v -1.089553 0.709899 -0.223219
v -0.625291 0.671043 -0.767014
v -0.039879 0.543968 -0.656834
v -1.090176 0.722579 -0.605886
v -0.630217 0.739072 -0.964091
v -0.044664 0.610039 -0.923426
v -1.094308 0.779638 -0.847236
v -0.634610 0.799731 -1.011073
v -0.049803 0.681004 -1.053214
v -1.098746 0.840924 -0.964736
v -0.054410 0.744628 -1.037429
v -1.105914 0.939899 -0.854026
v -1.988564 1.058725 -0.581960
v -1.990354 1.083437 -0.327313
v -1.991235 1.095597 -0.049899
v -1.990378 1.083766 0.252242
v -1.987179 1.039596 0.500694
v -1.981924 0.967030 0.686162
v -1.977583 0.907084 0.778199
v -1.975298 0.875534 0.739153
v -1.974041 0.858181 0.571814
v -1.974666 0.861336 0.223190
v -1.974438 0.858181 -0.210498
v -1.974727 0.867647 -0.546571
v -1.977811 0.910239 -0.758534
v -1.981124 0.955987 -0.861727
v -1.986475 1.029870 -0.764498
v -1.329813 0.841291 0.847113
v -1.804462 0.989261 0.612839
v -1.323342 0.747862 -0.429860
v -1.795619 0.834302 0.006226
v -1.337701 0.950209 -0.887655
v -1.342254 1.013081 0.444932
v -1.811253 1.083041 0.106018
v -1.323487 0.749871 0.479728
v -1.793271 0.834726 0.696078
v -1.334105 0.900564 -0.946978
v -1.798790 0.910935 -0.845104
v -1.340264 0.985605 -0.752387
v -1.344629 1.045878 -0.202277
v -1.809585 1.060002 -0.463042
v -1.326248 0.792065 0.864865
v -1.325848 0.786540 -0.720450
v -2.640046 1.106540 -0.548727
v -2.641398 1.125201 -0.312349
v -2.642063 1.134384 -0.054838
v -2.641415 1.125449 0.225626
v -2.639000 1.092094 0.456253
v -2.635032 1.037297 0.628415
v -2.631754 0.992030 0.713848
v -2.630028 0.968205 0.677604
v -2.629079 0.955101 0.522270
v -2.629252 0.957483 0.198658
v -2.629079 0.955101 -0.203915
v -2.629597 0.962248 -0.515877
v -2.631926 0.994412 -0.712633
v -2.634428 1.028958 -0.808422
v -2.636671 1.059931 -0.796772
v -2.295870 1.087121 0.373595
v -2.297766 1.113306 0.093322
v -2.284542 0.930703 -0.644300
v -2.282608 0.903997 -0.390486
v -2.292203 1.036484 0.571511
v -2.287556 0.972322 -0.804071
v -2.287280 0.968507 0.724878
v -2.290244 1.009432 -0.842160
v -2.284818 0.934518 0.740383
v -2.283035 0.909893 0.650049
v -2.296399 1.094433 -0.443593
v -2.294496 1.068149 -0.672195
v -2.282709 0.905385 0.403988
v -2.297509 1.109765 -0.191705
v -2.283010 0.909547 -0.000833
v -3.196537 1.141924 -0.511114
v -3.197592 1.156497 -0.295413
v -3.198112 1.163668 -0.060428
v -3.197607 1.156691 0.195502
v -3.195720 1.130643 0.405956
v -3.192621 1.087850 0.563057
v -3.190061 1.052499 0.641017
v -3.188714 1.033894 0.607944
v -3.187973 1.023661 0.466198
v -3.188107 1.025521 0.170894
v -3.187973 1.023661 -0.196464
v -3.188376 1.029242 -0.481137
v -3.190196 1.054360 -0.660682
v -3.192150 1.081338 -0.748092
v -3.193901 1.105525 -0.737461
v -2.924967 1.013811 0.669532
v -2.926843 1.039726 0.655305
v -2.930996 1.097064 -0.734957
v -2.929103 1.070929 -0.782500
v -2.923607 0.995037 0.586647
v -2.933796 1.135738 -0.416802
v -2.932345 1.115698 -0.626552
v -2.923358 0.991599 0.360878
v -2.934643 1.147428 -0.185688
v -2.923588 0.994772 -0.010557
v -2.934838 1.150127 0.075833
v -2.923281 0.990541 -0.368075
v -2.933393 1.130162 0.332992
v -2.924756 1.010903 -0.600957
v -2.930596 1.091555 0.514587
v -2.927054 1.042635 -0.747552
v -3.698215 1.169333 -0.478834
v -3.698875 1.178452 -0.280879
v -3.699200 1.182938 -0.065226
v -3.698884 1.178573 0.169649
v -3.697704 1.162275 0.362789
v -3.695765 1.135500 0.506966
v -3.694163 1.113382 0.578512
v -3.693320 1.101741 0.548159
v -3.692856 1.095338 0.418075
v -3.692940 1.096502 0.147065
v -3.692856 1.095338 -0.190070
v -3.693110 1.098830 -0.451324
v -3.694247 1.114546 -0.616097
v -3.695470 1.131426 -0.696316
v -3.696566 1.146559 -0.686560
v -3.445515 1.062325 -0.019760
v -3.445352 1.060067 0.320078
v -3.453518 1.172833 0.059280
v -3.453379 1.170913 -0.179993
v -3.445297 1.059315 -0.346865
v -3.452489 1.158631 0.294564
v -3.446346 1.073799 -0.559936
v -3.450500 1.131169 0.460710
v -3.447981 1.096370 -0.694060
v -3.447830 1.094301 0.589458
v -3.449438 1.116497 -0.726035
v -3.446496 1.075868 0.602474
v -3.450784 1.135088 -0.682537
v -3.445529 1.062513 0.526641
v -3.452776 1.162597 -0.391447
v -3.451744 1.148342 -0.583353
v -4.157517 1.195685 -0.432940
v -4.157976 1.202008 -0.260214
v -4.158201 1.205120 -0.072046
v -4.157981 1.202092 0.132893
v -4.157163 1.190790 0.301417
v -4.155818 1.172221 0.427218
v -4.154707 1.156881 0.489646
v -4.154123 1.148808 0.463162
v -4.153801 1.144367 0.349657
v -4.153860 1.145175 0.113188
v -4.153801 1.144367 -0.180979
v -4.153976 1.146790 -0.408936
v -4.154766 1.157689 -0.552709
v -4.155614 1.169395 -0.622703
v -4.156983 1.188301 -0.556753
v -3.929517 1.147018 -0.643724
v -3.928480 1.132701 -0.521335
v -3.929422 1.145706 0.527496
v -3.931115 1.169091 0.410013
v -3.930441 1.159785 -0.672902
v -3.928575 1.134013 0.539374
v -3.927961 1.125542 0.470175
v -3.932559 1.189026 -0.367587
v -3.931904 1.179984 -0.542704
v -3.927849 1.123991 0.281684
v -3.932941 1.194301 -0.174634
v -3.927953 1.125423 -0.028420
v -3.933029 1.195519 0.043705
v -3.927814 1.123514 -0.326906
v -3.932376 1.186511 0.258403
v -4.594074 1.191918 -0.318655
v -4.594356 1.195817 -0.208756
v -4.594495 1.197735 -0.089031
v -4.594360 1.195868 0.041364
v -4.593856 1.188900 0.148590
v -4.593026 1.177453 0.228632
v -4.592342 1.167996 0.268353
v -4.591981 1.163019 0.251502
v -4.591783 1.160281 0.179283
v -4.591819 1.160779 0.028826
v -4.591783 1.160281 -0.158342
v -4.591891 1.161775 -0.303382
v -4.592378 1.168494 -0.394859
v -4.592900 1.175711 -0.439394
v -4.593369 1.182181 -0.433978
v -4.374617 1.160777 -0.427021
v -4.374161 1.154481 -0.278140
v -4.376423 1.185713 0.286143
v -4.377287 1.197649 0.170050
v -4.375327 1.170588 -0.520738
v -4.375262 1.169688 0.376104
v -4.375960 1.179336 -0.543080
v -4.374682 1.161676 0.385199
v -4.374261 1.155871 0.332211
v -4.377412 1.199373 -0.309291
v -4.376963 1.193177 -0.443384
v -4.374185 1.154808 0.187878
v -4.377674 1.202987 -0.161541
v -4.374256 1.155789 -0.049580
v -4.377733 1.203822 0.005649
v -1.798452 0.906278 0.775388
v -1.564133 0.873785 0.811251
v -1.336943 0.939744 0.671525
v -1.570702 0.964503 0.642182
v -1.793146 0.827528 -0.406756
v -1.558590 0.787695 -0.418308
v -1.325398 0.755899 0.016251
v -1.568682 0.784796 -0.053145
v -1.805101 0.998082 -0.830555
v -1.571401 0.974146 -0.859105
v -1.808938 1.051075 0.403073
v -1.575596 1.032078 0.424002
v -1.345000 1.051005 0.124048
v -1.578127 1.067023 0.115033
v -1.793269 0.829222 0.435285
v -1.562347 0.767506 0.487730
v -1.323665 0.756401 0.761442
v -1.558468 0.795563 0.728760
v -1.802070 0.956237 -0.885473
v -1.568088 0.928400 -0.916226
v -1.330213 0.846817 -0.903370
v -1.564501 0.878876 -0.874237
v -1.807261 1.027916 -0.705332
v -1.573763 1.006761 -0.728859
v -1.810940 1.078719 -0.196074
v -1.577785 1.062298 -0.199176
v -1.343021 1.023672 -0.490661
v -1.576303 1.041837 -0.476852
v -1.795448 0.864786 0.791822
v -1.560848 0.828426 0.828343
v -1.795110 0.860129 -0.675767
v -1.560479 0.823334 -0.698108
v -1.458383 1.015102 -0.621983
v -1.691770 1.034711 -0.602944
v -1.445225 0.833409 -0.813813
v -1.679688 0.867875 -0.787516
v -1.442150 0.790942 0.813275
v -1.676864 0.828881 0.778014
v -1.461651 1.060221 -0.043951
v -1.694770 1.076140 -0.046780
v -1.424121 0.753332 0.236660
v -1.707042 0.800821 0.220592
v -1.456688 0.991695 0.554213
v -1.690214 1.013217 0.528754
v -1.441451 0.781291 -0.583536
v -1.676223 0.820019 -0.565951
v -1.444946 0.829548 0.855694
v -1.679431 0.864330 0.818829
v -1.460573 1.045341 -0.345333
v -1.693781 1.062477 -0.336761
v -1.455826 0.979794 -0.820290
v -1.689422 1.002290 -0.793749
v -1.449279 0.889388 -0.925921
v -1.683411 0.919277 -0.895383
v -1.440612 0.769709 0.631477
v -1.675452 0.809384 0.603095
v -1.460602 1.045743 0.284295
v -1.693808 1.062846 0.269047
v -1.442778 0.769709 -0.218426
v -1.678126 0.809384 -0.214654
v -1.450258 0.902900 0.755706
v -1.684309 0.931684 0.722623
v -1.606417 0.702101 -0.042462
v -1.595236 0.626229 0.250118
v -1.525408 0.650973 0.105319
v -1.676244 0.677357 0.102336
v -1.655674 0.758078 0.034272
v -1.648134 0.723427 0.314456
v -1.505459 0.698484 0.324136
v -1.512778 0.734248 0.036676
v -1.644930 0.584990 -0.154143
v -1.641534 0.493370 0.026555
v -1.593073 0.530328 -0.064709
v -1.693391 0.548031 -0.062879
v -1.573836 0.557640 0.106831
v -1.579896 0.626822 -0.067422
v -1.671761 0.642142 -0.065050
v -1.666025 0.574840 0.104826
v -1.669229 0.465886 -0.242972
v -1.668783 0.405406 -0.134368
v -1.638337 0.430241 -0.189442
v -1.699675 0.441051 -0.187898
v -1.628689 0.448191 -0.084304
v -1.629683 0.506793 -0.189238
v -1.688121 0.516330 -0.186444
v -1.687287 0.459290 -0.084133
v -1.678710 0.404499 -0.258716
v -1.678567 0.363448 -0.184567
v -1.657722 0.380287 -0.222158
v -1.699554 0.387660 -0.221125
v -1.696387 0.427007 -0.249539
v -1.696250 0.386434 -0.176371
v -1.654414 0.378506 -0.176474
v -1.654559 0.420191 -0.251518
v 0.061344 0.840373 -0.701344
v 0.641561 0.895708 -0.801422
v 1.108713 0.978555 -0.646182
v 0.644672 0.938670 -0.519443
v 0.646487 0.963731 -0.208742
v 0.064120 0.878707 -0.381067
v 1.111110 1.011660 -0.356229
v 0.646906 0.969518 0.142837
v 0.065486 0.897570 -0.032156
v 1.112290 1.027950 -0.040354
v 0.643806 0.926717 0.488553
v 0.064157 0.879217 0.347854
v 1.111143 1.012100 0.303676
v 0.637812 0.843949 0.732681
v 0.059195 0.810699 0.660340
v 1.106857 0.952928 0.586574
v 0.629766 0.732836 0.921858
v 0.051043 0.698133 0.893607
v 1.099817 0.855717 0.797755
v 0.625742 0.677280 0.940983
v 0.044309 0.605145 1.009364
v 1.094002 0.775411 0.902552
v 0.622828 0.637029 0.829556
v 0.040765 0.556203 0.960255
v 1.090941 0.733146 0.858093
v 0.622294 0.629660 0.526042
v 0.038815 0.529285 0.749788
v 1.089258 0.709899 0.667553
v 0.622786 0.636462 0.026698
v 0.039170 0.534180 0.311315
v 1.089859 0.714126 0.270596
v 0.622130 0.627392 -0.453937
v 0.038815 0.529285 -0.234146
v 1.089552 0.709899 -0.223219
v 0.625291 0.671043 -0.767014
v 0.039879 0.543968 -0.656834
v 1.090176 0.722579 -0.605886
v 0.630217 0.739072 -0.964091
v 0.044663 0.610039 -0.923426
v 1.094308 0.779638 -0.847236
v 0.634610 0.799731 -1.011073
v 0.049802 0.681004 -1.053214
v 1.098746 0.840924 -0.964736
v 0.638668 0.855761 -0.947159
v 0.054410 0.744628 -1.037429
v 1.102725 0.895869 -0.950445
v 1.988564 1.058725 -0.581960
v 1.990354 1.083437 -0.327313
v 1.991234 1.095597 -0.049899
v 1.990378 1.083766 0.252242
v 1.987179 1.039596 0.500694
v 1.981924 0.967030 0.686162
v 1.977583 0.907084 0.778199
v 1.975298 0.875534 0.739153
v 1.974041 0.858181 0.571814
v 1.974666 0.861336 0.223190
v 1.974438 0.858181 -0.210498
v 1.974726 0.867647 -0.546571
v 1.977811 0.910239 -0.758534
v 1.981124 0.955987 -0.861727
v 1.984094 0.997003 -0.849177
v 1.329813 0.841291 0.847113
v 1.804462 0.989261 0.612839
v 1.323342 0.747862 -0.429860
v 1.795619 0.834302 0.006226
v 1.342253 1.013081 0.444932
v 1.811253 1.083041 0.106018
v 1.323487 0.749871 0.479728
v 1.793271 0.834726 0.696078
v 1.334105 0.900564 -0.946978
v 1.798789 0.910935 -0.845104
v 1.340264 0.985605 -0.752387
v 1.344628 1.045878 -0.202277
v 1.809585 1.060002 -0.463042
v 1.326248 0.792065 0.864865
v 1.325848 0.786540 -0.720450
v 2.640046 1.106540 -0.548727
v 2.641398 1.125201 -0.312349
v 2.642063 1.134384 -0.054838
v 2.641416 1.125449 0.225626
v 2.639000 1.092094 0.456253
v 2.635032 1.037297 0.628415
v 2.631754 0.992030 0.713848
v 2.630028 0.968205 0.677604
v 2.629079 0.955101 0.522270
v 2.629252 0.957483 0.198658
v 2.629079 0.955101 -0.203915
v 2.629597 0.962248 -0.515877
v 2.631926 0.994412 -0.712633
v 2.634428 1.028958 -0.808422
v 2.638468 1.084750 -0.718168
v 2.295870 1.087121 0.373595
v 2.297766 1.113306 0.093322
v 2.284542 0.930703 -0.644300
v 2.282608 0.903997 -0.390486
v 2.292203 1.036484 0.571511
v 2.287556 0.972322 -0.804071
v 2.287280 0.968507 0.724878
v 2.290244 1.009432 -0.842160
v 2.284818 0.934518 0.740383
v 2.283035 0.909893 0.650049
v 2.296399 1.094433 -0.443593
v 2.294496 1.068149 -0.672195
v 2.282709 0.905385 0.403988
v 2.297509 1.109765 -0.191705
v 2.283010 0.909547 -0.000833
v 3.196537 1.141924 -0.511114
v 3.197592 1.156497 -0.295413
v 3.198112 1.163668 -0.060428
v 3.197607 1.156691 0.195502
v 3.195720 1.130643 0.405956
v 3.192621 1.087850 0.563057
v 3.190061 1.052499 0.641017
v 3.188714 1.033894 0.607944
v 3.187973 1.023661 0.466198
v 3.188107 1.025521 0.170894
v 3.187973 1.023661 -0.196464
v 3.188376 1.029242 -0.481138
v 3.190196 1.054360 -0.660682
v 3.192150 1.081338 -0.748092
v 3.195305 1.124907 -0.665733
v 2.924967 1.013811 0.669532
v 2.926843 1.039726 0.655305
v 2.929103 1.070929 -0.782500
v 2.923607 0.995037 0.586647
v 2.933796 1.135738 -0.416802
v 2.932345 1.115698 -0.626552
v 2.930996 1.097064 -0.734957
v 2.923358 0.991599 0.360878
v 2.934643 1.147428 -0.185688
v 2.923588 0.994772 -0.010557
v 2.934838 1.150127 0.075833
v 2.923281 0.990541 -0.368075
v 2.933393 1.130162 0.332992
v 2.924756 1.010903 -0.600957
v 2.930596 1.091555 0.514587
v 2.927054 1.042635 -0.747552
v 3.698215 1.169333 -0.478834
v 3.698875 1.178452 -0.280879
v 3.699200 1.182938 -0.065226
v 3.698884 1.178573 0.169649
v 3.697704 1.162275 0.362789
v 3.695765 1.135500 0.506966
v 3.694163 1.113382 0.578512
v 3.693320 1.101741 0.548159
v 3.692856 1.095338 0.418075
v 3.692941 1.096502 0.147065
v 3.692856 1.095338 -0.190070
v 3.693110 1.098830 -0.451324
v 3.694247 1.114546 -0.616097
v 3.695470 1.131426 -0.696316
v 3.696566 1.146559 -0.686560
v 3.445515 1.062325 -0.019760
v 3.445352 1.060067 0.320078
v 3.453518 1.172833 0.059280
v 3.453379 1.170913 -0.179993
v 3.445297 1.059315 -0.346865
v 3.452489 1.158631 0.294564
v 3.446346 1.073799 -0.559936
v 3.450500 1.131169 0.460710
v 3.447980 1.096370 -0.694060
v 3.447830 1.094301 0.589458
v 3.449438 1.116497 -0.726035
v 3.446496 1.075868 0.602474
v 3.445529 1.062513 0.526641
v 3.452776 1.162597 -0.391447
v 3.451744 1.148342 -0.583353
v 4.157517 1.195685 -0.432940
v 4.157976 1.202008 -0.260214
v 4.158201 1.205120 -0.072046
v 4.157981 1.202092 0.132893
v 4.157163 1.190790 0.301417
v 4.155818 1.172221 0.427218
v 4.154707 1.156881 0.489646
v 4.154123 1.148808 0.463162
v 4.153801 1.144367 0.349657
v 4.153860 1.145175 0.113188
v 4.153801 1.144367 -0.180979
v 4.153976 1.146790 -0.408936
v 4.154766 1.157689 -0.552709
v 4.155614 1.169395 -0.622703
v 4.156374 1.179891 -0.614191
v 3.929517 1.147018 -0.643724
v 3.928480 1.132701 -0.521335
v 3.929421 1.145706 0.527496
v 3.931115 1.169091 0.410013
v 3.930441 1.159785 -0.672902
v 3.928575 1.134013 0.539374
v 3.931295 1.171577 -0.633209
v 3.927961 1.125542 0.470175
v 3.932559 1.189026 -0.367587
v 3.931904 1.179984 -0.542704
v 3.927849 1.123991 0.281684
v 3.932941 1.194301 -0.174634
v 3.927953 1.125423 -0.028420
v 3.933029 1.195519 0.043705
v 3.927814 1.123514 -0.326906
v 3.932376 1.186511 0.258403
v 4.594074 1.191918 -0.318655
v 4.594356 1.195817 -0.208756
v 4.594495 1.197735 -0.089031
v 4.594360 1.195868 0.041364
v 4.593856 1.188900 0.148590
v 4.593026 1.177453 0.228632
v 4.592342 1.167996 0.268353
v 4.591981 1.163019 0.251502
v 4.591783 1.160281 0.179283
v 4.591819 1.160779 0.028826
v 4.591783 1.160281 -0.158342
v 4.591891 1.161775 -0.303382
v 4.592378 1.168494 -0.394859
v 4.592900 1.175711 -0.439394
v 4.593744 1.187366 -0.397432
v 4.374617 1.160777 -0.427021
v 4.374161 1.154481 -0.278140
v 4.376423 1.185713 0.286143
v 4.377287 1.197649 0.170050
v 4.375327 1.170588 -0.520738
v 4.375262 1.169688 0.376104
v 4.375960 1.179336 -0.543080
v 4.374682 1.161676 0.385199
v 4.374261 1.155871 0.332211
v 4.377412 1.199373 -0.309291
v 4.376963 1.193177 -0.443383
v 4.374185 1.154808 0.187878
v 4.377674 1.202987 -0.161541
v 4.374256 1.155789 -0.049580
v 4.377733 1.203822 0.005649
v 1.798452 0.906278 0.775388
v 1.564132 0.873785 0.811251
v 1.336942 0.939744 0.671525
v 1.570702 0.964503 0.642182
v 1.793146 0.827528 -0.406756
v 1.558589 0.787695 -0.418308
v 1.325397 0.755899 0.016251
v 1.568682 0.784796 -0.053145
v 1.337700 0.950209 -0.887655
v 1.808938 1.051075 0.403073
v 1.575596 1.032078 0.424002
v 1.345000 1.051005 0.124048
v 1.578126 1.067023 0.115033
v 1.793269 0.829222 0.435285
v 1.562347 0.767506 0.487730
v 1.323665 0.756401 0.761442
v 1.558468 0.795564 0.728760
v 1.802070 0.956237 -0.885473
v 1.568088 0.928400 -0.916226
v 1.330213 0.846817 -0.903370
v 1.564501 0.878876 -0.874237
v 1.807261 1.027916 -0.705332
v 1.573762 1.006761 -0.728859
v 1.810940 1.078719 -0.196074
v 1.577784 1.062298 -0.199175
v 1.343020 1.023672 -0.490661
v 1.576303 1.041837 -0.476852
v 1.795447 0.864786 0.791822
v 1.560848 0.828426 0.828343
v 1.795110 0.860129 -0.675767
v 1.560479 0.823334 -0.698108
v 1.458383 1.015102 -0.621982
v 1.691770 1.034711 -0.602944
v 1.445225 0.833409 -0.813813
v 1.679688 0.867875 -0.787516
v 1.442150 0.790942 0.813275
v 1.676864 0.828881 0.778014
v 1.461650 1.060221 -0.043951
v 1.694770 1.076140 -0.046780
v 1.452914 0.939576 -0.912286
v 1.424121 0.753332 0.236660
v 1.707042 0.800821 0.220592
v 1.456688 0.991695 0.554213
v 1.690213 1.013217 0.528754
v 1.441451 0.781291 -0.583536
v 1.676222 0.820019 -0.565951
v 1.444946 0.829548 0.855694
v 1.679431 0.864330 0.818829
v 1.460573 1.045341 -0.345333
v 1.693781 1.062477 -0.336761
v 1.689422 1.002290 -0.793749
v 1.449279 0.889388 -0.925921
v 1.683410 0.919277 -0.895383
v 1.440612 0.769709 0.631477
v 1.675452 0.809384 0.603095
v 1.460602 1.045743 0.284295
v 1.693807 1.062846 0.269047
v 1.442777 0.769709 -0.218426
v 1.678126 0.809384 -0.214654
v 1.450258 0.902900 0.755706
v 1.684309 0.931684 0.722623
v 1.606416 0.702101 -0.042462
v 1.595235 0.626229 0.250118
v 1.525408 0.650973 0.105319
v 1.676244 0.677357 0.102336
v 1.655674 0.758078 0.034272
v 1.648134 0.723427 0.314456
v 1.505458 0.698484 0.324136
v 1.512778 0.734248 0.036677
v 1.644930 0.584990 -0.154143
v 1.641533 0.493370 0.026555
v 1.593073 0.530328 -0.064709
v 1.693391 0.548031 -0.062879
v 1.573836 0.557640 0.106831
v 1.579896 0.626822 -0.067422
v 1.671760 0.642142 -0.065050
v 1.666024 0.574840 0.104826
v 1.669228 0.465886 -0.242972
v 1.668783 0.405406 -0.134368
v 1.638337 0.430241 -0.189442
v 1.699675 0.441051 -0.187898
v 1.628689 0.448191 -0.084304
v 1.629683 0.506793 -0.189238
v 1.688121 0.516330 -0.186444
v 1.687287 0.459290 -0.084133
v 1.678709 0.404499 -0.258716
v 1.678566 0.363448 -0.184567
v 1.657722 0.380287 -0.222158
v 1.699554 0.387660 -0.221125
v 1.696387 0.427007 -0.249539
v 1.696250 0.386434 -0.176371
v 1.654413 0.378506 -0.176474
v 1.654559 0.420191 -0.251518
v -0.638668 0.855761 -0.947159
v -1.102726 0.895869 -0.950445
v -0.058102 0.795612 -0.930926
v -1.984095 0.997003 -0.849177
v -2.638468 1.084750 -0.718168
v -2.292726 1.043710 -0.790344
v -3.195305 1.124907 -0.665733
v -3.697444 1.158687 -0.620733
v -4.156374 1.179891 -0.614191
v -3.931295 1.171577 -0.633209
v -4.593744 1.187366 -0.397432
v -4.376546 1.187416 -0.512687
v -1.452914 0.939576 -0.912286
v -1.686748 0.965361 -0.882264
v 0.058102 0.795612 -0.930926
v 1.105914 0.939899 -0.854026
v 1.986474 1.029870 -0.764498
v 1.805101 0.998082 -0.830555
v 2.636671 1.059931 -0.796772
v 2.292726 1.043710 -0.790344
v 3.193901 1.105525 -0.737461
v 3.697444 1.158687 -0.620733
v 3.450784 1.135088 -0.682537
v 4.156982 1.188301 -0.556753
v 4.593369 1.182181 -0.433978
v 4.376546 1.187416 -0.512686
v 1.571401 0.974146 -0.859105
v 1.686748 0.965361 -0.882264
v 1.455826 0.979794 -0.820290
v -0.059607 0.816388 -0.838694
v -1.107213 0.957842 -0.770527
v -0.062964 0.862751 -0.541320
v -1.110113 0.997880 -0.501309
v -0.064923 0.889795 -0.213655
v -1.111804 1.021236 -0.204669
v -0.065375 0.896040 0.157118
v -1.112195 1.026629 0.130999
v -0.062030 0.849852 0.521709
v -1.109306 0.986741 0.461069
v -0.055562 0.760534 0.779166
v -1.103720 0.909606 0.694149
v -0.046879 0.640627 0.978671
v -1.096221 0.806054 0.874765
v -0.042537 0.580674 0.998841
v -1.092472 0.754279 0.893025
v -0.039391 0.537238 0.881330
v -1.089755 0.716768 0.786641
v -0.038815 0.529285 0.561245
v -1.089332 0.709899 0.496862
v -0.039347 0.536627 0.034638
v -1.090159 0.716239 0.020116
v -0.038638 0.526838 -0.472237
v -1.089179 0.707786 -0.438767
v -0.042050 0.573945 -0.802407
v -1.092051 0.748467 -0.737676
v -0.047366 0.647357 -1.010244
v -1.096642 0.811866 -0.925834
v -0.052106 0.712816 -1.059791
v -1.100736 0.868396 -0.970690
v -0.056485 0.773280 -0.992387
v -1.104517 0.920613 -0.909668
v -1.987445 1.043263 -0.691166
v -1.989609 1.073151 -0.454728
v -1.990872 1.090585 -0.194206
v -1.991163 1.094611 0.100591
v -1.989007 1.064836 0.390471
v -1.984837 1.007257 0.595171
v -1.979239 0.929958 0.753795
v -1.976440 0.891309 0.769832
v -1.974413 0.863308 0.676401
v -1.974141 0.858181 0.421905
v -1.974979 0.862914 0.003208
v -1.974026 0.856604 -0.399801
v -1.976126 0.886971 -0.662314
v -1.979553 0.934296 -0.827562
v -1.982609 0.976495 -0.866956
v -1.985432 1.015473 -0.813365
v -2.639201 1.094864 -0.650098
v -2.640835 1.117434 -0.430622
v -2.641789 1.130599 -0.188792
v -2.642009 1.133639 0.084855
v -2.640380 1.111154 0.353938
v -2.637232 1.067674 0.543952
v -2.633005 1.009303 0.691195
v -2.630891 0.980117 0.706082
v -2.629359 0.958972 0.619354
v -2.629079 0.955101 0.383117
v -2.629338 0.958675 -0.005541
v -2.628993 0.953910 -0.379636
v -2.630654 0.976841 -0.623316
v -2.633242 1.012579 -0.776708
v -2.635550 1.044444 -0.813276
v -2.637681 1.073879 -0.763529
v -3.195877 1.132806 -0.603617
v -3.197153 1.150431 -0.403341
v -3.197898 1.160712 -0.182665
v -3.198070 1.163086 0.067045
v -3.196798 1.145527 0.312590
v -3.194339 1.111572 0.485983
v -3.191038 1.065988 0.620346
v -3.189388 1.043196 0.633930
v -3.188192 1.026684 0.554789
v -3.187973 1.023661 0.339217
v -3.188174 1.026451 -0.015443
v -3.187905 1.022730 -0.356815
v -3.189202 1.040638 -0.579179
v -3.191223 1.068547 -0.719152
v -3.193025 1.093432 -0.752522
v -3.194690 1.116418 -0.707127
v -3.697802 1.163628 -0.563727
v -3.698600 1.174656 -0.379927
v -3.699066 1.181089 -0.177406
v -3.699174 1.182574 0.051760
v -3.698378 1.171588 0.277105
v -3.696840 1.150343 0.436232
v -3.694774 1.121822 0.559541
v -3.693741 1.107561 0.572008
v -3.692993 1.097230 0.499377
v -3.692856 1.095338 0.301541
v -3.692983 1.097084 -0.023942
v -3.692814 1.094756 -0.337229
v -3.693625 1.105961 -0.541299
v -3.694890 1.123422 -0.669757
v -3.696018 1.138993 -0.700381
v -3.697059 1.153375 -0.658721
v -4.157231 1.191728 -0.507013
v -4.157785 1.199376 -0.346639
v -4.158108 1.203837 -0.169929
v -4.158183 1.204867 0.030029
v -4.157630 1.197248 0.226653
v -4.156564 1.182514 0.365500
v -4.155131 1.162735 0.473093
v -4.154415 1.152845 0.483971
v -4.153896 1.145679 0.420597
v -4.153801 1.144368 0.247975
v -4.153889 1.145579 -0.036024
v -4.153772 1.143964 -0.309382
v -4.154335 1.151735 -0.487443
v -4.155212 1.163845 -0.599529
v -4.155994 1.174643 -0.626251
v -4.156716 1.184617 -0.589900
v -4.593897 1.189479 -0.365785
v -4.594239 1.194194 -0.263744
v -4.594438 1.196944 -0.151311
v -4.594484 1.197579 -0.024084
v -4.594144 1.192882 0.101020
v -4.593486 1.183799 0.189363
v -4.592603 1.171605 0.257821
v -4.592161 1.165507 0.264742
v -4.591842 1.161090 0.224420
v -4.591783 1.160281 0.114586
v -4.591837 1.161028 -0.066112
v -4.591765 1.160033 -0.240039
v -4.592112 1.164823 -0.353333
v -4.592653 1.172289 -0.424649
v -4.593134 1.178946 -0.441651
v -4.593580 1.185095 -0.418522
v -1.681293 0.890031 0.793320
v -1.446973 0.857538 0.829182
v -1.453822 0.952123 0.656853
v -1.687582 0.976882 0.627510
v -1.675992 0.807612 -0.412532
v -1.441014 0.767779 -0.424084
v -1.450987 0.769116 0.007317
v -1.681354 0.807351 0.002553
v -1.688251 0.986114 -0.844830
v -1.454551 0.962178 -0.873380
v -1.692267 1.041577 0.413538
v -1.458925 1.022580 0.434467
v -1.461563 1.059014 0.119541
v -1.694690 1.075032 0.110526
v -1.676054 0.795851 0.439435
v -1.446483 0.756908 0.460780
v -1.441067 0.775982 0.745101
v -1.675870 0.815145 0.712419
v -1.685079 0.942319 -0.900849
v -1.451097 0.914482 -0.931602
v -1.447357 0.862846 -0.888804
v -1.681646 0.894905 -0.859670
v -1.690512 1.017338 -0.717096
v -1.457013 0.996183 -0.740623
v -1.694363 1.070508 -0.197625
v -1.461206 1.054088 -0.200726
v -1.459662 1.032755 -0.483757
v -1.692944 1.050920 -0.469947
v -1.678148 0.846606 0.810083
v -1.443548 0.810245 0.846604
v -1.677795 0.841732 -0.686937
v -1.443164 0.804937 -0.709279
v -1.548504 0.683129 -0.006172
v -1.661534 0.702105 -0.005607
v -1.653246 0.646013 0.211026
v -1.540021 0.625413 0.216065
v -1.606956 0.567365 -0.133101
v -1.682056 0.579709 -0.130010
v -1.679647 0.511927 0.003794
v -1.604270 0.497717 0.004141
v -1.646183 0.454578 -0.230491
v -1.692163 0.462073 -0.228302
v -1.691852 0.417327 -0.147880
v -1.645826 0.408606 -0.148007
v -1.662359 0.401524 -0.247573
v -1.693345 0.406738 -0.246388
v -1.693241 0.376554 -0.191893
v -1.662252 0.370845 -0.192244
v 0.059607 0.816388 -0.838694
v 1.107213 0.957842 -0.770527
v 0.062964 0.862751 -0.541320
v 1.110113 0.997880 -0.501309
v 0.064923 0.889795 -0.213655
v 1.111804 1.021236 -0.204669
v 0.065375 0.896040 0.157118
v 1.112195 1.026629 0.130999
v 0.062030 0.849852 0.521709
v 1.109306 0.986741 0.461069
v 0.055562 0.760534 0.779166
v 1.103720 0.909606 0.694149
v 0.046878 0.640627 0.978671
v 1.096221 0.806054 0.874765
v 0.042537 0.580674 0.998841
v 1.092471 0.754279 0.893025
v 0.039391 0.537238 0.881330
v 1.089755 0.716768 0.786641
v 0.038815 0.529285 0.561245
v 1.089331 0.709899 0.496862
v 0.039347 0.536627 0.034638
v 1.090159 0.716239 0.020116
v 0.038638 0.526838 -0.472237
v 1.089178 0.707786 -0.438767
v 0.042049 0.573945 -0.802407
v 1.092051 0.748467 -0.737676
v 0.047366 0.647357 -1.010244
v 1.096642 0.811866 -0.925834
v 0.052106 0.712816 -1.059791
v 1.100736 0.868396 -0.970690
v 0.056485 0.773280 -0.992387
v 1.104517 0.920613 -0.909668
v 1.987444 1.043263 -0.691166
v 1.989609 1.073151 -0.454728
v 1.990871 1.090585 -0.194206
v 1.991163 1.094611 0.100591
v 1.989007 1.064836 0.390471
v 1.984837 1.007257 0.595171
v 1.979239 0.929958 0.753795
v 1.976440 0.891309 0.769832
v 1.974412 0.863308 0.676401
v 1.974140 0.858181 0.421905
v 1.974979 0.862914 0.003208
v 1.974026 0.856604 -0.399801
v 1.976126 0.886971 -0.662314
v 1.979553 0.934296 -0.827562
v 1.982609 0.976495 -0.866956
v 1.985432 1.015473 -0.813365
v 2.639201 1.094864 -0.650098
v 2.640835 1.117434 -0.430622
v 2.641789 1.130599 -0.188792
v 2.642009 1.133639 0.084855
v 2.640380 1.111154 0.353938
v 2.637232 1.067674 0.543952
v 2.633005 1.009303 0.691195
v 2.630891 0.980117 0.706082
v 2.629359 0.958972 0.619354
v 2.629079 0.955101 0.383117
v 2.629338 0.958675 -0.005541
v 2.628993 0.953910 -0.379636
v 2.630654 0.976841 -0.623316
v 2.633242 1.012579 -0.776708
v 2.635550 1.044444 -0.813276
v 2.637681 1.073879 -0.763529
v 3.195877 1.132806 -0.603617
v 3.197153 1.150431 -0.403341
v 3.197898 1.160712 -0.182665
v 3.198070 1.163086 0.067045
v 3.196798 1.145527 0.312590
v 3.194339 1.111572 0.485983
v 3.191038 1.065988 0.620346
v 3.189388 1.043196 0.633930
v 3.188192 1.026684 0.554789
v 3.187973 1.023661 0.339217
v 3.188174 1.026451 -0.015443
v 3.187905 1.022730 -0.356815
v 3.189202 1.040638 -0.579179
v 3.191223 1.068547 -0.719152
v 3.193025 1.093432 -0.752522
v 3.194690 1.116418 -0.707127
v 3.697802 1.163628 -0.563727
v 3.698600 1.174656 -0.379927
v 3.699066 1.181089 -0.177406
v 3.699174 1.182574 0.051760
v 3.698378 1.171588 0.277105
v 3.696840 1.150343 0.436232
v 3.694774 1.121822 0.559541
v 3.693741 1.107561 0.572008
v 3.692993 1.097230 0.499377
v 3.692856 1.095338 0.301541
v 3.692983 1.097084 -0.023942
v 3.692814 1.094756 -0.337229
v 3.693625 1.105961 -0.541299
v 3.694890 1.123422 -0.669757
v 3.696018 1.138993 -0.700381
v 3.697059 1.153375 -0.658721
v 4.157231 1.191728 -0.507013
v 4.157785 1.199376 -0.346639
v 4.158108 1.203837 -0.169929
v 4.158183 1.204867 0.030029
v 4.157630 1.197248 0.226653
v 4.156564 1.182514 0.365500
v 4.155131 1.162735 0.473093
v 4.154415 1.152845 0.483971
v 4.153896 1.145679 0.420597
v 4.153801 1.144368 0.247975
v 4.153889 1.145579 -0.036024
v 4.153772 1.143964 -0.309382
v 4.154335 1.151735 -0.487443
v 4.155212 1.163845 -0.599529
v 4.155994 1.174643 -0.626251
v 4.156716 1.184617 -0.589900
v 4.593897 1.189479 -0.365785
v 4.594239 1.194194 -0.263744
v 4.594438 1.196944 -0.151311
v 4.594484 1.197579 -0.024084
v 4.594144 1.192882 0.101020
v 4.593486 1.183799 0.189363
v 4.592603 1.171605 0.257821
v 4.592161 1.165507 0.264742
v 4.591842 1.161090 0.224420
v 4.591783 1.160281 0.114586
v 4.591837 1.161028 -0.066112
v 4.591765 1.160033 -0.240039
v 4.592112 1.164823 -0.353333
v 4.592653 1.172289 -0.424649
v 4.593134 1.178946 -0.441651
v 4.593580 1.185095 -0.418522
v 1.681292 0.890031 0.793320
v 1.446973 0.857538 0.829182
v 1.453822 0.952123 0.656853
v 1.687582 0.976882 0.627510
v 1.675992 0.807612 -0.412532
v 1.441014 0.767779 -0.424084
v 1.450987 0.769116 0.007317
v 1.681353 0.807351 0.002553
v 1.688251 0.986114 -0.844830
v 1.454550 0.962178 -0.873380
v 1.692267 1.041577 0.413538
v 1.458925 1.022580 0.434467
v 1.461563 1.059014 0.119541
v 1.694690 1.075032 0.110526
v 1.676054 0.795851 0.439435
v 1.446482 0.756908 0.460780
v 1.441067 0.775982 0.745101
v 1.675869 0.815145 0.712419
v 1.685079 0.942319 -0.900849
v 1.451096 0.914482 -0.931602
v 1.447357 0.862846 -0.888804
v 1.681645 0.894905 -0.859670
v 1.690512 1.017338 -0.717096
v 1.457013 0.996183 -0.740623
v 1.694362 1.070508 -0.197625
v 1.461206 1.054088 -0.200726
v 1.459661 1.032755 -0.483756
v 1.692944 1.050920 -0.469947
v 1.678148 0.846606 0.810083
v 1.443548 0.810245 0.846604
v 1.677795 0.841732 -0.686937
v 1.443163 0.804937 -0.709279
v 1.548504 0.683129 -0.006172
v 1.661534 0.702105 -0.005607
v 1.653245 0.646013 0.211026
v 1.540020 0.625413 0.216065
v 1.606956 0.567365 -0.133101
v 1.682055 0.579709 -0.130010
v 1.679646 0.511927 0.003794
v 1.604270 0.497717 0.004141
v 1.646182 0.454578 -0.230491
v 1.692163 0.462073 -0.228302
v 1.691852 0.417327 -0.147880
v 1.645826 0.408606 -0.148007
v 1.662359 0.401524 -0.247573
v 1.693344 0.406738 -0.246388
v 1.693241 0.376554 -0.191893
v 1.662252 0.370845 -0.192244
v -0.092161 2.278764 -0.188362
v -0.092161 2.271792 0.163803
v -0.092161 2.254363 0.392955
v -0.092161 2.216540 0.699933
v -0.092161 2.150992 0.979741
v -0.092161 2.042691 1.320193
v -0.074644 1.807056 1.961901
v -0.069079 1.706106 2.324794
v -0.064353 1.648293 2.678905
v -0.059101 1.656007 3.023736
v -0.053582 1.695050 3.386543
v -0.049845 1.754232 3.671482
v -0.053388 1.823436 3.918547
v -0.048374 1.917432 4.129009
v -0.025402 2.075182 4.309169
v -0.006015 2.311650 4.490986
v -0.007318 2.815782 4.895717
v -0.025123 2.920058 5.089822
v -0.032176 2.903049 5.445015
v -0.055461 1.696674 5.182100
v -0.054423 1.356671 5.041395
v -0.041160 1.130116 4.893627
v -0.036603 0.999970 4.684558
v -0.082499 0.814474 3.466044
v -0.092161 0.705994 2.366801
v -0.092161 0.600666 1.305401
v -0.092161 0.576572 0.973703
v -0.092161 0.556939 0.286984
v -0.092161 0.560007 -0.306806
v -0.092161 0.547450 -0.814203
v -0.092161 0.566173 -1.167685
v -0.092161 0.629909 -1.642704
v -0.092161 0.887280 -2.434568
v -0.090585 1.137149 -2.786876
v -0.092033 1.666769 -2.682738
v -0.092161 1.721151 -2.215727
v -0.092161 1.750035 -1.710240
v -0.092161 2.239174 -0.552725
v -0.092161 2.260468 -0.423563
v -0.092161 2.274098 -0.313848
v -0.244082 0.885342 3.037661
v -0.385277 0.698689 0.614002
v -0.385277 0.704205 -1.178201
v -0.294725 0.797053 1.924973
v -0.385277 0.694317 0.076901
v -0.385277 0.713222 0.953329
v -0.385277 0.693528 -0.429138
v -0.654572 1.039104 0.918911
v -0.349326 1.074433 3.058492
v -0.669226 1.042836 -0.430910
v -0.669226 1.048447 0.581920
v -0.469877 1.043074 1.935246
v -0.669226 0.988704 -1.200931
v -0.669226 1.052410 0.044484
v -0.752221 1.383484 0.616651
v -0.559254 1.267784 1.950998
v -0.752221 1.261636 -1.186740
v -0.726134 1.363951 0.940300
v -0.417826 1.244499 3.061528
v -0.567527 1.569167 1.989751
v -0.529748 1.971130 1.138487
v -0.546883 2.060510 0.853964
v -0.440994 1.714979 2.014501
v -0.230956 2.263727 -0.241011
v -0.246609 2.142061 0.959076
v -0.215791 1.786553 2.013392
v -0.232194 2.240293 0.385928
v -0.246609 2.037095 1.291262
v -0.219059 2.257394 0.139207
v -0.669226 1.044485 -0.167557
v -0.385277 0.694410 -0.159524
v -0.092161 0.557497 0.097275
v -0.246609 2.200999 0.689114
v -0.546883 2.097298 0.628567
v -0.752221 1.383859 0.383275
v -0.669226 1.055080 0.357610
v -0.385277 0.695982 0.389089
v -0.092161 0.562517 0.638392
v -0.487406 1.602302 2.339906
v -0.448898 1.571472 2.689537
v -0.318689 1.694653 2.345362
v -0.295673 1.657640 2.685297
v -0.511375 1.245035 2.313046
v -0.420315 1.047838 2.314160
v -0.271305 0.830137 2.342881
v -0.092161 0.737383 2.667613
v -0.533216 1.520448 2.332060
v -0.092161 0.774211 3.020545
v -0.465716 1.237181 2.682310
v -0.384025 1.057044 2.679620
v -0.257088 0.855263 2.673088
v -0.497681 1.383819 2.685731
v -0.235178 1.871920 1.738897
v -0.466474 1.787299 1.707803
v -0.596977 1.633707 1.670157
v -0.619365 1.302789 1.606379
v -0.559127 1.035788 1.571066
v -0.347746 0.761453 1.552864
v -0.092161 0.660902 1.919804
v -0.085036 1.893499 1.723748
v -0.404335 1.565702 3.043813
v -0.438561 1.489917 3.051811
v -0.269161 1.651366 3.028013
v -0.386100 1.404883 3.435132
v -0.365491 1.266744 3.452338
v -0.312891 1.099593 3.460782
v -0.324353 1.450446 3.811864
v -0.315067 1.307779 3.851998
v -0.290701 1.128016 3.874449
v -0.304131 1.530115 4.157391
v -0.310142 1.396664 4.220068
v -0.281386 1.211206 4.297945
v -0.293011 1.685527 4.433486
v -0.297176 1.579741 4.513546
v -0.254764 1.427714 4.647430
v -0.251133 1.933400 4.642063
v -0.249216 1.861383 4.735732
v -0.220687 1.760322 4.881538
v -0.209609 2.244353 4.809175
v -0.213796 2.205473 4.907836
v -0.191495 2.145088 5.053333
v -0.155835 2.566302 4.950336
v -0.164102 2.552362 5.051890
v -0.151466 2.522030 5.193734
v -0.354899 1.584177 3.393565
v -0.239584 1.672949 3.362331
v -0.211683 1.716585 3.675423
v -0.266440 1.679456 3.698481
v -0.269172 1.688117 4.048233
v -0.191830 1.775935 3.968066
v -0.174961 1.874199 4.209594
v -0.212953 1.847951 4.251202
v -0.179642 2.028983 4.439971
v -0.134783 2.044341 4.395281
v -0.083300 2.288422 4.567301
v -0.122712 2.279353 4.607921
v -0.113205 2.554315 4.809420
v -0.054894 2.550407 4.726354
v -0.100513 2.774858 5.035418
v -0.065685 2.723167 4.878488
v -0.033907 2.939436 5.207602
v -0.037641 2.937177 5.345811
v -0.079978 2.874744 5.181740
v -0.085688 2.869105 5.320698
v -0.035597 2.735572 5.460742
v -0.090044 2.746843 5.399247
v -0.042810 2.491512 5.406571
v -0.113810 2.500633 5.326426
v -0.049840 2.100902 5.304749
v -0.137094 2.108038 5.204221
v -0.154675 1.701952 5.055110
v -0.161318 1.348991 4.862209
v -0.116938 1.104209 4.706239
v -0.047934 0.902745 4.295276
v -0.169070 1.024262 4.301619
v -0.084365 2.761397 4.963781
v -0.139489 2.565738 4.885266
v -0.192629 2.260639 4.746306
v -0.239573 1.970800 4.581617
v -0.279646 1.745739 4.380980
v -0.302250 1.613842 4.104466
v -0.331501 1.550205 3.767384
v -0.383021 1.508593 3.414129
v -0.445185 1.384270 3.058142
v -0.623776 1.498101 1.639700
v -0.488982 1.493690 2.688646
v -0.544299 1.403459 2.321896
v -0.752221 1.528675 0.439883
v -0.724240 1.547797 0.996706
v -0.733195 1.510769 -1.084121
v -0.584018 1.443021 1.971146
v -0.752221 1.532370 0.677692
v -0.015995 2.891137 5.004999
v -0.300034 2.228010 -0.524304
v -0.669226 1.008124 -0.753984
v -0.385277 0.684295 -0.735300
v -0.092161 0.553887 -0.603939
v -0.752221 1.522811 0.287265
v -0.385277 0.694507 0.262594
v -0.669226 1.059464 0.219935
v -0.752221 1.380960 0.228239
v -0.752221 1.717728 0.362368
v -0.546883 2.107806 0.496680
v -0.246609 2.220151 0.550592
v -0.092161 0.558947 0.413479
v -0.092161 2.235131 0.562822
v -0.662819 1.964927 0.445876
v -0.050239 2.682318 4.814332
v -0.084942 2.539865 4.753256
v -0.159481 2.273384 4.668306
v -0.212410 2.006184 4.502881
v -0.246655 1.806378 4.309653
v -0.231093 1.740844 4.001784
v -0.307550 1.625420 3.729810
v -0.306485 1.637475 3.375280
v -0.347249 1.618048 3.035233
v -0.543561 1.725628 1.691963
v -0.383583 1.624503 2.688132
v -0.414791 1.657997 2.344262
v -0.517485 1.656025 2.004229
v -0.015493 2.719141 4.810419
v -0.414623 2.171182 0.522494
v -0.045900 2.841272 4.989934
v -0.071812 2.849062 5.427367
v -0.029417 2.838091 5.475797
v -0.111868 2.764579 5.282175
v -0.112790 2.777620 5.142623
v -0.027521 2.781982 4.889524
v -0.063841 2.862934 5.068754
v -0.015658 2.572413 4.704029
v -0.032166 2.300663 4.524709
v -0.074114 2.060455 4.347142
v -0.119194 1.898904 4.164730
v -0.135122 1.804178 3.937174
v -0.139567 1.741239 3.662887
v -0.154222 1.692505 3.360710
v -0.171551 1.665593 3.024329
v -0.362078 1.834363 1.725862
v -0.187422 1.669303 2.681655
v -0.201262 1.712827 2.339856
v -0.414623 2.159080 0.659933
v -0.401499 2.016094 1.209110
v -0.340106 1.757014 2.021073
v -0.414623 2.113901 0.903333
v -0.092161 0.559505 -0.420409
v -0.248530 2.259916 -0.312262
v -0.669226 1.034609 -0.507312
v -0.385277 0.691344 -0.501541
v -0.385277 0.687925 -0.614915
v -0.669226 1.021752 -0.626949
v -0.276048 2.249052 -0.408124
v -0.092161 0.557316 -0.491936
v -0.385277 0.694487 -0.317141
v -0.669226 1.045897 -0.319778
v -0.221620 2.262275 -0.090479
v -0.092161 0.559003 -0.145174
v -0.092161 2.276440 -0.015632
v -0.380962 1.913756 1.480320
v -0.577794 1.795485 1.420474
v -0.671261 1.542085 1.329296
v -0.092161 1.957815 1.559555
v -0.385277 0.734931 1.284776
v -0.629178 1.031801 1.263906
v -0.677426 1.333785 1.286347
v -0.637708 1.688953 1.388632
v -0.496498 1.866541 1.429642
v -0.246609 1.946815 1.537077
v -0.092161 0.624760 1.551162
v -0.349910 1.729641 -1.663218
v -0.324068 1.698081 -2.172292
v -0.360649 1.612302 -2.552885
v -0.554313 1.590882 -2.095379
v -0.593694 1.672090 -1.557662
v -0.658238 1.471854 -1.986777
v -0.678688 1.620900 -1.471980
v -0.703614 1.569390 -1.372422
v -0.707467 1.353907 -1.712189
v -0.557625 1.296339 -2.398158
v -0.335614 1.092927 -2.573195
v -0.632126 1.119650 -1.961271
v -0.377670 0.896113 -2.106648
v -0.383756 0.762630 -1.623822
v -0.380713 0.830915 -1.877194
v -0.661806 1.015349 -1.593383
v -0.646966 1.071215 -1.777072
v -0.743271 1.263755 -1.513991
v -0.725369 1.312049 -1.613090
v -0.721743 1.527779 -1.300016
v -0.712678 1.548809 -1.336219
v -0.419666 1.263548 -2.584160
v -0.267212 1.230400 -2.764928
v -0.375243 1.431563 -2.683374
v -0.092161 0.998917 -2.644273
v -0.361601 0.973426 -2.348837
v -0.601309 1.188056 -2.165713
v -0.692284 1.592804 -1.417675
v -0.685090 1.404093 -1.836691
v -0.092161 0.806066 -2.166951
v -0.385277 0.681509 -0.827753
v -0.669226 0.997684 -0.851544
v -0.312005 2.202010 -0.636063
v -0.092161 2.214519 -0.676563
v -0.092161 0.550246 -0.722869
v -0.762496 1.285171 -0.312247
v -0.762496 1.202934 -0.858647
v -0.762535 1.288272 -0.901825
v -0.762304 1.383688 0.169594
v -0.750566 1.502265 -0.879405
v -0.761751 1.515971 0.229613
v -0.644870 1.969296 -0.705478
v -0.671477 1.971145 0.411179
v -0.498172 2.156016 -0.624883
v -0.762496 1.295800 0.029729
v -0.426745 2.170910 0.480872
v -0.726907 1.751360 -0.803893
v -0.761117 1.717935 0.318353
v -0.762496 1.243791 -0.629131
v -0.762496 1.281496 -0.161334
v -0.552574 2.098556 -0.638330
v -0.555814 2.107445 0.458818
v -0.454512 2.186390 -0.589975
v -0.275732 2.245497 -0.092335
v -0.295990 2.223755 0.374571
v -0.383128 2.234098 -0.389281
v -0.762496 1.280422 -0.424759
v -0.293998 2.246098 -0.243158
v -0.762496 1.266095 -0.504602
v -0.328432 2.242849 -0.307202
v -0.270586 2.240283 0.138294
v -0.762496 1.220152 -0.761360
v -0.431215 2.212910 -0.493149
v -0.063176 0.842126 3.850330
v -0.220336 0.921760 3.459575
v -0.194733 0.951884 3.851967
v -0.490206 1.343875 4.220153
v -0.468222 1.349520 4.345782
v -0.440967 1.349703 4.481600
v -0.405669 1.339769 4.627750
v -0.368932 1.317680 4.745495
v -0.332645 1.285188 4.830592
v -0.309278 1.259391 4.871129
v -0.306434 1.247306 4.849903
v -0.320632 1.243146 4.767269
v -0.359011 1.250367 4.597892
v -0.405168 1.256488 4.386687
v -0.443603 1.266045 4.223862
v -0.476044 1.286874 4.123756
v -0.497437 1.307123 4.076789
v -0.505263 1.323486 4.085794
v -0.503471 1.335326 4.129313
v -0.779913 1.252138 4.907616
v -0.772466 1.196845 4.810748
v -0.895628 1.257470 4.473647
v -0.840633 1.278723 4.733920
v -0.727852 1.194115 4.976530
v -0.882542 1.274143 4.561961
v -0.871342 1.227297 4.498741
v -0.749564 1.225318 4.963701
v -0.811583 1.202061 4.671797
v -0.810796 1.270422 4.830090
v -0.739972 1.190759 4.922187
v -0.889219 1.244007 4.467778
v -0.893934 1.267181 4.502234
v -0.863786 1.278685 4.644581
v -0.730092 1.204046 4.990451
v -0.844091 1.210065 4.564659
v -1.162464 1.274143 4.810237
v -1.019894 1.190759 5.012912
v -1.143708 1.278685 4.856722
v -1.173856 1.267181 4.776633
v -1.052387 1.196845 4.950212
v -1.120555 1.278723 4.906986
v -1.091505 1.202061 4.872034
v -1.090718 1.270422 4.961095
v -1.124012 1.210065 4.811755
v -1.059835 1.252138 5.004714
v -1.151264 1.227297 4.774667
v -1.029485 1.225318 5.036269
v -1.169141 1.244007 4.757247
v -1.010014 1.204046 5.051320
v -1.175550 1.257470 4.760549
v -1.007774 1.194115 5.043487
v -0.078000 0.620709 -2.225638
v -0.091588 0.613503 -1.860183
v -0.183749 0.676511 -1.980849
v -0.091588 0.727504 -2.074936
v -0.116373 0.461628 -2.427314
v 0.000573 0.551518 -2.143245
v -0.156572 0.565307 -2.161717
v -0.077999 0.496116 -2.079325
v -0.048423 0.358454 -2.563589
v -0.058187 0.503585 -2.458435
v -0.058186 0.408885 -2.386902
v -0.045458 0.366234 -2.621626
v -0.096846 0.394724 -2.589635
v -0.048423 0.423556 -2.609664
v 0.006015 2.311650 4.490986
v 0.007317 2.815782 4.895717
v -0.186283 1.495316 -2.858397
v -0.083571 1.610158 -2.853393
v -0.080936 1.225423 -2.867523
v -0.183648 1.304820 -2.866380
v -0.574339 2.145953 -0.223760
v -0.573978 2.123183 0.159549
v -0.785509 1.529937 -0.038118
v -0.786298 1.527281 -0.348008
v -0.784329 1.527453 -0.720292
v -0.573438 2.121610 -0.488630
v -0.760481 1.777340 -0.653571
v -0.672312 2.006335 -0.554999
v -0.785832 1.527314 -0.436288
v -0.574126 2.139275 -0.282985
v -0.573792 2.128817 -0.375725
v -0.785103 1.527499 -0.574525
v -0.786177 1.528265 -0.217734
v -0.574284 2.140404 -0.077891
v -0.796253 1.439012 -0.239484
v -0.536928 2.172183 -0.075483
v -0.568192 2.117981 0.291811
v -0.765876 1.739537 0.168038
v -0.786845 1.520880 0.062405
v -0.796253 1.414249 -0.590257
v -0.538315 2.162368 -0.363811
v -0.676858 1.988291 0.266713
v -0.796253 1.431489 -0.365013
v -0.537005 2.178342 -0.218489
v -0.796772 1.445758 -0.064441
v -0.796253 1.424160 -0.452726
v -0.537471 2.172127 -0.275452
v -0.537494 2.154404 0.163986
v -0.796043 1.402740 -0.745139
v -0.539434 2.159873 -0.475505
v -0.668258 2.005933 -0.620438
v -0.758000 1.780107 -0.719445
v -0.565918 2.128707 -0.551586
v -0.783549 1.519882 -0.790836
v -0.796253 1.371731 -0.395656
v -0.796365 1.401137 0.062915
v -0.779573 1.740031 0.239946
v -0.567880 2.125565 0.371747
v -0.796772 1.380147 -0.110689
v -0.790807 1.528226 0.141848
v -0.796043 1.326103 -0.758858
v -0.687050 1.990911 0.335731
v -0.495065 2.195374 -0.482423
v -0.410208 2.206423 0.153866
v -0.428025 2.194891 0.367023
v -0.421505 2.221186 -0.227482
v -0.439063 2.216480 -0.286511
v -0.796253 1.360411 -0.479851
v -0.796253 1.344303 -0.610880
v -0.468311 2.206956 -0.371713
v -0.412405 2.217690 -0.082651
v -0.796253 1.378443 -0.275794
v -0.512410 2.181281 -0.568734
v -0.670770 1.996623 -0.659674
v -0.796126 1.321440 -0.850657
v -0.758656 1.774714 -0.758320
v -0.567807 2.125129 -0.589778
v -0.783626 1.515937 -0.832334
v 0.092161 2.278764 -0.188362
v 0.092161 2.271792 0.163803
v 0.092161 2.254363 0.392955
v 0.092161 2.216540 0.699933
v 0.092161 2.150992 0.979741
v 0.092161 2.042691 1.320193
v 0.074644 1.807056 1.961901
v 0.069079 1.706106 2.324794
v 0.064353 1.648293 2.678905
v 0.059101 1.656007 3.023736
v 0.053581 1.695050 3.386544
v 0.049844 1.754232 3.671482
v 0.053388 1.823436 3.918547
v 0.048374 1.917432 4.129009
v 0.025402 2.075182 4.309169
v 0.025123 2.920058 5.089822
v 0.032176 2.903049 5.445015
v 0.055461 1.696674 5.182100
v 0.054422 1.356671 5.041395
v 0.041160 1.130116 4.893627
v 0.036602 0.999970 4.684558
v 0.082499 0.814474 3.466044
v 0.092161 0.705994 2.366801
v 0.092161 0.600666 1.305401
v 0.092161 0.576572 0.973703
v 0.092161 0.556939 0.286984
v 0.092161 0.560007 -0.306806
v 0.092161 0.547450 -0.814203
v 0.092161 0.566173 -1.167685
v 0.092161 0.629909 -1.642704
v 0.092161 0.887280 -2.434568
v 0.090584 1.137149 -2.786876
v 0.092033 1.666769 -2.682738
v 0.092161 1.721151 -2.215727
v 0.092161 1.750035 -1.710240
v 0.092161 2.239174 -0.552725
v 0.092161 2.260468 -0.423563
v 0.092161 2.274098 -0.313848
v 0.244082 0.885342 3.037661
v 0.385277 0.698689 0.614002
v 0.385277 0.704205 -1.178201
v 0.294725 0.797053 1.924973
v 0.385277 0.694317 0.076901
v 0.385277 0.713222 0.953329
v 0.385277 0.693528 -0.429138
v 0.654572 1.039104 0.918911
v 0.349325 1.074433 3.058491
v 0.669226 1.042836 -0.430910
v 0.669226 1.048447 0.581920
v 0.469877 1.043074 1.935246
v 0.669226 0.988704 -1.200931
v 0.669226 1.052410 0.044484
v 0.752221 1.383484 0.616651
v 0.559254 1.267784 1.950998
v 0.752221 1.261636 -1.186740
v 0.726134 1.363951 0.940300
v 0.417826 1.244499 3.061528
v 0.567526 1.569167 1.989751
v 0.529748 1.971130 1.138487
v 0.546883 2.060510 0.853964
v 0.440994 1.714979 2.014501
v 0.230955 2.263727 -0.241011
v 0.246609 2.142061 0.959076
v 0.215791 1.786553 2.013392
v 0.232194 2.240293 0.385928
v 0.246609 2.037095 1.291262
v 0.219059 2.257394 0.139207
v 0.669226 1.044485 -0.167557
v 0.385277 0.694410 -0.159524
v 0.092161 0.557497 0.097275
v 0.246609 2.200999 0.689114
v 0.546883 2.097298 0.628567
v 0.752221 1.383859 0.383275
v 0.669226 1.055080 0.357610
v 0.385277 0.695982 0.389089
v 0.092161 0.562517 0.638392
v 0.487406 1.602302 2.339906
v 0.448898 1.571472 2.689537
v 0.318689 1.694652 2.345362
v 0.295673 1.657640 2.685297
v 0.511375 1.245035 2.313045
v 0.420315 1.047838 2.314160
v 0.271304 0.830137 2.342881
v 0.092161 0.737383 2.667613
v 0.533216 1.520448 2.332060
v 0.092161 0.774211 3.020545
v 0.465716 1.237181 2.682310
v 0.384024 1.057044 2.679620
v 0.257088 0.855263 2.673088
v 0.497681 1.383819 2.685731
v 0.235178 1.871920 1.738897
v 0.466473 1.787299 1.707803
v 0.596977 1.633707 1.670157
v 0.619365 1.302789 1.606379
v 0.559127 1.035788 1.571066
v 0.347745 0.761453 1.552864
v 0.092161 0.660902 1.919804
v 0.085036 1.893499 1.723748
v 0.404335 1.565702 3.043813
v 0.438561 1.489918 3.051811
v 0.269160 1.651366 3.028013
v 0.386099 1.404883 3.435132
v 0.365491 1.266744 3.452338
v 0.312890 1.099593 3.460782
v 0.324353 1.450446 3.811864
v 0.315067 1.307779 3.851998
v 0.290701 1.128016 3.874449
v 0.304131 1.530115 4.157391
v 0.310142 1.396664 4.220068
v 0.281385 1.211206 4.297945
v 0.293011 1.685527 4.433486
v 0.297176 1.579741 4.513546
v 0.254764 1.427714 4.647430
v 0.251133 1.933400 4.642063
v 0.249216 1.861383 4.735732
v 0.220686 1.760322 4.881538
v 0.209609 2.244353 4.809175
v 0.213796 2.205473 4.907836
v 0.191495 2.145088 5.053333
v 0.155835 2.566302 4.950336
v 0.164102 2.552362 5.051890
v 0.151466 2.522030 5.193734
v 0.354899 1.584177 3.393565
v 0.239584 1.672949 3.362330
v 0.211683 1.716585 3.675423
v 0.266440 1.679456 3.698481
v 0.269172 1.688117 4.048234
v 0.191830 1.775935 3.968066
v 0.174961 1.874199 4.209594
v 0.212953 1.847951 4.251202
v 0.179642 2.028983 4.439971
v 0.134783 2.044341 4.395281
v 0.083299 2.288422 4.567301
v 0.122712 2.279353 4.607921
v 0.113205 2.554315 4.809420
v 0.054894 2.550407 4.726354
v 0.100513 2.774858 5.035418
v 0.065685 2.723166 4.878488
v 0.033907 2.939436 5.207602
v 0.037640 2.937177 5.345811
v 0.079978 2.874744 5.181740
v 0.085688 2.869105 5.320698
v 0.035597 2.735572 5.460742
v 0.090044 2.746843 5.399247
v 0.042809 2.491512 5.406571
v 0.113810 2.500633 5.326426
v 0.049840 2.100902 5.304749
v 0.137094 2.108038 5.204221
v 0.154675 1.701952 5.055110
v 0.161318 1.348991 4.862209
v 0.116938 1.104209 4.706239
v 0.047934 0.902745 4.295276
v 0.169070 1.024262 4.301619
v 0.084365 2.761397 4.963781
v 0.139488 2.565738 4.885266
v 0.192629 2.260639 4.746306
v 0.239573 1.970800 4.581617
v 0.279646 1.745739 4.380980
v 0.302250 1.613842 4.104466
v 0.331501 1.550205 3.767384
v 0.383021 1.508593 3.414129
v 0.445185 1.384270 3.058142
v 0.623776 1.498101 1.639700
v 0.488982 1.493690 2.688646
v 0.544299 1.403459 2.321896
v 0.752221 1.528675 0.439883
v 0.724240 1.547797 0.996706
v 0.733195 1.510769 -1.084122
v 0.584018 1.443021 1.971146
v 0.752221 1.532370 0.677692
v 0.015995 2.891137 5.004999
v 0.300034 2.228010 -0.524304
v 0.669226 1.008124 -0.753984
v 0.385277 0.684295 -0.735301
v 0.092161 0.553887 -0.603939
v 0.752221 1.522811 0.287265
v 0.385277 0.694507 0.262594
v 0.669226 1.059464 0.219935
v 0.752221 1.380960 0.228239
v 0.752221 1.717728 0.362368
v 0.546883 2.107806 0.496680
v 0.246609 2.220151 0.550592
v 0.092161 0.558947 0.413479
v 0.092161 2.235131 0.562822
v 0.662818 1.964927 0.445876
v 0.050239 2.682318 4.814332
v 0.084942 2.539866 4.753256
v 0.159481 2.273384 4.668306
v 0.212410 2.006184 4.502881
v 0.246655 1.806378 4.309653
v 0.231093 1.740844 4.001785
v 0.307549 1.625420 3.729810
v 0.306484 1.637475 3.375280
v 0.347248 1.618048 3.035233
v 0.543561 1.725628 1.691963
v 0.383583 1.624503 2.688132
v 0.414791 1.657997 2.344262
v 0.517484 1.656025 2.004229
v 0.001566 2.736816 4.808999
v 0.015493 2.719141 4.810419
v 0.414623 2.171182 0.522494
v 0.045900 2.841273 4.989934
v 0.071812 2.849062 5.427367
v 0.029417 2.838091 5.475797
v 0.111868 2.764579 5.282175
v 0.112790 2.777620 5.142623
v 0.027521 2.781982 4.889524
v 0.063841 2.862934 5.068754
v 0.015657 2.572413 4.704029
v 0.032166 2.300663 4.524709
v 0.074113 2.060455 4.347142
v 0.119193 1.898904 4.164730
v 0.135122 1.804178 3.937174
v 0.139567 1.741239 3.662887
v 0.154222 1.692505 3.360711
v 0.171551 1.665593 3.024329
v 0.362077 1.834363 1.725862
v 0.187422 1.669303 2.681655
v 0.201261 1.712827 2.339856
v 0.414623 2.159080 0.659933
v 0.401499 2.016094 1.209110
v 0.340106 1.757014 2.021073
v 0.414623 2.113901 0.903333
v 0.092161 0.559505 -0.420409
v 0.248529 2.259916 -0.312262
v 0.669226 1.034609 -0.507312
v 0.385277 0.691344 -0.501541
v 0.385277 0.687925 -0.614915
v 0.669226 1.021752 -0.626949
v 0.276048 2.249052 -0.408124
v 0.092161 0.557316 -0.491936
v 0.385277 0.694488 -0.317141
v 0.669226 1.045897 -0.319778
v 0.221620 2.262275 -0.090479
v 0.092161 0.559003 -0.145174
v 0.092161 2.276440 -0.015632
v 0.380961 1.913756 1.480320
v 0.577794 1.795485 1.420474
v 0.671261 1.542085 1.329296
v 0.092161 1.957815 1.559555
v 0.385277 0.734931 1.284776
v 0.629178 1.031801 1.263906
v 0.677425 1.333785 1.286347
v 0.637708 1.688953 1.388632
v 0.496498 1.866541 1.429642
v 0.246609 1.946815 1.537077
v 0.092161 0.624760 1.551162
v 0.349910 1.729641 -1.663218
v 0.324068 1.698081 -2.172292
v 0.360649 1.612302 -2.552885
v 0.554312 1.590882 -2.095379
v 0.593693 1.672090 -1.557662
v 0.658238 1.471854 -1.986777
v 0.678688 1.620900 -1.471980
v 0.703614 1.569390 -1.372422
v 0.707467 1.353907 -1.712189
v 0.557625 1.296339 -2.398158
v 0.335613 1.092927 -2.573195
v 0.632126 1.119650 -1.961271
v 0.377670 0.896113 -2.106648
v 0.383755 0.762630 -1.623822
v 0.380713 0.830915 -1.877194
v 0.661806 1.015349 -1.593383
v 0.646966 1.071215 -1.777072
v 0.743270 1.263755 -1.513991
v 0.725369 1.312049 -1.613090
v 0.721743 1.527779 -1.300016
v 0.712678 1.548809 -1.336219
v 0.419666 1.263548 -2.584160
v 0.267212 1.230400 -2.764928
v 0.375243 1.431563 -2.683374
v 0.092161 0.998917 -2.644272
v 0.361601 0.973426 -2.348837
v 0.601309 1.188056 -2.165712
v 0.692284 1.592804 -1.417675
v 0.685090 1.404093 -1.836691
v 0.092161 0.806066 -2.166951
v 0.385277 0.681509 -0.827753
v 0.669226 0.997684 -0.851544
v 0.312005 2.202010 -0.636063
v 0.092161 2.214519 -0.676564
v 0.092161 0.550246 -0.722869
v 0.762496 1.285171 -0.312247
v 0.762496 1.202934 -0.858647
v 0.762535 1.288272 -0.901825
v 0.762304 1.383688 0.169594
v 0.750566 1.502265 -0.879405
v 0.761751 1.515971 0.229613
v 0.644870 1.969296 -0.705477
v 0.671477 1.971145 0.411179
v 0.498172 2.156016 -0.624883
v 0.762496 1.295800 0.029729
v 0.426745 2.170910 0.480872
v 0.726907 1.751360 -0.803893
v 0.761117 1.717935 0.318353
v 0.762496 1.243791 -0.629131
v 0.762496 1.281496 -0.161334
v 0.552574 2.098556 -0.638330
v 0.555814 2.107446 0.458818
v 0.454512 2.186390 -0.589975
v 0.275732 2.245497 -0.092335
v 0.295990 2.223755 0.374571
v 0.383127 2.234098 -0.389281
v 0.762496 1.280422 -0.424759
v 0.293998 2.246098 -0.243158
v 0.762496 1.266095 -0.504603
v 0.328432 2.242849 -0.307202
v 0.270586 2.240283 0.138294
v 0.762496 1.220152 -0.761360
v 0.431215 2.212911 -0.493149
v 0.063176 0.842126 3.850330
v 0.220335 0.921760 3.459575
v 0.194733 0.951884 3.851967
v 0.490206 1.343875 4.220153
v 0.468222 1.349520 4.345782
v 0.440967 1.349703 4.481600
v 0.405669 1.339769 4.627749
v 0.368932 1.317680 4.745495
v 0.332644 1.285188 4.830592
v 0.309278 1.259391 4.871129
v 0.306434 1.247306 4.849903
v 0.320632 1.243146 4.767269
v 0.359010 1.250367 4.597892
v 0.405168 1.256488 4.386687
v 0.443603 1.266045 4.223862
v 0.476044 1.286874 4.123756
v 0.497437 1.307123 4.076789
v 0.505263 1.323486 4.085794
v 0.503471 1.335326 4.129313
v 0.779913 1.252138 4.907616
v 0.772466 1.196845 4.810748
v 0.895628 1.257470 4.473647
v 0.840633 1.278723 4.733920
v 0.727852 1.194115 4.976530
v 0.882542 1.274143 4.561961
v 0.871342 1.227297 4.498741
v 0.749563 1.225318 4.963701
v 0.811583 1.202061 4.671797
v 0.810796 1.270422 4.830090
v 0.739972 1.190759 4.922187
v 0.889219 1.244007 4.467778
v 0.893934 1.267181 4.502234
v 0.863786 1.278685 4.644581
v 0.730092 1.204046 4.990451
v 0.844091 1.210065 4.564659
v 1.162464 1.274143 4.810237
v 1.019894 1.190759 5.012912
v 1.143708 1.278685 4.856722
v 1.173855 1.267181 4.776633
v 1.052387 1.196845 4.950212
v 1.120555 1.278723 4.906987
v 1.091505 1.202061 4.872034
v 1.090717 1.270422 4.961095
v 1.124012 1.210065 4.811755
v 1.059835 1.252138 5.004714
v 1.151264 1.227297 4.774667
v 1.029485 1.225318 5.036268
v 1.169140 1.244007 4.757246
v 1.010013 1.204046 5.051319
v 1.175550 1.257470 4.760549
v 1.007774 1.194115 5.043487
v 0.078000 0.620709 -2.225638
v 0.091588 0.613503 -1.860183
v 0.183749 0.676511 -1.980849
v 0.091588 0.727504 -2.074936
v 0.116373 0.461628 -2.427314
v 0.156572 0.565307 -2.161717
v 0.077999 0.496116 -2.079325
v 0.048423 0.358454 -2.563589
v 0.058187 0.503585 -2.458436
v 0.058186 0.408885 -2.386902
v 0.045458 0.366234 -2.621626
v 0.096846 0.394724 -2.589635
v 0.048423 0.423556 -2.609664
v -0.000000 2.584203 4.687467
v -0.001566 2.736816 4.808999
v -0.000000 0.450842 -2.418024
v -0.000000 0.387286 -2.583618
v 0.186283 1.495316 -2.858397
v 0.083571 1.610158 -2.853393
v 0.080936 1.225423 -2.867523
v 0.183648 1.304820 -2.866380
v 0.574339 2.145953 -0.223760
v 0.573978 2.123183 0.159549
v 0.785509 1.529936 -0.038118
v 0.786298 1.527281 -0.348008
v 0.784329 1.527453 -0.720292
v 0.573438 2.121610 -0.488630
v 0.760481 1.777340 -0.653571
v 0.672312 2.006335 -0.554999
v 0.785832 1.527314 -0.436288
v 0.574126 2.139275 -0.282985
v 0.573792 2.128817 -0.375726
v 0.785103 1.527499 -0.574525
v 0.786177 1.528265 -0.217734
v 0.574284 2.140404 -0.077891
v 0.796253 1.439012 -0.239484
v 0.536928 2.172183 -0.075483
v 0.568192 2.117981 0.291811
v 0.765876 1.739537 0.168038
v 0.786845 1.520880 0.062405
v 0.796253 1.414249 -0.590257
v 0.538315 2.162368 -0.363811
v 0.676858 1.988291 0.266713
v 0.796253 1.431489 -0.365013
v 0.537005 2.178342 -0.218489
v 0.796771 1.445758 -0.064441
v 0.796253 1.424160 -0.452726
v 0.537471 2.172127 -0.275452
v 0.537494 2.154404 0.163986
v 0.796043 1.402740 -0.745139
v 0.539434 2.159873 -0.475505
v 0.668258 2.005933 -0.620438
v 0.757999 1.780107 -0.719445
v 0.565918 2.128707 -0.551586
v 0.783549 1.519882 -0.790836
v 0.796253 1.371731 -0.395656
v 0.796365 1.401137 0.062915
v 0.779573 1.740031 0.239946
v 0.567880 2.125565 0.371747
v 0.796771 1.380147 -0.110689
v 0.790807 1.528226 0.141848
v 0.796043 1.326103 -0.758858
v 0.687050 1.990911 0.335731
v 0.495065 2.195374 -0.482423
v 0.410207 2.206423 0.153866
v 0.428025 2.194891 0.367023
v 0.421505 2.221186 -0.227482
v 0.439062 2.216480 -0.286511
v 0.796253 1.360411 -0.479851
v 0.796253 1.344303 -0.610880
v 0.468311 2.206956 -0.371713
v 0.412405 2.217690 -0.082651
v 0.796253 1.378443 -0.275794
v 0.512410 2.181281 -0.568734
v 0.670770 1.996623 -0.659674
v 0.796126 1.321440 -0.850657
v 0.758656 1.774714 -0.758320
v 0.567807 2.125129 -0.589778
v 0.783626 1.515937 -0.832334
v -0.000000 2.278764 -0.164295
v -0.092161 2.277597 -0.261240
v -0.172940 2.275004 -0.225591
v -0.092161 2.278183 -0.103673
v -0.092161 2.266273 0.265950
v -0.000000 2.276440 0.020469
v -0.169966 2.268193 0.145621
v -0.092161 2.242002 0.505139
v -0.000000 2.254363 0.392955
v -0.173250 2.250845 0.391198
v -0.092161 2.192920 0.823223
v -0.000000 2.235131 0.562822
v -0.176854 2.212654 0.697228
v -0.092161 2.098376 1.151420
v -0.000000 2.150140 0.979741
v -0.176854 2.149611 0.974575
v -0.092161 1.992863 1.463694
v -0.000000 2.040877 1.320193
v -0.176854 2.043107 1.312960
v -0.071620 1.756926 2.125625
v -0.000000 1.955890 1.559555
v -0.147253 1.797621 1.995844
v -0.066748 1.666071 2.521767
v -0.000000 1.700697 2.319809
v -0.136665 1.713196 2.333544
v -0.061826 1.646897 2.833723
v -0.000000 1.637900 2.678517
v -0.127297 1.663939 2.679981
v -0.056309 1.672949 3.218243
v -0.000000 1.650219 3.023772
v -0.116764 1.664191 3.023848
v -0.051300 1.722186 3.535376
v -0.000000 1.693459 3.397847
v -0.105533 1.696005 3.368781
v -0.050209 1.788783 3.798118
v -0.000000 1.756212 3.676913
v -0.097198 1.749004 3.663902
v -0.054427 1.864287 4.029824
v -0.000327 1.832521 3.910879
v -0.100352 1.814079 3.927038
v -0.037831 1.986516 4.220618
v -0.000327 1.927360 4.109920
v -0.090102 1.907836 4.147484
v -0.013870 2.183527 4.398134
v -0.000000 2.079558 4.299106
v -0.050281 2.067124 4.328725
v -0.000000 2.390018 4.546140
v -0.000000 2.313800 4.485008
v -0.015561 2.305678 4.508384
v -0.000000 2.709851 4.785967
v -0.000000 2.587833 4.679183
v -0.000000 2.578035 4.697405
v -0.011580 2.865067 4.956472
v -0.000000 2.738158 4.809010
v -0.016446 2.801334 4.893117
v -0.029637 2.932133 5.140472
v 0.000838 2.911389 5.010369
v -0.047364 2.893541 5.080200
v -0.028962 2.873334 5.470892
v -0.000000 2.953779 5.213281
v -0.058173 2.881506 5.436991
v -0.056159 1.515091 5.114161
v -0.000000 2.839318 5.479370
v -0.105339 1.695768 5.132463
v -0.049630 1.226613 4.966863
v -0.003477 1.365830 5.085880
v -0.106619 1.350171 4.974356
v -0.034866 1.057722 4.805066
v -0.000429 1.134437 4.925930
v -0.080470 1.121480 4.830628
v -0.042311 0.950448 4.518998
v -0.000000 0.991449 4.696269
v -0.074988 1.034551 4.678269
v -0.089746 0.797495 3.258598
v -0.000000 0.886877 4.312544
v -0.158208 0.850416 3.459659
v -0.092161 0.684222 2.154433
v -0.000000 0.767478 3.020545
v -0.183028 0.743763 2.360821
v -0.092161 0.588619 1.161036
v -0.000000 0.654169 1.919804
v -0.211521 0.640965 1.300245
v -0.092161 0.567034 0.785467
v -0.000000 0.569839 0.973703
v -0.211521 0.617467 0.968610
v -0.092161 0.556856 0.225518
v -0.000000 0.555784 0.638392
v -0.211521 0.598064 0.280887
v -0.092161 0.560132 -0.375615
v -0.000000 0.550764 0.097275
v -0.211521 0.600360 -0.309390
v -0.092161 0.551432 -0.925407
v -0.000000 0.552772 -0.420409
v -0.211521 0.587698 -0.817590
v -0.092161 0.592167 -1.440347
v -0.000000 0.559619 -1.166996
v -0.211521 0.607235 -1.171003
v -0.092018 0.647616 -1.780675
v -0.000000 0.625527 -1.638517
v -0.211140 0.667472 -1.642170
v -0.092018 0.767507 -2.079385
v -0.233277 0.739700 -1.933444
v -0.092161 0.936878 -2.556240
v -0.000000 0.804388 -2.162525
v -0.087384 1.194205 -2.842734
v -0.089854 1.634345 -2.805397
v -0.199105 1.024753 -2.626704
v -0.092129 1.698636 -2.485989
v -0.000000 1.666061 -2.682734
v -0.205204 1.653860 -2.650277
v -0.092161 1.737291 -1.935845
v -0.000000 1.721133 -2.215721
v -0.196218 1.715401 -2.204873
v -0.000000 1.750026 -1.710237
v -0.202679 1.744945 -1.698488
v -0.092161 2.202191 -0.738483
v -0.092161 2.250661 -0.489475
v -0.000000 2.214519 -0.676563
v -0.190210 2.236383 -0.545620
v -0.092161 2.268358 -0.362513
v -0.000000 2.260468 -0.423563
v -0.184214 2.257614 -0.419703
v -0.000000 2.274098 -0.313848
v -0.177334 2.270553 -0.313451
v -0.352048 0.939902 2.323741
v -0.546730 0.869548 1.269246
v -0.553078 0.856285 0.934538
v -0.556742 0.847797 0.239734
v -0.556742 0.842847 -0.322967
v -0.556742 0.820849 -0.840476
v -0.281125 0.814189 2.140768
v -0.234785 0.904601 3.257959
v -0.385277 0.694337 0.202132
v -0.385277 0.703060 0.762081
v -0.385277 0.686486 -0.938478
v -0.385277 0.725178 1.142607
v -0.385277 0.694268 -0.384544
v -0.474094 1.150649 2.311480
v -0.662713 1.195332 1.269394
v -0.706633 1.221665 0.917237
v -0.731473 1.260265 0.212877
v -0.734041 1.220913 -0.314046
v -0.734041 1.146788 -0.858440
v -0.731473 1.136723 -1.204178
v -0.665563 1.044201 0.729246
v -0.640897 1.034517 1.110578
v -0.442517 1.045023 2.125564
v -0.331201 1.086439 3.259638
v -0.669226 0.992832 -0.963280
v -0.669226 1.045488 -0.385616
v -0.669226 1.058486 0.156312
v -0.534122 1.329728 2.317102
v -0.678535 1.448817 1.308427
v -0.727271 1.470988 0.972117
v -0.752221 1.456743 0.256282
v -0.747465 1.380599 -1.147195
v -0.754800 1.279133 -0.976660
v -0.754742 1.380133 0.187121
v -0.745700 1.378473 0.763190
v -0.700913 1.346771 1.123009
v -0.534949 1.254648 2.130630
v -0.749984 1.251328 -1.407404
v -0.392023 1.253721 3.256111
v -0.611685 1.747827 1.416129
v -0.729871 1.846381 0.404570
v -0.740997 1.505047 -0.934046
v -0.754604 1.516156 0.247199
v -0.697005 1.550222 1.171113
v -0.552303 1.542256 2.158531
v -0.726872 1.518618 -1.236992
v -0.445879 1.892847 1.450511
v -0.479863 1.998965 1.164844
v -0.500552 2.138343 0.508106
v -0.512868 1.912928 1.291299
v -0.664983 1.968959 0.423232
v -0.428658 1.683953 2.176764
v -0.366211 1.617853 2.861785
v -0.342418 1.643413 2.686840
v -0.556742 0.847482 0.593786
v -0.556742 0.845518 0.058609
v -0.211521 0.598435 0.092181
v -0.211521 0.599587 -0.148761
v -0.486005 2.157625 -0.633088
v -0.000000 0.552270 -0.145174
v -0.211521 0.603293 0.632294
v -0.389802 1.958432 1.359701
v -0.514277 1.565280 2.336523
v -0.369877 1.678450 2.345293
v -0.731473 1.245732 0.586756
v -0.556742 0.842899 -0.168708
v -0.224594 2.263859 -0.185533
v -0.734041 1.230626 0.034774
v -0.417654 2.171402 0.494968
v -0.472389 1.536137 2.689433
v -0.669226 1.046116 -0.076492
v -0.385277 0.694369 -0.061014
v -0.092161 0.558375 -0.044153
v -0.000000 0.552214 0.413479
v -0.221703 2.251899 0.258309
v -0.752221 1.474698 0.653122
v -0.500552 2.091790 0.873451
v -0.246609 2.093186 1.124235
v -0.208181 1.747595 2.170272
v -0.546883 2.082343 0.735375
v -0.752221 1.383705 0.492679
v -0.669226 1.052016 0.462764
v -0.385277 0.697274 0.494526
v -0.092161 0.560620 0.518916
v -0.399673 1.637913 2.515287
v -0.246609 2.179429 0.809473
v -0.307477 1.672289 2.514839
v -0.282995 1.650676 2.856450
v -0.000000 0.699261 2.366801
v -0.179473 0.773586 2.668982
v -0.325205 0.957915 2.677459
v -0.431533 1.150762 2.680820
v -0.487467 1.315225 2.683983
v -0.488357 1.239146 2.497266
v -0.401431 1.051764 2.499392
v -0.263785 0.844096 2.523070
v -0.092161 0.724341 2.542621
v -0.511648 1.504130 2.509158
v -0.000000 0.730650 2.667613
v -0.176222 0.808727 3.024824
v -0.300273 0.981448 3.051427
v -0.389193 1.162662 3.061108
v -0.436174 1.318762 3.060343
v -0.092161 0.751786 2.805634
v -0.442518 1.239009 2.869843
v -0.367016 1.064370 2.863200
v -0.250693 0.867667 2.831698
v -0.472472 1.381634 2.870933
v -0.000000 1.811365 1.940831
v -0.165089 1.885530 1.737590
v -0.000000 0.618027 1.551162
v -0.188883 0.701672 1.921096
v -0.393715 0.919902 1.930126
v -0.524596 1.160918 1.941736
v -0.577759 1.362282 1.961360
v -0.546702 1.617024 1.997925
v -0.394234 1.737678 2.018595
v -0.224616 1.828422 1.869504
v -0.453149 1.749838 1.858004
v -0.581535 1.600033 1.826650
v -0.586617 1.283984 1.775724
v -0.507160 1.040494 1.748612
v -0.315725 0.779289 1.720629
v -0.092161 0.639819 1.704763
v -0.078875 1.853560 1.829361
v -0.327179 1.624714 3.206918
v -0.310813 1.636918 3.031326
v -0.424521 1.531123 3.048000
v -0.411073 1.496451 3.233632
v -0.254560 1.659020 3.197476
v -0.298142 1.113563 3.664771
v -0.339437 1.284465 3.650777
v -0.355974 1.526469 3.592360
v -0.371838 1.549456 3.403797
v -0.378334 1.340460 3.444745
v -0.344650 1.185776 3.457741
v -0.271143 1.010740 3.461411
v -0.286479 1.156161 4.086584
v -0.302072 1.343055 4.045321
v -0.312596 1.579448 3.938364
v -0.322833 1.590353 3.748473
v -0.315778 1.386244 3.834620
v -0.310587 1.220040 3.864955
v -0.252915 1.036900 3.872710
v -0.271966 1.299581 4.490803
v -0.316203 1.473820 4.376168
v -0.293566 1.665302 4.255426
v -0.290868 1.651696 4.078623
v -0.303461 1.474174 4.187737
v -0.308132 1.306153 4.256198
v -0.233749 1.115889 4.321140
v -0.235699 1.584872 4.775213
v -0.269401 1.710303 4.633102
v -0.261358 1.849468 4.487563
v -0.269255 1.775504 4.350021
v -0.298592 1.643579 4.466628
v -0.284116 1.504342 4.573921
v -0.212654 1.369411 4.741164
v -0.206896 1.948812 4.972284
v -0.232166 2.028076 4.825841
v -0.216070 2.108327 4.666682
v -0.231836 1.988548 4.546821
v -0.255486 1.905598 4.680592
v -0.236292 1.809908 4.803906
v -0.195710 1.721409 4.966111
v -0.173385 2.339409 5.126534
v -0.191857 2.383570 4.982819
v -0.167638 2.416766 4.819498
v -0.181945 2.267897 4.711089
v -0.216749 2.230561 4.849556
v -0.204221 2.175008 4.977825
v -0.170744 2.121002 5.130190
v -0.129655 2.671053 5.247944
v -0.135942 2.690746 5.107632
v -0.110843 2.687351 4.935924
v -0.130674 2.562742 4.850037
v -0.163831 2.562958 4.991992
v -0.159147 2.537669 5.121861
v -0.137530 2.508625 5.263319
v -0.275461 1.657166 3.367990
v -0.241492 1.699493 3.686321
v -0.215664 1.758128 3.986462
v -0.285970 1.655874 3.539430
v -0.225027 1.692391 3.521879
v -0.200352 1.744707 3.823854
v -0.248084 1.707890 3.852557
v -0.218404 1.785227 4.137540
v -0.184055 1.816891 4.099499
v -0.200956 1.859585 4.234112
v -0.164678 2.035431 4.421599
v -0.108651 2.282304 4.590856
v -0.160040 1.949476 4.305729
v -0.203709 1.929155 4.349702
v -0.149670 2.146144 4.525035
v -0.106700 2.157690 4.481417
v -0.065669 2.423630 4.649943
v -0.100544 2.415098 4.685154
v -0.074196 2.540848 4.740104
v -0.070107 2.635118 4.800293
v -0.050057 2.644666 4.784996
v -0.076733 2.748475 4.924549
v -0.108695 2.778913 5.080128
v -0.000000 2.911095 5.448627
v -0.000000 2.951838 5.351226
v -0.062379 2.908921 5.195456
v -0.068473 2.905499 5.334116
v -0.036915 2.941330 5.279838
v -0.036067 2.925057 5.402032
v -0.084710 2.873824 5.253267
v -0.081769 2.860785 5.380056
v -0.000421 2.487678 5.426847
v -0.067007 2.739694 5.439074
v -0.039345 2.642300 5.442462
v -0.101371 2.653129 5.372194
v -0.081754 2.495709 5.376397
v -0.002686 2.101168 5.332659
v -0.046229 2.304086 5.358767
v -0.126128 2.311541 5.268312
v -0.095231 2.102553 5.265663
v -0.005312 1.701123 5.217879
v -0.053099 1.894313 5.245525
v -0.146635 1.901163 5.133404
v -0.159981 1.516023 4.965868
v -0.149899 1.209003 4.767782
v -0.147494 1.073429 4.527543
v -0.000000 0.828229 3.864635
v -0.102185 0.948992 4.279594
v -0.054535 0.864194 4.057638
v -0.184029 0.976987 4.064438
v -0.000000 2.932295 5.094176
v -0.031888 2.868545 4.998548
v -0.754445 1.716702 0.332607
v -0.745226 1.540087 0.825694
v -0.662279 1.709122 1.260297
v -0.565452 1.420873 2.144389
v -0.752221 1.527586 0.549991
v -0.521421 1.391025 2.502673
v -0.464770 1.488996 2.869778
v -0.602593 1.469049 1.802728
v -0.416251 1.391945 3.246497
v -0.355283 1.424058 3.623703
v -0.303805 1.485361 3.992224
v -0.306733 1.593805 4.305201
v -0.271600 1.800364 4.544892
v -0.230754 2.082206 4.728868
v -0.185401 2.409248 4.882994
v -0.125882 2.695006 5.003659
v -0.054591 2.852104 5.029344
v -0.145819 2.566020 4.917801
v -0.199271 2.252496 4.777740
v -0.243410 1.952548 4.611840
v -0.285130 1.716081 4.407232
v -0.305834 1.573625 4.129483
v -0.332395 1.503922 3.788021
v -0.387943 1.460699 3.424570
v -0.445701 1.441246 3.055206
v -0.657140 1.619995 1.354262
v -0.497729 1.443220 2.687352
v -0.543474 1.466832 2.327018
v -0.752221 1.602145 0.322267
v -0.714168 1.646543 -1.009285
v -0.579963 1.511488 1.980546
v -0.752221 1.573272 0.696310
v -0.020523 2.905598 5.047410
v -0.000000 0.543513 -0.722869
v -0.211521 0.594129 -0.606683
v -0.556742 0.831667 -0.623411
v -0.734041 1.183890 -0.628023
v -0.734041 1.217805 -0.162843
v -0.317990 2.189011 -0.691943
v -0.669226 1.014143 -0.697836
v -0.385277 0.685899 -0.682091
v -0.092161 0.551855 -0.670303
v -0.000000 2.216540 0.699933
v -0.176854 2.231386 0.559764
v -0.211521 0.599938 0.407381
v -0.556742 0.847542 0.369024
v -0.731473 1.255039 0.360482
v -0.752221 1.466688 0.413804
v -0.500552 2.130445 0.642910
v -0.000000 0.550206 0.286984
v -0.752221 1.529222 0.351072
v -0.385277 0.694998 0.308256
v -0.669226 1.057582 0.274114
v -0.752221 1.383194 0.293455
v -0.546883 2.105684 0.545136
v -0.246609 2.212622 0.601616
v -0.092161 0.557664 0.332646
v -0.092161 2.228420 0.612316
v 0.000838 2.827778 4.897819
v -0.005831 2.730385 4.809339
v -0.542600 2.025530 0.987334
v -0.597951 1.827765 1.298234
v -0.549116 2.107211 0.471730
v -0.503965 1.626581 2.169657
v -0.427543 1.565463 2.866591
v -0.468740 1.583746 2.513644
v -0.530004 1.689438 1.844655
v -0.379909 1.572002 3.219903
v -0.330410 1.602044 3.563851
v -0.286932 1.654160 3.891314
v -0.255377 1.735965 4.190901
v -0.235001 1.897177 4.411355
v -0.185149 2.132040 4.587455
v -0.135476 2.418162 4.743080
v -0.090623 2.662448 4.857749
v -0.589134 2.057393 0.479006
v -0.019531 2.742042 4.839247
v -0.095242 2.545131 4.773725
v -0.136111 2.277178 4.629927
v -0.191584 2.020674 4.462897
v -0.223877 1.832485 4.272503
v -0.246226 1.719151 4.020289
v -0.287976 1.655193 3.712708
v -0.332887 1.613327 3.383903
v -0.378434 1.594422 3.039480
v -0.538557 1.834274 1.419150
v -0.419099 1.600620 2.689067
v -0.453834 1.632784 2.342417
v -0.573416 2.061896 0.615565
v -0.481655 1.688049 2.009482
v -0.573416 2.024645 0.839673
v -0.565394 1.937943 1.121085
v -0.003787 2.765594 4.840601
v -0.000000 2.734267 5.467036
v -0.170606 2.272899 -0.070444
v -0.246609 1.984676 1.436697
v -0.243005 2.227927 0.493033
v -0.411342 2.072623 1.049878
v -0.329501 1.723353 2.179796
v -0.414623 2.142021 0.772382
v -0.194514 1.685610 2.513274
v -0.179821 1.662950 2.850255
v -0.350849 1.794421 1.869619
v -0.162916 1.675891 3.196831
v -0.146197 1.714574 3.516039
v -0.135490 1.771455 3.802763
v -0.131883 1.844848 4.059903
v -0.099216 1.969666 4.258271
v -0.049795 2.170908 4.434802
v -0.020898 2.438303 4.615056
v -0.014503 2.675268 4.774769
v -0.037099 2.821035 4.945126
v -0.072640 2.871302 5.116705
v -0.113586 2.772375 5.213203
v -0.104925 2.755609 5.345526
v -0.054725 2.839607 5.460117
v -0.091364 2.768128 4.999600
v -0.414623 2.167869 0.573974
v -0.055446 2.697204 4.837712
v -0.030360 2.703110 4.812122
v -0.319756 2.200419 0.537452
v -0.411473 2.191851 -0.604291
v -0.062052 2.806498 4.978548
v -0.080100 2.804560 5.415124
v -0.032108 2.793458 5.469243
v -0.097437 2.823598 5.303926
v -0.094263 2.832460 5.164710
v -0.043087 2.756377 4.884719
v -0.079807 2.824589 5.054241
v -0.033295 2.562833 4.713748
v -0.055018 2.295333 4.543252
v -0.100936 2.053439 4.368100
v -0.144522 1.888427 4.184262
v -0.163636 1.792030 3.950377
v -0.177535 1.730558 3.667155
v -0.199092 1.684752 3.359503
v -0.222628 1.661041 3.025583
v -0.311340 1.931125 1.511649
v -0.243842 1.666499 2.683552
v -0.262170 1.706235 2.343780
v -0.319756 2.182749 0.676410
v -0.253797 2.250998 -0.092266
v -0.316475 2.027232 1.256259
v -0.272079 2.229124 0.379575
v -0.280121 1.773226 2.019988
v -0.319756 2.129704 0.934807
v -0.348681 2.239606 -0.395694
v -0.000000 0.550583 -0.491936
v -0.211521 0.599744 -0.422591
v -0.556742 0.841133 -0.433945
v -0.734041 1.216608 -0.425894
v -0.270033 2.251802 -0.243805
v -0.092161 0.558456 -0.454684
v -0.260169 2.255789 -0.354009
v -0.669226 1.038893 -0.467521
v -0.385277 0.692481 -0.463832
v -0.211521 0.597555 -0.494337
v -0.556742 0.837441 -0.507786
v -0.734041 1.203832 -0.504718
v -0.300609 2.248559 -0.310204
v -0.000000 0.547154 -0.603939
v -0.385277 0.689897 -0.549492
v -0.669226 1.029168 -0.557912
v -0.291045 2.239771 -0.467319
v -0.092161 0.555865 -0.539307
v -0.239377 2.262280 -0.276668
v -0.000000 2.271792 0.175837
v -0.000000 0.553274 -0.306806
v -0.249310 2.245917 0.138715
v -0.385277 0.694447 -0.238333
v -0.669226 1.045188 -0.243668
v -0.220340 2.259835 0.024364
v -0.092161 0.559505 -0.225990
v -0.092161 2.274116 0.074086
v -0.000000 1.896074 1.713693
v -0.202138 0.665666 1.551588
v -0.482303 0.891651 1.558266
v -0.598166 1.178092 1.588144
v -0.626607 1.409564 1.624116
v -0.574157 1.684780 1.683583
v -0.419073 1.812034 1.717309
v -0.176854 1.956990 1.553936
v -0.000000 0.593933 1.305401
v -0.613143 1.571712 1.654568
v -0.507046 1.758913 1.698852
v -0.299456 1.854316 1.733158
v -0.372534 1.874816 1.594522
v -0.559157 1.761881 1.549466
v -0.646891 1.524380 1.481932
v -0.090380 1.927907 1.636624
v -0.375894 0.745887 1.411105
v -0.606295 1.031906 1.407776
v -0.651600 1.320591 1.443181
v -0.615239 1.665057 1.523181
v -0.480934 1.826490 1.564737
v -0.243751 1.912801 1.626459
v -0.092161 0.612713 1.428282
v -0.375752 1.742256 -1.462864
v -0.497356 1.579007 -2.373580
v -0.493650 1.705048 -1.613316
v -0.625543 1.519078 -2.051495
v -0.572698 1.628414 -1.797125
v -0.451502 1.659728 -2.131341
v -0.330528 1.715444 -1.890664
v -0.333213 1.667163 -2.421800
v -0.654040 1.640722 -1.506976
v -0.382588 1.533701 -2.621444
v -0.678297 1.539838 -1.704166
v -0.618138 1.397252 -2.243534
v -0.678126 1.697025 -1.232556
v -0.713621 1.456483 -1.540817
v -0.681515 1.246637 -1.860890
v -0.698516 1.579926 -1.392786
v -0.697398 1.375134 -1.768089
v -0.466762 1.188452 -2.493696
v -0.620711 1.148242 -2.058558
v -0.485442 1.341968 -2.540545
v -0.379192 0.864189 -1.990544
v -0.372892 0.931065 -2.225937
v -0.334168 1.183920 -2.653594
v -0.552985 0.887788 -1.602585
v -0.545472 0.943603 -1.821827
v -0.000000 0.996583 -2.644072
v -0.556742 0.837792 -1.188453
v -0.384897 0.730856 -1.441718
v -0.667371 0.993482 -1.449347
v -0.022467 0.623264 -1.877063
v -0.537958 0.995343 -2.035726
v -0.382234 0.796869 -1.757865
v -0.685527 1.687461 -1.205514
v -0.739312 1.389583 -1.422394
v -0.726467 1.424119 -1.481606
v -0.721481 1.141832 -1.571943
v -0.701498 1.198960 -1.716353
v -0.176668 0.624121 -2.047557
v -0.087904 0.680443 -2.131166
v -0.654386 1.044521 -1.685227
v -0.734320 1.287726 -1.563541
v -0.716418 1.334762 -1.662640
v -0.717211 1.537944 -1.318117
v -0.708146 1.559562 -1.354321
v -0.397486 1.265086 -2.561118
v -0.337242 1.324319 -2.733069
v -0.246955 1.483685 -2.809558
v -0.000000 1.134152 -2.786381
v -0.180034 1.163459 -2.781884
v -0.217840 1.281024 -2.836332
v -0.000000 1.222281 -2.866605
v -0.091767 1.067604 -2.715530
v -0.697565 1.493515 -1.614989
v -0.653469 1.307839 -2.035895
v -0.669245 1.708501 -1.265006
v -0.510167 1.068625 -2.259056
v -0.000000 0.885749 -2.433434
v -0.578690 1.237840 -2.279867
v -0.685486 1.606852 -1.444828
v -0.671664 1.437446 -1.911689
v -0.205602 0.910348 -2.414270
v -0.347830 1.026334 -2.467280
v -0.092161 0.845288 -2.298418
v -0.209619 0.830255 -2.156302
v -0.211521 0.590491 -0.725977
v -0.000000 2.239174 -0.552725
v -0.193203 2.211392 -0.666438
v -0.556742 0.825544 -0.746188
v -0.734041 1.162753 -0.758954
v -0.000000 0.540717 -0.814203
v -0.390685 2.218653 -0.502305
v -0.385277 0.682902 -0.781527
v -0.669226 1.002901 -0.802764
v -0.306019 2.215010 -0.580184
v -0.092161 2.226846 -0.614644
v -0.092161 0.548848 -0.768536
v -0.793318 1.338965 -0.303469
v -0.518436 2.171832 -0.594437
v -0.346234 2.224319 0.364023
v -0.323622 2.239108 0.141417
v -0.762496 1.284910 -0.378246
v -0.762506 1.220191 -0.892699
v -0.759562 1.388517 -0.894552
v -0.762448 1.325836 0.122640
v -0.738647 1.624789 -0.850985
v -0.586603 2.046282 -0.667697
v -0.738571 1.851958 0.367907
v -0.471011 2.172380 -0.622013
v -0.762496 1.284160 -0.075982
v -0.510398 2.135578 0.468086
v -0.762496 1.230592 -0.702915
v -0.443103 2.199436 -0.542458
v -0.273162 2.242894 0.022921
v -0.351474 2.240036 -0.341930
v -0.762496 1.273540 -0.463105
v -0.762496 1.283327 -0.236648
v -0.762496 1.211316 -0.811069
v -0.762070 1.452639 0.196586
v -0.761412 1.596724 0.269821
v -0.700572 1.870142 -0.751075
v -0.597878 2.061104 0.443154
v -0.528018 2.132881 -0.622388
v -0.342671 2.203588 0.461569
v -0.762496 1.256656 -0.557271
v -0.281582 2.246946 -0.187640
v -0.275648 2.234843 0.255079
v -0.413129 2.225051 -0.442079
v -0.310456 2.244287 -0.276982
v -0.444740 2.211518 -0.490414
v -0.773138 1.231478 -0.762483
v -0.341437 2.242508 -0.303727
v -0.563569 2.110638 0.451926
v -0.562657 2.099494 -0.631305
v -0.770339 1.722842 0.311854
v -0.508813 2.156950 -0.616679
v -0.679801 1.974952 0.404421
v -0.656216 1.969592 -0.698923
v -0.771626 1.521563 0.223268
v -0.761301 1.503602 -0.872481
v -0.773217 1.295879 -0.894612
v -0.127653 0.883462 3.836435
v -0.000000 0.805353 3.470812
v -0.072838 0.828300 3.658187
v -0.205422 0.937345 3.653811
v -0.306233 1.413607 4.038909
v -0.498546 1.339488 4.165934
v -0.680277 1.291576 4.396227
v -0.479687 1.347535 4.283070
v -0.455439 1.350139 4.411041
v -0.281020 1.420354 4.187904
v -0.660714 1.296394 4.499422
v -0.424484 1.346738 4.554740
v -0.249663 1.420684 4.348958
v -0.636535 1.296468 4.611001
v -0.386494 1.329761 4.693658
v -0.208905 1.409115 4.522222
v -0.605333 1.287759 4.731099
v -0.351483 1.302998 4.789170
v -0.166314 1.383221 4.661755
v -0.572987 1.268524 4.827896
v -0.317037 1.269052 4.860874
v -0.124088 1.345058 4.762529
v -0.541152 1.240286 4.897901
v -0.306651 1.253158 4.865943
v -0.096828 1.314736 4.810492
v -0.520707 1.217883 4.931278
v -0.310478 1.243435 4.818511
v -0.093379 1.300497 4.785273
v -0.518316 1.207412 4.913876
v -0.336831 1.245703 4.694341
v -0.109655 1.295533 4.687266
v -0.530956 1.203856 4.846000
v -0.383135 1.254756 4.490986
v -0.153918 1.303888 4.486448
v -0.564920 1.210226 4.706828
v -0.425271 1.259079 4.294483
v -0.207117 1.310915 4.236026
v -0.605798 1.215668 4.533295
v -0.460437 1.275829 4.168921
v -0.251479 1.322024 4.042986
v -0.639787 1.224060 4.399499
v -0.488889 1.297774 4.091877
v -0.289108 1.346451 3.924367
v -0.668336 1.242191 4.317197
v -0.502593 1.315501 4.075695
v -0.314018 1.370240 3.868756
v -0.687092 1.259786 4.278553
v -0.693856 1.273974 4.285904
v -0.321371 1.403471 3.931155
v -1.056704 1.274143 4.704312
v -1.037948 1.278685 4.768075
v -1.014795 1.278723 4.837026
v -0.984958 1.270422 4.911248
v -0.954075 1.252138 4.971081
v -0.923725 1.225318 5.014366
v -0.904254 1.204046 5.035011
v -0.902014 1.194115 5.024267
v -0.914134 1.190759 4.982327
v -0.946627 1.196845 4.896319
v -0.985745 1.202061 4.789080
v -1.018252 1.210065 4.706394
v -1.045504 1.227297 4.655520
v -1.063381 1.244007 4.631623
v -1.068096 1.267181 4.658216
v -0.765306 1.240015 4.936395
v -0.794654 1.262128 4.873477
v -0.792893 1.200548 4.740410
v -0.753694 1.192925 4.874207
v -0.893477 1.250905 4.467031
v -0.826676 1.276221 4.782042
v -0.852919 1.279140 4.687506
v -0.731343 1.190954 4.955894
v -0.727951 1.198919 4.987061
v -0.873554 1.277104 4.603335
v -0.889689 1.270577 4.526310
v -0.882094 1.236297 4.477734
v -0.858247 1.218166 4.528486
v -0.736541 1.212009 4.983674
v -0.828621 1.204271 4.611136
v -1.234023 1.274143 4.897950
v -1.215267 1.278685 4.927942
v -1.192114 1.278723 4.960375
v -1.162276 1.270422 4.995287
v -1.131394 1.252138 5.023431
v -1.101044 1.225318 5.043790
v -1.081573 1.204046 5.053502
v -1.079333 1.194115 5.048448
v -1.091453 1.190759 5.028720
v -1.123946 1.196845 4.988265
v -1.163064 1.202061 4.937822
v -1.195571 1.210065 4.898929
v -1.222823 1.227297 4.874999
v -1.240700 1.244007 4.863759
v -1.245415 1.267181 4.876267
v -1.153476 1.277104 4.833516
v -1.169611 1.270577 4.790179
v -1.175676 1.263097 4.767467
v -1.033616 1.192925 4.985917
v -1.011265 1.190954 5.031876
v -1.132841 1.279140 4.880873
v -1.072815 1.200548 4.910638
v -1.106598 1.276221 4.934062
v -1.108542 1.204271 4.837904
v -1.074576 1.262128 4.985506
v -1.138168 1.218166 4.791403
v -1.045227 1.240015 5.020905
v -1.162016 1.236297 4.762848
v -1.016463 1.212009 5.047505
v -1.173398 1.250905 4.756826
v -1.007872 1.198919 5.049412
v -0.087904 0.554146 -1.940106
v -0.639546 1.096051 -1.869044
v -0.022467 0.708733 -2.038122
v -0.160709 0.632243 -1.896991
v -0.160709 0.717775 -2.058062
v -0.000000 0.519590 -2.223806
v -0.133221 0.508374 -2.297060
v -0.066539 0.558393 -2.340633
v -0.066538 0.445625 -2.240652
v -0.019070 0.599951 -2.200423
v -0.136929 0.610319 -2.214275
v -0.019070 0.506532 -2.090686
v -0.136929 0.516848 -2.104542
v -0.000000 0.415320 -2.524526
v -0.104693 0.424076 -2.531749
v -0.052347 0.458051 -2.555845
v -0.052346 0.381345 -2.500429
v -0.101827 0.495800 -2.452976
v -0.101826 0.424760 -2.399330
v -0.000000 0.490873 -2.448497
v -0.000000 0.415126 -2.391267
v -0.000000 0.369149 -2.612977
v -0.081034 0.374976 -2.614938
v -0.046199 0.394737 -2.628667
v -0.046199 0.350116 -2.597086
v -0.084740 0.369376 -2.571606
v -0.000000 0.362737 -2.566390
v -0.084741 0.418213 -2.606159
v -0.000000 0.414810 -2.603253
v 0.012031 2.173639 4.396191
v 0.012031 2.305201 4.508920
v 0.011503 2.876676 4.962588
v 0.015473 2.803787 4.893614
v 0.003132 2.732792 4.808969
v -0.151035 1.582718 -2.854644
v -0.195195 1.389000 -2.862895
v -0.147082 1.248415 -2.868156
v -0.000000 1.608887 -2.853393
v -0.159419 1.486701 -2.868562
v -0.075237 1.590090 -2.864058
v -0.072865 1.243724 -2.876779
v -0.157047 1.315203 -2.875750
v -0.793734 1.468467 -0.234369
v -0.553208 2.161640 -0.076158
v -0.574374 2.146096 -0.173719
v -0.572455 2.117578 0.251975
v -0.786374 1.527601 -0.295206
v -0.785676 1.528090 0.031916
v -0.793466 1.450626 -0.586822
v -0.553432 2.150124 -0.366516
v -0.784671 1.527490 -0.656178
v -0.573595 2.123595 -0.434283
v -0.761373 1.778515 -0.601218
v -0.793764 1.463087 -0.361201
v -0.553241 2.167564 -0.219598
v -0.793697 1.473772 -0.060200
v -0.597868 2.118927 -0.229447
v -0.786075 1.527215 -0.390311
v -0.574237 2.142753 -0.252140
v -0.793648 1.458013 -0.449115
v -0.553304 2.160769 -0.276938
v -0.573985 2.134852 -0.322209
v -0.785524 1.527451 -0.494755
v -0.553273 2.143624 0.159574
v -0.774765 1.600177 -0.007116
v -0.785843 1.529101 -0.127926
v -0.574131 2.131794 0.040829
v -0.793220 1.442608 -0.735003
v -0.732477 1.905867 -0.604067
v -0.553623 2.145594 -0.476589
v -0.772405 1.643591 -0.695113
v -0.609470 2.078372 -0.513982
v -0.670933 2.003827 -0.597531
v -0.759415 1.777445 -0.696217
v -0.571490 2.123201 -0.530490
v -0.783986 1.525534 -0.765601
v -0.796253 1.388698 -0.594914
v -0.514566 2.177372 -0.366059
v -0.499015 2.170384 0.164759
v -0.537091 2.163147 0.042773
v -0.545430 2.141001 0.257288
v -0.794549 1.466216 0.012098
v -0.796201 1.408014 -0.673958
v -0.796253 1.420085 -0.510894
v -0.537855 2.168092 -0.312908
v -0.538844 2.158461 -0.420547
v -0.604435 2.080395 -0.579805
v -0.785164 1.615206 0.185177
v -0.771198 1.643302 -0.803958
v -0.613779 2.078141 0.362384
v -0.415343 2.221519 -0.176392
v -0.796253 1.365971 -0.436141
v -0.503046 2.189676 -0.531389
v -0.796253 1.416728 -0.248239
v -0.789799 1.537850 0.194981
v -0.770728 1.737236 0.192515
v -0.680640 1.988070 0.290890
v -0.796253 1.408899 -0.372234
v -0.501228 2.191735 -0.220946
v -0.757369 1.780729 -0.735924
v -0.783327 1.515136 -0.808809
v -0.781150 1.516299 -0.853789
v -0.441061 2.187929 0.437649
v -0.344058 2.247401 -0.234505
v -0.793318 1.319957 -0.500662
v -0.505529 1.330341 4.104522
v -0.323261 1.389502 3.879502
v -0.692137 1.284217 4.321622
v -1.069790 1.257470 4.636153
v -0.895754 1.263097 4.485944
v -1.247109 1.257470 4.865890
v -0.498856 2.186158 -0.077201
v -0.565297 2.121582 0.318566
v -0.788671 1.517770 0.087624
v -0.797031 1.422386 -0.073664
v -0.796253 1.400158 -0.459009
v -0.506199 2.186360 -0.278613
v -0.795938 1.374890 -0.752493
v -0.522653 2.173461 -0.479433
v -0.667224 2.005812 -0.636795
v -0.562698 2.131545 -0.566492
v -0.796253 1.435436 -0.313559
v -0.796383 1.442393 -0.153030
v -0.536926 2.178314 -0.169623
v -0.610446 2.071645 0.288104
v -0.776380 1.611428 0.107409
v -0.738359 1.875170 0.226928
v -0.796253 1.427590 -0.407012
v -0.537182 2.175277 -0.245844
v -0.792815 1.429628 -0.789023
v -0.546365 2.154117 -0.521560
v -0.728931 1.905709 -0.668610
v -0.771020 1.645906 -0.763376
v -0.792937 1.404643 -0.846786
v -0.796253 1.376339 -0.346253
v -0.730385 1.896909 -0.706524
v -0.540121 2.159184 -0.571757
v -0.795032 1.462425 0.103311
v -0.753660 1.874624 0.294137
v -0.516811 2.156657 0.370926
v -0.796929 1.385821 -0.025228
v -0.796201 1.334430 -0.690729
v -0.607385 2.072986 -0.620012
v -0.414226 2.200861 0.267880
v -0.484733 2.200444 -0.427358
v -0.429781 2.218802 -0.257121
v -0.796253 1.353654 -0.535269
v -0.451267 2.212952 -0.322445
v -0.411193 2.211918 0.034012
v -0.796383 1.379295 -0.194024
v -0.795959 1.321160 -0.812943
v 0.092161 2.277597 -0.261240
v 0.172940 2.275004 -0.225591
v 0.092161 2.278183 -0.103673
v 0.092161 2.266273 0.265950
v 0.169966 2.268193 0.145621
v 0.092161 2.242002 0.505139
v 0.173250 2.250845 0.391198
v 0.092161 2.192920 0.823223
v 0.176853 2.212654 0.697228
v 0.092161 2.098376 1.151420
v 0.176853 2.149611 0.974575
v 0.092161 1.992863 1.463694
v 0.176853 2.043107 1.312960
v 0.071620 1.756926 2.125625
v 0.147253 1.797621 1.995844
v 0.066748 1.666071 2.521767
v 0.136664 1.713196 2.333544
v 0.061826 1.646897 2.833723
v 0.127297 1.663939 2.679981
v 0.056308 1.672949 3.218243
v 0.116763 1.664191 3.023848
v 0.051300 1.722186 3.535377
v 0.105532 1.696005 3.368781
v 0.050209 1.788783 3.798118
v 0.097197 1.749004 3.663902
v 0.054427 1.864287 4.029824
v 0.000327 1.832521 3.910879
v 0.100352 1.814079 3.927038
v 0.037831 1.986516 4.220618
v 0.000327 1.927360 4.109920
v 0.090102 1.907836 4.147484
v 0.013870 2.183527 4.398134
v 0.050281 2.067124 4.328725
v 0.015561 2.305678 4.508384
v 0.011580 2.865067 4.956472
v 0.016446 2.801334 4.893117
v 0.029636 2.932133 5.140472
v -0.000838 2.911389 5.010369
v 0.047364 2.893541 5.080200
v 0.028961 2.873334 5.470892
v 0.058173 2.881506 5.436991
v 0.056159 1.515091 5.114161
v 0.105339 1.695768 5.132463
v 0.049630 1.226613 4.966863
v 0.003477 1.365830 5.085880
v 0.106619 1.350171 4.974356
v 0.034866 1.057722 4.805066
v 0.000428 1.134437 4.925930
v 0.080470 1.121480 4.830628
v 0.042311 0.950448 4.518998
v 0.074988 1.034551 4.678269
v 0.089746 0.797495 3.258598
v 0.158208 0.850416 3.459659
v 0.092161 0.684222 2.154433
v 0.183027 0.743763 2.360821
v 0.092161 0.588619 1.161036
v 0.211520 0.640965 1.300245
v 0.092161 0.567034 0.785467
v 0.211520 0.617467 0.968610
v 0.092161 0.556856 0.225518
v 0.211520 0.598064 0.280887
v 0.092161 0.560132 -0.375615
v 0.211520 0.600360 -0.309390
v 0.092161 0.551432 -0.925407
v 0.211520 0.587698 -0.817590
v 0.092161 0.592167 -1.440347
v 0.211520 0.607235 -1.171003
v 0.092018 0.647616 -1.780675
v 0.211140 0.667472 -1.642170
v 0.092018 0.767507 -2.079385
v 0.233276 0.739700 -1.933444
v 0.092161 0.936878 -2.556240
v 0.087384 1.194205 -2.842734
v 0.089854 1.634345 -2.805397
v 0.199105 1.024753 -2.626704
v 0.092129 1.698636 -2.485989
v 0.205204 1.653860 -2.650277
v 0.092161 1.737291 -1.935845
v 0.196218 1.715401 -2.204873
v 0.092161 1.761079 -1.511773
v 0.202679 1.744945 -1.698488
v 0.092161 2.250661 -0.489475
v 0.190210 2.236383 -0.545620
v 0.092161 2.268358 -0.362513
v 0.184213 2.257614 -0.419703
v 0.177334 2.270553 -0.313451
v 0.352048 0.939902 2.323741
v 0.546729 0.869548 1.269246
v 0.553078 0.856285 0.934538
v 0.556742 0.847797 0.239734
v 0.556742 0.842847 -0.322968
v 0.556742 0.820849 -0.840476
v 0.281125 0.814189 2.140768
v 0.234785 0.904601 3.257959
v 0.385277 0.694337 0.202132
v 0.385277 0.703060 0.762081
v 0.385277 0.686486 -0.938478
v 0.385277 0.725178 1.142607
v 0.385277 0.694268 -0.384544
v 0.474094 1.150649 2.311480
v 0.662713 1.195332 1.269394
v 0.706633 1.221665 0.917237
v 0.731472 1.260265 0.212877
v 0.734041 1.220913 -0.314046
v 0.734041 1.146788 -0.858440
v 0.731472 1.136723 -1.204178
v 0.665563 1.044201 0.729246
v 0.640897 1.034517 1.110578
v 0.442517 1.045023 2.125564
v 0.331201 1.086439 3.259638
v 0.669226 0.992832 -0.963280
v 0.669226 1.045488 -0.385616
v 0.669226 1.058486 0.156312
v 0.534122 1.329728 2.317102
v 0.678535 1.448817 1.308427
v 0.727271 1.470988 0.972117
v 0.752221 1.456743 0.256282
v 0.747465 1.380599 -1.147195
v 0.754800 1.279133 -0.976660
v 0.754742 1.380133 0.187121
v 0.745699 1.378473 0.763190
v 0.700913 1.346771 1.123009
v 0.534948 1.254648 2.130630
v 0.749984 1.251328 -1.407404
v 0.392023 1.253721 3.256111
v 0.611685 1.747827 1.416129
v 0.729871 1.846381 0.404570
v 0.740997 1.505047 -0.934046
v 0.754604 1.516156 0.247199
v 0.697004 1.550222 1.171113
v 0.552303 1.542256 2.158531
v 0.726872 1.518618 -1.236992
v 0.445879 1.892847 1.450511
v 0.479863 1.998965 1.164844
v 0.500552 2.138343 0.508106
v 0.512868 1.912928 1.291299
v 0.633063 1.971544 -0.712032
v 0.664983 1.968959 0.423232
v 0.428658 1.683953 2.176764
v 0.366211 1.617853 2.861785
v 0.342418 1.643413 2.686840
v 0.556742 0.847482 0.593786
v 0.556742 0.845518 0.058609
v 0.211520 0.598435 0.092181
v 0.211520 0.599588 -0.148761
v 0.486004 2.157625 -0.633088
v 0.211520 0.603293 0.632294
v 0.389802 1.958432 1.359701
v 0.514276 1.565280 2.336523
v 0.369877 1.678450 2.345293
v 0.731472 1.245732 0.586756
v 0.556742 0.842899 -0.168708
v 0.224594 2.263859 -0.185533
v 0.734041 1.230626 0.034774
v 0.417654 2.171402 0.494968
v 0.472389 1.536137 2.689433
v 0.669226 1.046116 -0.076492
v 0.385277 0.694369 -0.061014
v 0.092161 0.558375 -0.044153
v 0.221703 2.251899 0.258309
v 0.752221 1.474698 0.653122
v 0.500552 2.091790 0.873451
v 0.246609 2.093186 1.124235
v 0.208181 1.747595 2.170272
v 0.546883 2.082343 0.735375
v 0.752221 1.383705 0.492679
v 0.669226 1.052016 0.462764
v 0.385277 0.697274 0.494526
v 0.092161 0.560620 0.518916
v 0.399673 1.637913 2.515287
v 0.246609 2.179429 0.809473
v 0.307476 1.672289 2.514839
v 0.282995 1.650676 2.856450
v 0.179473 0.773586 2.668982
v 0.325205 0.957915 2.677459
v 0.431533 1.150762 2.680820
v 0.487467 1.315225 2.683983
v 0.488356 1.239146 2.497266
v 0.401431 1.051764 2.499392
v 0.263785 0.844096 2.523070
v 0.092161 0.724341 2.542621
v 0.511648 1.504130 2.509158
v 0.176222 0.808727 3.024824
v 0.300272 0.981448 3.051427
v 0.389192 1.162662 3.061108
v 0.436173 1.318762 3.060343
v 0.092161 0.751786 2.805634
v 0.442518 1.239009 2.869843
v 0.367016 1.064370 2.863200
v 0.250693 0.867667 2.831698
v 0.472472 1.381634 2.870933
v 0.165089 1.885530 1.737590
v 0.188882 0.701672 1.921096
v 0.393714 0.919902 1.930126
v 0.524596 1.160918 1.941736
v 0.577758 1.362282 1.961360
v 0.546702 1.617024 1.997925
v 0.394233 1.737678 2.018595
v 0.224615 1.828422 1.869504
v 0.453149 1.749838 1.858004
v 0.581535 1.600033 1.826650
v 0.586617 1.283984 1.775724
v 0.507159 1.040494 1.748612
v 0.315725 0.779289 1.720629
v 0.092161 0.639819 1.704763
v 0.078875 1.853560 1.829361
v 0.327179 1.624714 3.206918
v 0.310813 1.636918 3.031326
v 0.424521 1.531123 3.048000
v 0.411073 1.496451 3.233632
v 0.254560 1.659020 3.197476
v 0.298142 1.113563 3.664771
v 0.339437 1.284465 3.650778
v 0.355973 1.526469 3.592360
v 0.371838 1.549456 3.403797
v 0.378334 1.340460 3.444745
v 0.344650 1.185776 3.457741
v 0.271143 1.010740 3.461411
v 0.286479 1.156161 4.086584
v 0.302071 1.343055 4.045321
v 0.312596 1.579448 3.938365
v 0.322833 1.590353 3.748473
v 0.315777 1.386244 3.834620
v 0.310586 1.220040 3.864955
v 0.252915 1.036900 3.872710
v 0.271965 1.299581 4.490803
v 0.316203 1.473820 4.376168
v 0.293566 1.665302 4.255426
v 0.290867 1.651696 4.078623
v 0.303461 1.474174 4.187737
v 0.308132 1.306153 4.256198
v 0.233749 1.115889 4.321140
v 0.235699 1.584872 4.775213
v 0.269400 1.710303 4.633102
v 0.261358 1.849468 4.487563
v 0.269255 1.775504 4.350021
v 0.298592 1.643579 4.466628
v 0.284115 1.504342 4.573921
v 0.212654 1.369411 4.741164
v 0.206896 1.948812 4.972284
v 0.232166 2.028076 4.825841
v 0.216070 2.108327 4.666682
v 0.231835 1.988548 4.546821
v 0.255486 1.905598 4.680592
v 0.236292 1.809908 4.803906
v 0.195710 1.721409 4.966111
v 0.173385 2.339409 5.126534
v 0.191857 2.383570 4.982819
v 0.167638 2.416766 4.819498
v 0.181945 2.267897 4.711089
v 0.216749 2.230561 4.849556
v 0.204221 2.175008 4.977825
v 0.170744 2.121002 5.130190
v 0.129654 2.671053 5.247944
v 0.135942 2.690746 5.107632
v 0.110843 2.687351 4.935924
v 0.130673 2.562742 4.850037
v 0.163831 2.562958 4.991992
v 0.159147 2.537669 5.121861
v 0.137530 2.508625 5.263319
v 0.275461 1.657166 3.367990
v 0.241492 1.699493 3.686321
v 0.215664 1.758128 3.986462
v 0.285970 1.655874 3.539430
v 0.225027 1.692391 3.521879
v 0.200352 1.744707 3.823854
v 0.248084 1.707890 3.852558
v 0.218404 1.785227 4.137540
v 0.184055 1.816891 4.099499
v 0.200956 1.859585 4.234112
v 0.164678 2.035431 4.421599
v 0.108651 2.282304 4.590856
v 0.160039 1.949476 4.305729
v 0.203709 1.929155 4.349702
v 0.149670 2.146144 4.525035
v 0.106700 2.157690 4.481417
v 0.065668 2.423630 4.649943
v 0.100543 2.415098 4.685154
v 0.074196 2.540848 4.740104
v 0.070107 2.635118 4.800293
v 0.050057 2.644666 4.784996
v 0.076733 2.748475 4.924549
v 0.108694 2.778913 5.080128
v 0.062378 2.908921 5.195456
v 0.068473 2.905499 5.334116
v 0.036915 2.941330 5.279838
v 0.036067 2.925057 5.402032
v 0.084710 2.873824 5.253267
v 0.081769 2.860785 5.380056
v 0.000421 2.487678 5.426847
v 0.067007 2.739694 5.439074
v 0.039344 2.642300 5.442462
v 0.101371 2.653129 5.372194
v 0.081754 2.495709 5.376397
v 0.002685 2.101168 5.332659
v 0.046229 2.304086 5.358767
v 0.126128 2.311541 5.268312
v 0.095231 2.102553 5.265663
v 0.005312 1.701123 5.217879
v 0.053098 1.894313 5.245525
v 0.146634 1.901163 5.133404
v 0.159981 1.516023 4.965868
v 0.149899 1.209003 4.767782
v 0.147494 1.073429 4.527543
v 0.102185 0.948992 4.279594
v 0.054535 0.864194 4.057638
v 0.184028 0.976987 4.064438
v 0.031888 2.868545 4.998548
v 0.754445 1.716702 0.332607
v 0.745226 1.540087 0.825694
v 0.662279 1.709122 1.260297
v 0.565452 1.420873 2.144389
v 0.752221 1.527586 0.549991
v 0.521420 1.391025 2.502673
v 0.464769 1.488996 2.869778
v 0.602593 1.469049 1.802728
v 0.416251 1.391945 3.246497
v 0.355283 1.424058 3.623703
v 0.303804 1.485361 3.992224
v 0.306733 1.593805 4.305201
v 0.271600 1.800364 4.544892
v 0.230754 2.082206 4.728868
v 0.185401 2.409248 4.882994
v 0.125882 2.695006 5.003659
v 0.054591 2.852104 5.029344
v 0.145819 2.566020 4.917801
v 0.199270 2.252496 4.777740
v 0.243410 1.952548 4.611840
v 0.285130 1.716081 4.407232
v 0.305834 1.573625 4.129483
v 0.332394 1.503922 3.788021
v 0.387943 1.460699 3.424570
v 0.445701 1.441246 3.055206
v 0.657140 1.619995 1.354262
v 0.497729 1.443220 2.687352
v 0.543473 1.466832 2.327018
v 0.752221 1.602145 0.322267
v 0.579963 1.511488 1.980546
v 0.752221 1.573272 0.696310
v 0.020523 2.905598 5.047410
v 0.211520 0.594129 -0.606683
v 0.556742 0.831667 -0.623411
v 0.734041 1.183890 -0.628024
v 0.734041 1.217805 -0.162843
v 0.669226 1.014143 -0.697836
v 0.385277 0.685899 -0.682091
v 0.092161 0.551855 -0.670303
v 0.176853 2.231386 0.559764
v 0.211520 0.599938 0.407381
v 0.556742 0.847542 0.369024
v 0.731472 1.255039 0.360482
v 0.752221 1.466688 0.413804
v 0.500552 2.130445 0.642910
v 0.752221 1.580241 0.463737
v 0.752221 1.529222 0.351072
v 0.385277 0.694998 0.308256
v 0.669226 1.057582 0.274114
v 0.752221 1.383194 0.293455
v 0.546883 2.105684 0.545136
v 0.246609 2.212622 0.601616
v 0.092161 0.557664 0.332646
v 0.092161 2.228420 0.612316
v -0.000838 2.827778 4.897819
v 0.005831 2.730385 4.809339
v 0.542599 2.025530 0.987334
v 0.541342 2.100162 -0.645355
v 0.549116 2.107211 0.471730
v 0.503965 1.626581 2.169657
v 0.427542 1.565463 2.866591
v 0.468739 1.583746 2.513644
v 0.530004 1.689438 1.844655
v 0.379909 1.572002 3.219903
v 0.330410 1.602044 3.563851
v 0.286932 1.654160 3.891314
v 0.255377 1.735965 4.190901
v 0.235000 1.897177 4.411355
v 0.185149 2.132040 4.587455
v 0.135476 2.418162 4.743080
v 0.090623 2.662448 4.857749
v 0.589133 2.057393 0.479006
v 0.019531 2.742042 4.839247
v 0.095242 2.545131 4.773725
v 0.136111 2.277178 4.629927
v 0.191584 2.020674 4.462897
v 0.223877 1.832485 4.272503
v 0.246226 1.719151 4.020289
v 0.287976 1.655193 3.712708
v 0.332887 1.613327 3.383903
v 0.378434 1.594422 3.039480
v 0.538557 1.834274 1.419150
v 0.419099 1.600620 2.689067
v 0.453834 1.632784 2.342417
v 0.481655 1.688049 2.009482
v 0.573416 2.024645 0.839673
v 0.003787 2.765594 4.840601
v 0.170606 2.272899 -0.070444
v 0.246609 1.984676 1.436697
v 0.243005 2.227927 0.493033
v 0.411342 2.072623 1.049878
v 0.329501 1.723353 2.179796
v 0.414623 2.142021 0.772382
v 0.194514 1.685610 2.513274
v 0.179821 1.662950 2.850255
v 0.350849 1.794421 1.869619
v 0.162916 1.675891 3.196831
v 0.146197 1.714574 3.516039
v 0.135489 1.771455 3.802763
v 0.131883 1.844848 4.059903
v 0.099216 1.969666 4.258271
v 0.049794 2.170908 4.434802
v 0.020898 2.438303 4.615056
v 0.014503 2.675268 4.774769
v 0.037099 2.821035 4.945126
v 0.072639 2.871302 5.116705
v 0.113586 2.772375 5.213203
v 0.104925 2.755609 5.345526
v 0.054725 2.839607 5.460117
v 0.091364 2.768128 4.999600
v 0.414623 2.167869 0.573974
v 0.055446 2.697204 4.837712
v 0.030360 2.703110 4.812122
v 0.319755 2.200419 0.537452
v 0.411473 2.191851 -0.604291
v 0.062052 2.806498 4.978548
v 0.080100 2.804560 5.415124
v 0.032108 2.793458 5.469243
v 0.097436 2.823598 5.303926
v 0.094263 2.832460 5.164710
v 0.043086 2.756376 4.884719
v 0.079806 2.824589 5.054241
v 0.033295 2.562833 4.713748
v 0.055017 2.295333 4.543252
v 0.100936 2.053439 4.368100
v 0.144522 1.888427 4.184262
v 0.163635 1.792030 3.950377
v 0.177535 1.730558 3.667155
v 0.199092 1.684752 3.359503
v 0.222628 1.661041 3.025583
v 0.311340 1.931125 1.511649
v 0.243842 1.666499 2.683552
v 0.262170 1.706235 2.343780
v 0.319755 2.182749 0.676410
v 0.253797 2.250998 -0.092266
v 0.316474 2.027232 1.256259
v 0.272079 2.229124 0.379575
v 0.280121 1.773226 2.019988
v 0.319755 2.129704 0.934807
v 0.348681 2.239606 -0.395694
v 0.211520 0.599744 -0.422591
v 0.556742 0.841133 -0.433945
v 0.734041 1.216608 -0.425894
v 0.270033 2.251802 -0.243805
v 0.092161 0.558456 -0.454684
v 0.260168 2.255789 -0.354009
v 0.669226 1.038893 -0.467521
v 0.385277 0.692481 -0.463832
v 0.211520 0.597555 -0.494338
v 0.556742 0.837441 -0.507786
v 0.734041 1.203832 -0.504718
v 0.300609 2.248559 -0.310204
v 0.385277 0.689897 -0.549492
v 0.669226 1.029168 -0.557912
v 0.291045 2.239771 -0.467319
v 0.092161 0.555865 -0.539307
v 0.239377 2.262280 -0.276668
v 0.249309 2.245917 0.138715
v 0.385277 0.694447 -0.238333
v 0.669226 1.045188 -0.243668
v 0.220339 2.259835 0.024364
v 0.092161 0.559505 -0.225990
v 0.092161 2.274116 0.074086
v 0.202138 0.665666 1.551588
v 0.482303 0.891651 1.558266
v 0.598166 1.178092 1.588144
v 0.626607 1.409564 1.624116
v 0.574157 1.684780 1.683583
v 0.419073 1.812034 1.717309
v 0.176853 1.956990 1.553936
v 0.613143 1.571712 1.654568
v 0.507046 1.758913 1.698852
v 0.299456 1.854316 1.733158
v 0.372534 1.874816 1.594522
v 0.559157 1.761881 1.549466
v 0.646891 1.524380 1.481932
v 0.090380 1.927907 1.636624
v 0.375894 0.745887 1.411105
v 0.606295 1.031906 1.407776
v 0.651600 1.320591 1.443181
v 0.615239 1.665057 1.523181
v 0.480934 1.826490 1.564737
v 0.243751 1.912801 1.626459
v 0.092161 0.612713 1.428282
v 0.497356 1.579007 -2.373580
v 0.493650 1.705048 -1.613316
v 0.625543 1.519078 -2.051495
v 0.572698 1.628414 -1.797125
v 0.451502 1.659728 -2.131341
v 0.330528 1.715444 -1.890664
v 0.333213 1.667163 -2.421800
v 0.654040 1.640722 -1.506976
v 0.382588 1.533701 -2.621444
v 0.678296 1.539838 -1.704166
v 0.618138 1.397252 -2.243534
v 0.678126 1.697025 -1.232556
v 0.713621 1.456483 -1.540817
v 0.681515 1.246637 -1.860890
v 0.698515 1.579926 -1.392786
v 0.697397 1.375134 -1.768089
v 0.466762 1.188452 -2.493696
v 0.620711 1.148242 -2.058558
v 0.485442 1.341968 -2.540545
v 0.379192 0.864189 -1.990544
v 0.372892 0.931065 -2.225937
v 0.334168 1.183920 -2.653594
v 0.552985 0.887788 -1.602585
v 0.545471 0.943603 -1.821827
v 0.556742 0.837792 -1.188453
v 0.384896 0.730856 -1.441718
v 0.667371 0.993482 -1.449347
v 0.022467 0.623264 -1.877063
v 0.537958 0.995343 -2.035726
v 0.382234 0.796869 -1.757865
v 0.691447 1.679809 -1.183881
v 0.739312 1.389583 -1.422394
v 0.726467 1.424119 -1.481606
v 0.721481 1.141832 -1.571943
v 0.701498 1.198960 -1.716353
v 0.176668 0.624121 -2.047557
v 0.087904 0.680443 -2.131166
v 0.654386 1.044521 -1.685227
v 0.734320 1.287726 -1.563541
v 0.716418 1.334762 -1.662640
v 0.717210 1.537944 -1.318117
v 0.708146 1.559562 -1.354321
v 0.397485 1.265086 -2.561118
v 0.337241 1.324319 -2.733069
v 0.246955 1.483685 -2.809558
v 0.180034 1.163459 -2.781884
v 0.217840 1.281024 -2.836332
v 0.091767 1.067604 -2.715530
v 0.697564 1.493515 -1.614989
v 0.653469 1.307839 -2.035894
v 0.510167 1.068625 -2.259056
v 0.578690 1.237840 -2.279867
v 0.685486 1.606852 -1.444828
v 0.671664 1.437446 -1.911689
v 0.205601 0.910348 -2.414270
v 0.347830 1.026334 -2.467280
v 0.092161 0.845288 -2.298418
v 0.209619 0.830255 -2.156302
v 0.211520 0.590491 -0.725977
v 0.193202 2.211392 -0.666438
v 0.556742 0.825544 -0.746188
v 0.734041 1.162753 -0.758954
v 0.390685 2.218653 -0.502305
v 0.385277 0.682902 -0.781527
v 0.669226 1.002901 -0.802764
v 0.306019 2.215010 -0.580184
v 0.092161 2.226846 -0.614644
v 0.092161 0.548848 -0.768536
v 0.793318 1.338965 -0.303469
v 0.793265 1.276922 -0.762981
v 0.762496 1.284910 -0.378246
v 0.762506 1.220191 -0.892699
v 0.759562 1.388517 -0.894552
v 0.762448 1.325836 0.122640
v 0.738647 1.624789 -0.850985
v 0.586603 2.046282 -0.667697
v 0.738570 1.851958 0.367907
v 0.471011 2.172380 -0.622013
v 0.762496 1.284160 -0.075982
v 0.510398 2.135578 0.468086
v 0.762496 1.230592 -0.702915
v 0.443103 2.199436 -0.542458
v 0.273162 2.242894 0.022921
v 0.351474 2.240036 -0.341930
v 0.762496 1.273540 -0.463105
v 0.762496 1.283327 -0.236648
v 0.762496 1.211316 -0.811069
v 0.762070 1.452639 0.196586
v 0.761412 1.596724 0.269821
v 0.700572 1.870142 -0.751075
v 0.597878 2.061104 0.443154
v 0.528018 2.132881 -0.622388
v 0.342671 2.203588 0.461569
v 0.762496 1.256656 -0.557271
v 0.281582 2.246946 -0.187640
v 0.275647 2.234843 0.255079
v 0.413129 2.225051 -0.442079
v 0.310456 2.244287 -0.276982
v 0.773138 1.231478 -0.762483
v 0.284286 2.240113 0.137909
v 0.341437 2.242508 -0.303727
v 0.307479 2.246048 -0.240791
v 0.396182 2.233103 -0.385877
v 0.308992 2.223830 0.370240
v 0.289495 2.245425 -0.091545
v 0.563569 2.110638 0.451926
v 0.773138 1.255117 -0.630254
v 0.436818 2.172607 0.473491
v 0.508813 2.156950 -0.616679
v 0.679801 1.974952 0.404421
v 0.656216 1.969592 -0.698923
v 0.771626 1.521563 0.223268
v 0.761301 1.503602 -0.872481
v 0.772748 1.391978 0.163863
v 0.773138 1.296594 -0.312415
v 0.127653 0.883462 3.836435
v 0.072838 0.828300 3.658187
v 0.205422 0.937345 3.653811
v 0.306233 1.413607 4.038909
v 0.498545 1.339488 4.165934
v 0.680277 1.291576 4.396227
v 0.479687 1.347535 4.283070
v 0.455439 1.350139 4.411041
v 0.281020 1.420354 4.187904
v 0.660714 1.296394 4.499421
v 0.424484 1.346738 4.554740
v 0.249663 1.420684 4.348958
v 0.636535 1.296468 4.611001
v 0.386494 1.329760 4.693658
v 0.208904 1.409115 4.522222
v 0.605333 1.287759 4.731099
v 0.351483 1.302998 4.789170
v 0.166314 1.383221 4.661755
v 0.572986 1.268524 4.827896
v 0.317036 1.269052 4.860874
v 0.124088 1.345058 4.762529
v 0.541152 1.240286 4.897901
v 0.306651 1.253158 4.865943
v 0.096828 1.314736 4.810492
v 0.520707 1.217883 4.931278
v 0.310478 1.243435 4.818511
v 0.093379 1.300497 4.785273
v 0.518316 1.207412 4.913876
v 0.336831 1.245703 4.694341
v 0.109654 1.295533 4.687266
v 0.530955 1.203856 4.846000
v 0.383135 1.254756 4.490986
v 0.153918 1.303888 4.486448
v 0.564920 1.210226 4.706828
v 0.425271 1.259079 4.294483
v 0.207116 1.310915 4.236026
v 0.605798 1.215668 4.533295
v 0.460437 1.275829 4.168921
v 0.251479 1.322024 4.042986
v 0.639787 1.224060 4.399499
v 0.488889 1.297774 4.091877
v 0.289108 1.346451 3.924367
v 0.668336 1.242191 4.317197
v 0.502593 1.315501 4.075695
v 0.314018 1.370240 3.868756
v 0.687092 1.259786 4.278553
v 0.693856 1.273974 4.285904
v 0.321371 1.403471 3.931155
v 1.056704 1.274143 4.704312
v 1.037948 1.278685 4.768075
v 1.014795 1.278723 4.837026
v 0.984957 1.270422 4.911248
v 0.954075 1.252138 4.971081
v 0.923725 1.225318 5.014366
v 0.904254 1.204046 5.035011
v 0.902014 1.194115 5.024267
v 0.914134 1.190759 4.982327
v 0.946627 1.196845 4.896319
v 0.985745 1.202061 4.789080
v 1.018252 1.210065 4.706394
v 1.045504 1.227297 4.655520
v 1.063380 1.244007 4.631623
v 1.068095 1.267181 4.658216
v 0.765305 1.240015 4.936395
v 0.794654 1.262128 4.873477
v 0.792893 1.200548 4.740410
v 0.753694 1.192925 4.874207
v 0.893477 1.250905 4.467031
v 0.826676 1.276221 4.782042
v 0.852919 1.279140 4.687506
v 0.731343 1.190954 4.955894
v 0.727951 1.198919 4.987061
v 0.873554 1.277104 4.603335
v 0.889689 1.270577 4.526310
v 0.882094 1.236297 4.477734
v 0.858247 1.218166 4.528486
v 0.736541 1.212009 4.983674
v 0.828621 1.204271 4.611136
v 1.234023 1.274143 4.897950
v 1.215267 1.278685 4.927942
v 1.192114 1.278723 4.960375
v 1.162276 1.270422 4.995287
v 1.131394 1.252138 5.023431
v 1.101044 1.225318 5.043790
v 1.081572 1.204046 5.053502
v 1.079332 1.194115 5.048448
v 1.091453 1.190759 5.028720
v 1.123946 1.196845 4.988265
v 1.163064 1.202061 4.937822
v 1.195571 1.210065 4.898929
v 1.222823 1.227297 4.874999
v 1.240699 1.244007 4.863759
v 1.245414 1.267181 4.876267
v 1.153476 1.277104 4.833516
v 1.169611 1.270577 4.790179
v 1.175676 1.263097 4.767467
v 1.033616 1.192925 4.985917
v 1.011265 1.190954 5.031876
v 1.132841 1.279140 4.880873
v 1.072815 1.200548 4.910638
v 1.106598 1.276221 4.934062
v 1.108542 1.204271 4.837904
v 1.074576 1.262128 4.985506
v 1.138168 1.218166 4.791403
v 1.045227 1.240015 5.020905
v 1.162016 1.236297 4.762848
v 1.016463 1.212009 5.047505
v 1.173398 1.250905 4.756826
v 1.007872 1.198919 5.049412
v 0.087904 0.554146 -1.940106
v 0.639546 1.096051 -1.869044
v 0.022467 0.708733 -2.038122
v 0.160709 0.632243 -1.896991
v 0.160709 0.717775 -2.058062
v 0.133221 0.508374 -2.297060
v 0.066539 0.558393 -2.340633
v 0.066538 0.445625 -2.240652
v 0.019070 0.599951 -2.200423
v 0.136929 0.610319 -2.214275
v 0.019070 0.506532 -2.090686
v 0.136929 0.516848 -2.104542
v 0.104693 0.424076 -2.531749
v 0.052347 0.458051 -2.555845
v 0.052346 0.381345 -2.500429
v 0.101827 0.495800 -2.452976
v 0.101825 0.424760 -2.399330
v 0.081034 0.374976 -2.614938
v 0.046199 0.394737 -2.628667
v 0.046199 0.350116 -2.597086
v 0.084740 0.369376 -2.571606
v 0.084741 0.418213 -2.606159
v -0.012031 2.173639 4.396191
v -0.012031 2.305201 4.508920
v -0.011503 2.876676 4.962588
v -0.015473 2.803787 4.893614
v -0.003132 2.732792 4.808969
v 0.151035 1.582718 -2.854644
v 0.195195 1.389000 -2.862894
v 0.147082 1.248415 -2.868156
v 0.159419 1.486701 -2.868562
v 0.075237 1.590090 -2.864058
v 0.072864 1.243724 -2.876779
v 0.157047 1.315203 -2.875750
v 0.793734 1.468467 -0.234369
v 0.553208 2.161640 -0.076158
v 0.574374 2.146096 -0.173719
v 0.572455 2.117578 0.251975
v 0.786374 1.527601 -0.295206
v 0.785676 1.528090 0.031916
v 0.793466 1.450626 -0.586822
v 0.553432 2.150124 -0.366516
v 0.784671 1.527490 -0.656178
v 0.573594 2.123595 -0.434283
v 0.674390 1.990042 0.252869
v 0.793764 1.463087 -0.361201
v 0.553241 2.167564 -0.219598
v 0.793697 1.473772 -0.060200
v 0.786075 1.527215 -0.390311
v 0.574237 2.142753 -0.252140
v 0.793648 1.458013 -0.449115
v 0.553304 2.160769 -0.276938
v 0.597441 2.112711 -0.291313
v 0.573985 2.134852 -0.322209
v 0.785524 1.527451 -0.494755
v 0.553273 2.143624 0.159574
v 0.785843 1.529101 -0.127926
v 0.574131 2.131794 0.040829
v 0.793220 1.442608 -0.735003
v 0.732477 1.905867 -0.604067
v 0.553623 2.145594 -0.476588
v 0.772405 1.643591 -0.695113
v 0.609470 2.078372 -0.513982
v 0.670933 2.003827 -0.597531
v 0.759415 1.777445 -0.696217
v 0.571490 2.123201 -0.530490
v 0.783986 1.525534 -0.765601
v 0.796253 1.388698 -0.594914
v 0.514566 2.177372 -0.366059
v 0.499014 2.170384 0.164759
v 0.537091 2.163147 0.042773
v 0.545430 2.141001 0.257288
v 0.794549 1.466216 0.012098
v 0.796201 1.408014 -0.673958
v 0.796253 1.420085 -0.510894
v 0.537854 2.168092 -0.312908
v 0.538844 2.158461 -0.420547
v 0.604435 2.080395 -0.579805
v 0.785164 1.615206 0.185177
v 0.771198 1.643302 -0.803958
v 0.613779 2.078141 0.362384
v 0.415343 2.221519 -0.176392
v 0.796253 1.365971 -0.436141
v 0.503046 2.189676 -0.531389
v 0.796253 1.416728 -0.248239
v 0.792790 1.412260 0.131462
v 0.770728 1.737236 0.192515
v 0.680640 1.988070 0.290890
v 0.423640 2.232952 -0.378081
v 0.796253 1.408899 -0.372234
v 0.501228 2.191735 -0.220946
v 0.757368 1.780729 -0.735924
v 0.783327 1.515136 -0.808809
v 0.793286 1.264612 -0.850376
v 0.672655 1.984349 -0.680918
v 0.691013 1.991330 0.378801
v 0.441061 2.187929 0.437649
v 0.328272 2.246033 -0.088334
v 0.344057 2.247401 -0.234505
v 0.793318 1.319957 -0.500662
v 0.374028 2.243204 -0.295079
v 0.505528 1.330341 4.104522
v 0.323261 1.389502 3.879502
v 0.692137 1.284217 4.321622
v 1.069790 1.257470 4.636153
v 0.895754 1.263097 4.485944
v 1.247109 1.257470 4.865890
v 0.498856 2.186158 -0.077201
v 0.565297 2.121582 0.318566
v 0.788671 1.517770 0.087624
v 0.797031 1.422386 -0.073664
v 0.796253 1.400158 -0.459009
v 0.506199 2.186360 -0.278613
v 0.795938 1.374890 -0.752493
v 0.522653 2.173461 -0.479432
v 0.667224 2.005812 -0.636795
v 0.562698 2.131545 -0.566492
v 0.796253 1.435436 -0.313559
v 0.796383 1.442393 -0.153030
v 0.536926 2.178314 -0.169623
v 0.610445 2.071645 0.288104
v 0.776380 1.611428 0.107409
v 0.738359 1.875170 0.226928
v 0.796253 1.427590 -0.407012
v 0.537181 2.175277 -0.245844
v 0.792815 1.429628 -0.789023
v 0.546365 2.154117 -0.521560
v 0.728931 1.905709 -0.668610
v 0.771020 1.645906 -0.763376
v 0.792937 1.404643 -0.846786
v 0.796253 1.376339 -0.346253
v 0.730385 1.896909 -0.706524
v 0.540121 2.159184 -0.571757
v 0.795031 1.462425 0.103311
v 0.753660 1.874624 0.294137
v 0.516811 2.156657 0.370926
v 0.796929 1.385821 -0.025228
v 0.796201 1.334430 -0.690729
v 0.607385 2.072986 -0.620012
v 0.414226 2.200861 0.267880
v 0.484732 2.200444 -0.427358
v 0.429781 2.218802 -0.257121
v 0.796253 1.353654 -0.535269
v 0.451266 2.212952 -0.322445
v 0.411193 2.211918 0.034012
v 0.796383 1.379295 -0.194024
v 0.795959 1.321160 -0.812943
v -0.175046 2.273768 -0.271113
v -0.171350 2.274602 -0.163247
v -0.170627 2.262679 0.261031
v -0.175953 2.238483 0.502112
v -0.176854 2.189760 0.819786
v -0.176854 2.098597 1.144623
v -0.176854 1.992714 1.456945
v -0.141570 1.754096 2.154316
v -0.132064 1.681088 2.514956
v -0.122238 1.659168 2.844363
v -0.111115 1.677104 3.203599
v -0.100674 1.720202 3.521510
v -0.096593 1.780825 3.798298
v -0.000491 1.874133 4.014302
v -0.100760 1.854504 4.045105
v -0.072051 1.977551 4.240061
v -0.029786 2.176513 4.416995
v 0.001257 2.882201 4.960191
v -0.024378 2.845493 4.951777
v -0.055206 2.903636 5.129427
v -0.048226 2.865287 5.458203
v -0.005245 1.521740 5.154365
v -0.107571 1.511999 5.056986
v -0.001405 1.235895 5.010407
v -0.098810 1.217569 4.895321
v -0.062955 1.068968 4.774603
v -0.089763 0.995016 4.506158
v -0.170878 0.831602 3.257246
v -0.185483 0.723446 2.151017
v -0.211521 0.629491 1.156429
v -0.211521 0.607774 0.779620
v -0.211521 0.597959 0.219672
v -0.211521 0.600399 -0.377847
v -0.211521 0.591884 -0.928847
v -0.211426 0.632761 -1.442598
v -0.201151 0.688207 -1.811953
v -0.200664 0.778852 -2.047308
v -0.202159 0.961273 -2.534544
v -0.163690 1.219172 -2.841992
v -0.201715 1.602693 -2.790471
v -0.198465 1.690958 -2.469947
v -0.197834 1.731845 -1.924555
v -0.187963 2.247939 -0.483936
v -0.180244 2.265216 -0.360387
v -0.286536 0.996284 3.259252
v -0.369875 0.930148 2.130134
v -0.549659 0.864060 1.125385
v -0.555826 0.849626 0.742179
v -0.556742 0.847382 0.178984
v -0.556742 0.842409 -0.389277
v -0.556742 0.823912 -0.951042
v -0.366967 1.172955 3.258722
v -0.497919 1.154596 2.126061
v -0.683234 1.205704 1.106886
v -0.725263 1.237059 0.733007
v -0.793318 1.338229 -0.371224
v -0.728975 1.125833 -1.443899
v -0.407930 1.327223 3.251978
v -0.556496 1.343850 2.137371
v -0.702612 1.460638 1.148050
v -0.745984 1.476723 0.800513
v -0.751354 1.386240 -0.961237
v -0.744561 1.379184 -1.338791
v -0.532314 1.588562 2.164805
v -0.760527 1.873856 0.336150
v -0.689138 1.872346 -0.757729
v -0.382480 1.705552 2.179005
v -0.461022 1.939925 1.317601
v -0.495380 2.054682 1.010656
v -0.493874 1.547649 2.511819
v -0.356498 1.657396 2.515292
v -0.449409 1.530657 2.868462
v -0.211521 0.599107 -0.048369
v -0.556742 0.843569 -0.073314
v -0.211521 0.601517 0.512819
v -0.556742 0.847554 0.474391
v -0.731473 1.250715 0.466557
v -0.752221 1.469743 0.525651
v -0.500552 2.115356 0.751460
v -0.327301 1.636564 2.859122
v -0.181148 0.761012 2.537733
v -0.337928 0.949158 2.507375
v -0.452254 1.149299 2.496798
v -0.510994 1.320118 2.499618
v -0.177875 0.787489 2.812150
v -0.312960 0.968051 2.852606
v -0.410867 1.155173 2.867580
v -0.462781 1.314842 2.870718
v -0.154748 1.842018 1.857233
v -0.194133 0.681419 1.708729
v -0.429285 0.907592 1.735558
v -0.557040 1.168967 1.761448
v -0.600324 1.384395 1.789973
v -0.559848 1.649489 1.837109
v -0.406108 1.773586 1.864537
v -0.398429 1.537425 3.226846
v -0.293388 1.643957 3.201575
v -0.258475 1.024413 3.663899
v -0.324952 1.201384 3.659405
v -0.347560 1.359718 3.638880
v -0.346166 1.567127 3.577969
v -0.247121 1.062594 4.090804
v -0.304123 1.251658 4.066512
v -0.296555 1.423305 4.021171
v -0.303760 1.618690 3.915345
v -0.210886 1.200037 4.577195
v -0.306751 1.388666 4.427505
v -0.312228 1.545411 4.335748
v -0.280563 1.700318 4.227212
v -0.205365 1.537026 4.864160
v -0.255529 1.646863 4.698402
v -0.275396 1.764900 4.581276
v -0.253994 1.872999 4.454179
v -0.184050 1.917691 5.052844
v -0.220993 1.987837 4.895393
v -0.236668 2.062032 4.768658
v -0.206559 2.120673 4.631330
v -0.155376 2.321321 5.199798
v -0.184198 2.361570 5.052786
v -0.193284 2.400950 4.923824
v -0.156986 2.418994 4.784519
v -0.119836 2.660769 5.314110
v -0.133974 2.681779 5.177763
v -0.133823 2.695855 5.046586
v -0.103694 2.679211 4.899446
v -0.257880 1.675895 3.529823
v -0.227139 1.727167 3.838272
v -0.206968 1.799793 4.121530
v -0.189551 1.937974 4.331654
v -0.134868 2.150645 4.506988
v -0.087828 2.416880 4.669723
v -0.065263 2.612215 4.778626
v -0.067321 2.909505 5.267336
v -0.065526 2.896349 5.391951
v -0.074471 2.647261 5.416783
v -0.088720 2.306865 5.323996
v -0.001198 2.302258 5.383082
v -0.100900 1.894835 5.201714
v -0.004264 1.896694 5.277088
v -0.114176 0.907976 4.041909
v -0.039407 2.881043 5.039374
v -0.688365 1.648829 1.170870
v -0.563495 1.486685 2.151503
v -0.752221 1.571332 0.570016
v -0.521138 1.452239 2.505998
v -0.472749 1.439611 2.870586
v -0.595603 1.540183 1.814712
v -0.417221 1.448238 3.240203
v -0.359217 1.479103 3.607459
v -0.312819 1.535362 3.963086
v -0.300313 1.630077 4.279952
v -0.264693 1.825588 4.516227
v -0.221522 2.095379 4.697775
v -0.174691 2.413007 4.851245
v -0.116697 2.691179 4.969791
v -0.211521 0.592099 -0.673250
v -0.556742 0.828249 -0.691921
v -0.170286 2.270545 0.037588
v -0.176854 2.224470 0.609641
v -0.211521 0.598730 0.326549
v -0.556742 0.847579 0.287526
v -0.731473 1.258343 0.274073
v -0.752221 1.463149 0.322406
v -0.729871 1.842561 0.434576
v -0.500552 2.137845 0.558294
v -0.752221 1.622319 0.399637
v -0.009721 2.756241 4.839870
v -0.571410 1.990772 0.971962
v -0.468874 1.657862 2.173504
v -0.399650 1.594250 2.864315
v -0.573416 2.046155 0.721709
v -0.437066 1.613482 2.514759
v -0.493828 1.722136 1.851037
v -0.355998 1.600869 3.213147
v -0.309935 1.631525 3.550755
v -0.266808 1.684384 3.869356
v -0.230495 1.766261 4.157381
v -0.214773 1.917423 4.372170
v -0.162600 2.141004 4.547782
v -0.113274 2.416214 4.706264
v -0.077478 2.645078 4.821232
v -0.313550 1.972124 1.403949
v -0.328132 2.233703 0.255066
v -0.318935 2.083932 1.092053
v -0.270982 1.737366 2.177448
v -0.319756 2.163119 0.793325
v -0.253264 1.681917 2.514106
v -0.233699 1.659650 2.853562
v -0.289607 1.812611 1.871768
v -0.210976 1.669725 3.195577
v -0.187703 1.705303 3.516863
v -0.169282 1.759730 3.811340
v -0.156686 1.833062 4.077080
v -0.126240 1.960946 4.278933
v -0.075048 2.165153 4.455096
v -0.041036 2.431915 4.630244
v -0.030252 2.661945 4.779222
v -0.053349 2.789445 4.936168
v -0.088337 2.831080 5.100781
v -0.097369 2.829657 5.235825
v -0.092376 2.814996 5.365023
v -0.060160 2.796109 5.450956
v -0.070452 2.815544 5.016395
v -0.374927 2.230646 -0.449931
v -0.319756 2.193535 0.589355
v -0.034384 2.722522 4.838578
v -0.211521 0.598695 -0.456971
v -0.556742 0.839364 -0.469328
v -0.556742 0.842871 -0.245838
v -0.358261 2.245282 -0.265856
v -0.211521 0.596106 -0.541853
v -0.556742 0.834998 -0.556689
v -0.211521 0.599973 -0.229076
v -0.325928 2.242548 0.025982
v -0.209175 0.652739 1.423987
v -0.529280 0.877246 1.401684
v -0.637036 1.187233 1.423551
v -0.653660 1.432725 1.463648
v -0.590985 1.718894 1.541780
v -0.432530 1.852096 1.578703
v -0.173913 1.924931 1.636597
v -0.633387 1.600256 1.500841
v -0.521794 1.796814 1.554399
v -0.307443 1.894951 1.610878
v -0.653712 1.713955 -1.293765
v -0.647080 1.573694 -1.749711
v -0.464174 1.682747 -1.844684
v -0.504067 1.361503 -2.483954
v -0.432139 1.635814 -2.320703
v -0.706396 1.472809 -1.574163
v -0.669507 1.271934 -1.940807
v -0.426484 1.259043 -2.612135
v -0.529132 1.026979 -2.145537
v -0.290904 1.168670 -2.638282
v -0.208424 0.868001 -2.282612
v -0.555803 0.859936 -1.442402
v -0.549228 0.917095 -1.714045
v -0.541715 0.969093 -1.928273
v -0.732889 1.406370 -1.452000
v -0.720044 1.441325 -1.511212
v -0.711489 1.170835 -1.644148
v -0.691506 1.224721 -1.788589
v -0.154477 0.575038 -1.972928
v -0.021331 0.564828 -1.955049
v -0.246655 1.371836 -2.825579
v -0.687931 1.516545 -1.659566
v -0.635609 1.350797 -2.139141
v -0.487299 1.121908 -2.375402
v -0.211521 0.589094 -0.771784
v -0.191706 2.223887 -0.606029
v -0.556742 0.823196 -0.793332
v -0.793244 1.269502 -0.811654
v -0.734041 1.219355 -0.238409
v -0.734041 1.220618 -0.379845
v -0.734041 1.154711 -0.808964
v -0.740588 1.168228 -0.948277
v -0.754683 1.451798 0.214614
v -0.740578 1.275365 0.146797
v -0.754519 1.596646 0.286116
v -0.591320 2.059731 0.455530
v -0.732046 1.849685 0.380402
v -0.734041 1.220237 -0.075673
v -0.314138 2.208945 0.487366
v -0.503014 2.136176 0.481614
v -0.734041 1.195393 -0.556869
v -0.734041 1.172089 -0.701084
v -0.401139 2.205199 -0.553522
v -0.251554 2.248459 0.023209
v -0.258977 2.252468 -0.187881
v -0.253879 2.240448 0.256690
v -0.320918 2.245566 -0.346737
v -0.734041 1.210480 -0.463687
v -0.284674 2.250124 -0.278444
v -0.773138 1.294745 -0.236637
v -0.773138 1.222864 -0.811127
v -0.770277 1.391813 -0.887503
v -0.749487 1.625508 -0.844160
v -0.597552 2.046729 -0.661078
v -0.605752 2.064539 0.436326
v -0.537691 2.134148 -0.614780
v -0.773138 1.295527 -0.076854
v -0.354610 2.204220 0.454738
v -0.518756 2.138308 0.461041
v -0.456631 2.198242 -0.539193
v -0.426412 2.223766 -0.438995
v -0.364406 2.239394 -0.338356
v -0.773138 1.284880 -0.464149
v -0.142403 0.867070 3.647557
v -0.315764 1.408399 3.974598
v -0.687722 1.287805 4.351696
v -0.294183 1.417967 4.113531
v -0.670906 1.294712 4.447906
v -0.266321 1.421137 4.265291
v -0.649368 1.296890 4.553032
v -0.230655 1.417256 4.435676
v -0.621947 1.293850 4.671098
v -0.186696 1.397393 4.600335
v -0.588433 1.279036 4.785274
v -0.146023 1.365981 4.713484
v -0.557668 1.255761 4.863820
v -0.105895 1.326095 4.798371
v -0.527483 1.226269 4.922825
v -0.093714 1.307397 4.804317
v -0.518444 1.212479 4.927036
v -0.097976 1.295915 4.748032
v -0.521945 1.204074 4.888097
v -0.128330 1.298480 4.600799
v -0.545297 1.206119 4.786078
v -0.181739 1.308964 4.359697
v -0.586272 1.214100 4.618987
v -0.230285 1.313886 4.126700
v -0.623602 1.217973 4.457538
v -0.270990 1.333492 3.977878
v -0.654613 1.232582 4.354334
v -0.304046 1.359251 3.886608
v -0.679612 1.251666 4.290975
v -0.320073 1.380098 3.867493
v -0.691574 1.267054 4.277629
v -0.694016 1.279908 4.301270
v -0.323666 1.397584 3.901737
v -1.063851 1.270577 4.676797
v -1.047716 1.277104 4.736244
v -1.027081 1.279140 4.801205
v -1.000838 1.276221 4.874165
v -0.968816 1.262128 4.944734
v -0.939467 1.240015 4.993291
v -0.910703 1.212009 5.029780
v -0.902113 1.198919 5.032395
v -0.905505 1.190954 5.008340
v -0.927856 1.192925 4.945296
v -0.967055 1.200548 4.842035
v -1.002782 1.204271 4.742264
v -1.032409 1.218166 4.678477
v -1.056256 1.236297 4.639307
v -1.067639 1.250905 4.631046
v -1.069916 1.263097 4.645643
v -1.241170 1.270577 4.885008
v -1.225035 1.277104 4.912970
v -1.204400 1.279140 4.943525
v -1.178157 1.276221 4.977844
v -1.146135 1.262128 5.011038
v -1.116786 1.240015 5.033878
v -1.088022 1.212009 5.051041
v -1.079431 1.198919 5.052271
v -1.082824 1.190954 5.040956
v -1.105175 1.192925 5.011302
v -1.144374 1.200548 4.962731
v -1.180101 1.204271 4.915802
v -1.209727 1.218166 4.885798
v -1.233575 1.236297 4.867373
v -1.244957 1.250905 4.863488
v -1.247235 1.263097 4.870354
v -0.154477 0.669791 -2.116225
v -0.021331 0.659521 -2.098342
v -0.116550 0.464485 -2.257964
v -0.116551 0.549081 -2.332947
v -0.091606 0.394211 -2.510067
v -0.091607 0.451752 -2.551625
v -0.073018 0.362051 -2.595519
v -0.073019 0.396354 -2.619793
v 0.018046 2.202610 4.434245
v 0.001828 2.873522 4.948246
v 0.019085 2.849382 4.943494
v 0.007783 2.758665 4.839816
v -0.163299 1.390987 -2.872612
v -0.130342 1.264423 -2.877349
v -0.133901 1.565387 -2.865184
v -0.209139 1.756374 -1.499546
v -0.194699 2.198896 -0.726848
v -0.574768 2.048378 -0.674316
v -0.682196 1.691764 -1.217683
v -0.688487 1.683635 -1.194698
v -0.791840 1.486193 -0.002732
v -0.556108 2.134804 0.228889
v -0.796175 1.381397 -0.678758
v -0.733477 1.910258 -0.552846
v -0.519333 2.173214 -0.422921
v -0.770332 1.666457 -0.614093
v -0.775896 1.610918 -0.372642
v -0.796253 1.395412 -0.516489
v -0.509730 2.182799 -0.315679
v -0.597160 2.108595 -0.332285
v -0.498757 2.178053 0.041532
v -0.775433 1.601705 -0.101227
v -0.790685 1.460112 -0.766916
v -0.731091 1.903632 -0.645813
v -0.556347 2.142385 -0.510981
v -0.771762 1.644876 -0.739295
v -0.608035 2.077270 -0.557160
v -0.793683 1.471121 -0.147551
v -0.793784 1.465794 -0.309352
v -0.553211 2.152595 0.041338
v -0.553230 2.167662 -0.170582
v -0.516143 2.155479 0.286558
v -0.771494 1.635465 0.080478
v -0.796182 1.443825 0.026599
v -0.793571 1.454991 -0.507357
v -0.793345 1.446104 -0.668906
v -0.553365 2.156290 -0.314846
v -0.553515 2.145487 -0.423310
v -0.793709 1.460457 -0.403321
v -0.553260 2.164286 -0.247090
v -0.602831 2.081161 -0.596046
v -0.790800 1.370492 0.096026
v -0.791778 1.475271 0.160851
v -0.796253 1.413346 -0.321352
v -0.524256 2.153938 0.429705
v -0.499588 2.191713 -0.171381
v -0.769064 1.638565 -0.825578
v -0.779718 1.609029 0.132965
v -0.611037 2.061482 -0.642538
v -0.611265 2.073525 0.313670
v -0.793318 1.326957 -0.458453
v -0.796253 1.404224 -0.413811
v -0.503517 2.189018 -0.248992
v -0.394705 2.239613 -0.329910
v -0.796448 1.419567 -0.162481
v -0.479570 2.202237 -0.533160
v -0.743702 1.873285 0.250435
v -0.451362 2.223960 -0.432231
v -0.793706 1.395554 -0.813197
v -0.532475 2.167397 -0.535840
v -0.728022 1.905625 -0.684750
v -0.770669 1.645706 -0.780538
v 0.175045 2.273768 -0.271113
v 0.171350 2.274602 -0.163247
v 0.170627 2.262679 0.261031
v 0.175953 2.238483 0.502112
v 0.176853 2.189760 0.819786
v 0.176853 2.098597 1.144623
v 0.176853 1.992714 1.456945
v 0.141570 1.754096 2.154316
v 0.132064 1.681088 2.514956
v 0.122238 1.659168 2.844363
v 0.111115 1.677104 3.203599
v 0.100674 1.720202 3.521510
v 0.096593 1.780825 3.798298
v 0.000491 1.874133 4.014302
v 0.100759 1.854504 4.045105
v 0.072051 1.977551 4.240061
v 0.029786 2.176513 4.416995
v -0.001257 2.882201 4.960191
v 0.024378 2.845493 4.951777
v 0.055206 2.903636 5.129427
v 0.048226 2.865287 5.458203
v 0.005245 1.521740 5.154365
v 0.107571 1.511999 5.056986
v 0.001405 1.235895 5.010407
v 0.098810 1.217569 4.895321
v 0.062955 1.068968 4.774603
v 0.089763 0.995016 4.506158
v 0.170878 0.831602 3.257246
v 0.185483 0.723446 2.151017
v 0.211520 0.629491 1.156429
v 0.211520 0.607774 0.779620
v 0.211520 0.597959 0.219672
v 0.211520 0.600399 -0.377847
v 0.211520 0.591884 -0.928847
v 0.211425 0.632761 -1.442598
v 0.201151 0.688207 -1.811953
v 0.200664 0.778852 -2.047308
v 0.202159 0.961273 -2.534544
v 0.163690 1.219172 -2.841992
v 0.201715 1.602693 -2.790471
v 0.198465 1.690958 -2.469947
v 0.197833 1.731845 -1.924555
v 0.187962 2.247939 -0.483936
v 0.180243 2.265216 -0.360387
v 0.286536 0.996284 3.259252
v 0.369874 0.930148 2.130134
v 0.549659 0.864060 1.125385
v 0.555826 0.849626 0.742179
v 0.556742 0.847382 0.178984
v 0.556742 0.842409 -0.389277
v 0.556742 0.823912 -0.951042
v 0.366967 1.172955 3.258722
v 0.497919 1.154596 2.126061
v 0.683233 1.205704 1.106886
v 0.725263 1.237059 0.733007
v 0.793318 1.338229 -0.371224
v 0.728975 1.125833 -1.443899
v 0.407930 1.327223 3.251978
v 0.556496 1.343850 2.137371
v 0.702612 1.460638 1.148050
v 0.745984 1.476723 0.800513
v 0.751354 1.386240 -0.961237
v 0.744561 1.379184 -1.338791
v 0.532314 1.588562 2.164805
v 0.634322 1.774169 1.298555
v 0.760527 1.873856 0.336150
v 0.382480 1.705552 2.179005
v 0.461022 1.939925 1.317601
v 0.495380 2.054682 1.010656
v 0.493874 1.547649 2.511819
v 0.356498 1.657396 2.515292
v 0.449409 1.530657 2.868462
v 0.211520 0.599107 -0.048369
v 0.556742 0.843569 -0.073314
v 0.793487 1.339940 -0.065038
v 0.211520 0.601517 0.512819
v 0.556742 0.847554 0.474391
v 0.731472 1.250715 0.466557
v 0.752221 1.469743 0.525651
v 0.500552 2.115356 0.751460
v 0.327301 1.636564 2.859122
v 0.181147 0.761012 2.537733
v 0.337928 0.949158 2.507375
v 0.452254 1.149299 2.496798
v 0.510994 1.320118 2.499618
v 0.177875 0.787489 2.812150
v 0.312959 0.968051 2.852606
v 0.410867 1.155173 2.867580
v 0.462781 1.314842 2.870718
v 0.154748 1.842018 1.857233
v 0.194132 0.681419 1.708729
v 0.429285 0.907592 1.735558
v 0.557040 1.168967 1.761448
v 0.600324 1.384395 1.789973
v 0.559848 1.649489 1.837109
v 0.406108 1.773586 1.864537
v 0.398429 1.537425 3.226846
v 0.293388 1.643957 3.201575
v 0.258475 1.024413 3.663899
v 0.324952 1.201384 3.659405
v 0.347560 1.359718 3.638880
v 0.346166 1.567127 3.577969
v 0.247121 1.062594 4.090804
v 0.304123 1.251658 4.066512
v 0.296555 1.423305 4.021171
v 0.303760 1.618690 3.915345
v 0.210886 1.200037 4.577195
v 0.306750 1.388666 4.427505
v 0.312228 1.545411 4.335748
v 0.280563 1.700318 4.227212
v 0.205365 1.537026 4.864160
v 0.255529 1.646863 4.698402
v 0.275396 1.764900 4.581276
v 0.253994 1.872999 4.454179
v 0.184050 1.917691 5.052844
v 0.220993 1.987837 4.895393
v 0.236668 2.062032 4.768658
v 0.206559 2.120673 4.631330
v 0.155376 2.321321 5.199798
v 0.184198 2.361570 5.052786
v 0.193284 2.400950 4.923824
v 0.156986 2.418994 4.784519
v 0.119836 2.660769 5.314110
v 0.133974 2.681779 5.177763
v 0.133823 2.695855 5.046586
v 0.103694 2.679211 4.899446
v 0.257880 1.675895 3.529823
v 0.227139 1.727167 3.838272
v 0.206968 1.799793 4.121530
v 0.189551 1.937974 4.331654
v 0.134868 2.150645 4.506988
v 0.087827 2.416880 4.669723
v 0.065263 2.612215 4.778626
v 0.067321 2.909505 5.267336
v 0.065526 2.896349 5.391951
v 0.074471 2.647261 5.416783
v 0.088719 2.306865 5.323996
v 0.001198 2.302258 5.383082
v 0.100900 1.894835 5.201714
v 0.004263 1.896694 5.277088
v 0.114176 0.907976 4.041909
v 0.039406 2.881043 5.039374
v 0.743947 1.586009 0.844803
v 0.688365 1.648829 1.170870
v 0.563495 1.486685 2.151503
v 0.521138 1.452239 2.505998
v 0.472748 1.439611 2.870586
v 0.595603 1.540183 1.814712
v 0.417221 1.448238 3.240203
v 0.359217 1.479103 3.607459
v 0.312818 1.535362 3.963086
v 0.300313 1.630077 4.279952
v 0.264693 1.825588 4.516227
v 0.221522 2.095379 4.697775
v 0.174691 2.413007 4.851245
v 0.116697 2.691179 4.969791
v 0.211520 0.592099 -0.673250
v 0.556742 0.828249 -0.691921
v 0.793305 1.286834 -0.702116
v 0.170286 2.270545 0.037588
v 0.176853 2.224470 0.609641
v 0.211520 0.598730 0.326549
v 0.556742 0.847579 0.287526
v 0.731472 1.258343 0.274073
v 0.752221 1.463149 0.322406
v 0.500552 2.137845 0.558294
v 0.752221 1.622319 0.399637
v 0.009721 2.756241 4.839870
v 0.571410 1.990772 0.971962
v 0.569522 1.879244 1.244142
v 0.468874 1.657862 2.173504
v 0.399649 1.594250 2.864315
v 0.437065 1.613482 2.514759
v 0.493828 1.722136 1.851037
v 0.355998 1.600869 3.213147
v 0.309935 1.631525 3.550755
v 0.266808 1.684384 3.869356
v 0.230495 1.766261 4.157381
v 0.214773 1.917423 4.372170
v 0.162599 2.141004 4.547782
v 0.113274 2.416214 4.706264
v 0.077478 2.645078 4.821232
v 0.595766 2.042843 0.530009
v 0.313550 1.972124 1.403949
v 0.378614 2.209497 0.422141
v 0.318935 2.083932 1.092053
v 0.270982 1.737366 2.177448
v 0.319755 2.163119 0.793325
v 0.253264 1.681917 2.514106
v 0.233699 1.659650 2.853562
v 0.289606 1.812611 1.871768
v 0.210976 1.669725 3.195577
v 0.187703 1.705303 3.516863
v 0.169282 1.759730 3.811340
v 0.156686 1.833062 4.077080
v 0.126240 1.960946 4.278933
v 0.075048 2.165153 4.455096
v 0.041036 2.431915 4.630244
v 0.030252 2.661945 4.779222
v 0.053349 2.789445 4.936168
v 0.088336 2.831080 5.100781
v 0.097369 2.829657 5.235825
v 0.092376 2.814996 5.365023
v 0.060160 2.796109 5.450956
v 0.070452 2.815544 5.016395
v 0.374927 2.230646 -0.449931
v 0.319755 2.193535 0.589355
v 0.034384 2.722522 4.838578
v 0.211520 0.598695 -0.456971
v 0.556742 0.839364 -0.469328
v 0.556742 0.842871 -0.245838
v 0.211520 0.596106 -0.541853
v 0.556742 0.834998 -0.556689
v 0.793318 1.311188 -0.554017
v 0.211520 0.599973 -0.229076
v 0.793350 1.337785 -0.225969
v 0.209175 0.652739 1.423987
v 0.529280 0.877246 1.401684
v 0.637036 1.187233 1.423551
v 0.653660 1.432725 1.463648
v 0.590984 1.718894 1.541780
v 0.432530 1.852096 1.578703
v 0.173912 1.924931 1.636597
v 0.633386 1.600256 1.500841
v 0.521794 1.796814 1.554399
v 0.307442 1.894951 1.610878
v 0.647080 1.573694 -1.749711
v 0.464174 1.682747 -1.844684
v 0.504067 1.361503 -2.483954
v 0.432139 1.635814 -2.320703
v 0.706396 1.472809 -1.574163
v 0.669507 1.271934 -1.940807
v 0.426484 1.259043 -2.612135
v 0.529132 1.026979 -2.145537
v 0.290904 1.168670 -2.638282
v 0.208424 0.868001 -2.282612
v 0.555802 0.859936 -1.442402
v 0.549228 0.917095 -1.714045
v 0.541715 0.969093 -1.928273
v 0.732889 1.406370 -1.452000
v 0.720044 1.441325 -1.511212
v 0.711489 1.170835 -1.644148
v 0.691506 1.224721 -1.788589
v 0.154477 0.575038 -1.972928
v 0.021331 0.564828 -1.955049
v 0.246655 1.371836 -2.825579
v 0.687930 1.516545 -1.659566
v 0.635609 1.350797 -2.139141
v 0.487298 1.121908 -2.375402
v 0.211520 0.589094 -0.771784
v 0.191706 2.223887 -0.606029
v 0.556742 0.823196 -0.793332
v 0.734041 1.219355 -0.238409
v 0.734041 1.220618 -0.379845
v 0.734041 1.154711 -0.808964
v 0.740588 1.168228 -0.948277
v 0.790377 1.407238 -0.868513
v 0.754683 1.451798 0.214614
v 0.740578 1.275365 0.146797
v 0.754519 1.596646 0.286116
v 0.730588 1.885142 -0.726631
v 0.591320 2.059731 0.455530
v 0.732045 1.849685 0.380402
v 0.734041 1.220237 -0.075673
v 0.314138 2.208945 0.487366
v 0.503013 2.136176 0.481614
v 0.734041 1.195393 -0.556869
v 0.734041 1.172089 -0.701084
v 0.401139 2.205199 -0.553522
v 0.251554 2.248459 0.023209
v 0.258977 2.252468 -0.187881
v 0.253879 2.240448 0.256690
v 0.320918 2.245566 -0.346737
v 0.734041 1.210480 -0.463687
v 0.284674 2.250124 -0.278444
v 0.773138 1.294745 -0.236637
v 0.773138 1.296326 -0.378734
v 0.773138 1.222864 -0.811127
v 0.773158 1.231693 -0.886413
v 0.770277 1.391813 -0.887503
v 0.711945 1.870481 -0.744422
v 0.747427 1.856259 0.361250
v 0.773138 1.267982 -0.558394
v 0.456631 2.198242 -0.539193
v 0.426412 2.223766 -0.438995
v 0.323665 2.244155 -0.273901
v 0.142402 0.867070 3.647557
v 0.315764 1.408399 3.974598
v 0.687722 1.287805 4.351696
v 0.294183 1.417967 4.113531
v 0.670906 1.294712 4.447906
v 0.266321 1.421137 4.265291
v 0.649368 1.296890 4.553032
v 0.230655 1.417256 4.435676
v 0.621947 1.293850 4.671098
v 0.186696 1.397393 4.600335
v 0.588432 1.279036 4.785274
v 0.146023 1.365981 4.713484
v 0.557668 1.255761 4.863820
v 0.105895 1.326095 4.798371
v 0.527483 1.226269 4.922825
v 0.093714 1.307397 4.804317
v 0.518444 1.212479 4.927036
v 0.097976 1.295915 4.748032
v 0.521945 1.204074 4.888097
v 0.128330 1.298480 4.600799
v 0.545297 1.206119 4.786078
v 0.181739 1.308964 4.359697
v 0.586272 1.214100 4.618987
v 0.230284 1.313886 4.126700
v 0.623602 1.217973 4.457538
v 0.270990 1.333492 3.977878
v 0.654613 1.232582 4.354334
v 0.304046 1.359251 3.886608
v 0.679611 1.251666 4.290975
v 0.320072 1.380098 3.867493
v 0.691574 1.267054 4.277629
v 0.694016 1.279908 4.301270
v 0.323666 1.397584 3.901737
v 1.063851 1.270577 4.676797
v 1.047716 1.277104 4.736244
v 1.027081 1.279140 4.801205
v 1.000838 1.276221 4.874165
v 0.968816 1.262128 4.944734
v 0.939467 1.240015 4.993291
v 0.910703 1.212009 5.029780
v 0.902112 1.198919 5.032395
v 0.905505 1.190954 5.008340
v 0.927856 1.192925 4.945296
v 0.967055 1.200548 4.842035
v 1.002782 1.204271 4.742264
v 1.032408 1.218166 4.678477
v 1.056256 1.236297 4.639307
v 1.067638 1.250905 4.631046
v 1.069916 1.263097 4.645643
v 1.241170 1.270577 4.885008
v 1.225034 1.277104 4.912970
v 1.204400 1.279140 4.943525
v 1.178157 1.276221 4.977844
v 1.146134 1.262128 5.011038
v 1.116786 1.240015 5.033878
v 1.088022 1.212009 5.051041
v 1.079431 1.198919 5.052271
v 1.082824 1.190954 5.040956
v 1.105175 1.192925 5.011302
v 1.144374 1.200548 4.962731
v 1.180101 1.204271 4.915802
v 1.209727 1.218166 4.885798
v 1.233575 1.236297 4.867373
v 1.244957 1.250905 4.863488
v 1.247235 1.263097 4.870354
v 0.154477 0.669791 -2.116225
v 0.021331 0.659521 -2.098342
v 0.116549 0.464485 -2.257964
v 0.116551 0.549081 -2.332947
v 0.091606 0.394211 -2.510067
v 0.091607 0.451752 -2.551625
v 0.073018 0.362051 -2.595519
v 0.073019 0.396354 -2.619793
v -0.000000 2.277597 -0.255223
v -0.000000 2.278183 -0.064564
v -0.000000 2.266273 0.268958
v -0.000000 2.242002 0.505139
v -0.000000 2.192708 0.823223
v -0.000000 2.096857 1.151420
v -0.000000 1.990966 1.463694
v -0.000000 1.757422 2.108097
v -0.000000 1.655939 2.526454
v -0.000000 1.638639 2.827217
v -0.000000 1.669529 3.227534
v -0.000000 1.722267 3.544409
v -0.000000 1.814619 3.857216
v -0.000000 1.956877 4.155777
v -0.000000 2.177557 4.386321
v -0.018046 2.202610 4.434245
v -0.000000 2.521277 4.624418
v -0.000000 2.374900 4.555414
v -0.000000 2.654389 4.733946
v -0.000000 2.724669 4.799282
v -0.001828 2.873522 4.948246
v -0.019085 2.849382 4.943494
v -0.000000 2.945424 5.145576
v -0.000000 2.876735 5.473970
v -0.000000 1.090827 4.881441
v -0.000000 0.936626 4.533975
v -0.000000 0.790166 3.259789
v -0.000000 0.677489 2.154433
v -0.000000 0.581886 1.161036
v -0.000000 0.560302 0.785467
v -0.000000 0.550123 0.225518
v -0.000000 0.553400 -0.375615
v -0.000000 0.544744 -0.925235
v -0.000000 0.586246 -1.438440
v -0.000000 0.638136 -1.821407
v -0.000000 0.742426 -2.042730
v -0.000000 0.934848 -2.555696
v -0.000000 1.190942 -2.841875
v -0.000000 1.633151 -2.805396
v -0.000000 1.698446 -2.485985
v -0.000000 1.737276 -1.935840
v -0.000000 2.250661 -0.489475
v -0.000000 2.268358 -0.362513
v -0.000000 0.553887 0.518916
v -0.000000 0.551643 -0.044153
v -0.000000 2.274116 0.098153
v -0.000000 0.717608 2.542621
v -0.000000 0.745053 2.805634
v -0.000000 1.858818 1.811525
v -0.000000 0.633086 1.704763
v -0.000000 2.937697 5.406619
v -0.000000 2.956278 5.285697
v -0.000000 2.576471 5.447065
v -0.000000 0.848610 4.075068
v -0.000000 2.919675 5.032410
v -0.000000 0.545123 -0.670303
v -0.000000 2.228420 0.612316
v -0.000000 0.550931 0.332646
v -0.000000 2.794257 4.863585
v -0.007783 2.758665 4.839816
v -0.000000 2.793583 5.474000
v -0.000000 0.551723 -0.454684
v -0.000000 0.549133 -0.539307
v -0.000000 0.552772 -0.225990
v -0.000000 1.927107 1.634110
v -0.000000 0.605980 1.428282
v -0.000000 1.065002 -2.715366
v 0.163298 1.390987 -2.872612
v -0.000000 0.844018 -2.296104
v -0.000000 2.226846 -0.614644
v -0.000000 0.542115 -0.768536
v -0.000000 0.816791 3.667723
v -0.000000 0.580912 -2.274873
v -0.000000 0.460715 -2.156190
v -0.000000 0.447846 -2.555411
v -0.000000 0.383256 -2.509023
v -0.000000 0.392674 -2.625708
v -0.000000 0.349687 -2.595277
v -0.000000 1.240895 -2.875952
v 0.130342 1.264423 -2.877349
v -0.000000 1.588946 -2.864058
v 0.133901 1.565387 -2.865184
v -0.000000 1.761079 -1.511773
v 0.194699 2.198896 -0.726848
v -0.000000 2.202191 -0.738483
v 0.426828 2.174574 -0.653960
v 0.791840 1.486193 -0.002732
v 0.556108 2.134804 0.228889
v 0.776495 1.605132 -0.276090
v 0.796174 1.381397 -0.678758
v 0.733477 1.910258 -0.552846
v 0.519333 2.173214 -0.422921
v 0.597938 2.119075 -0.177945
v 0.597663 2.115948 -0.259093
v 0.796253 1.395412 -0.516489
v 0.509730 2.182799 -0.315679
v 0.597159 2.108595 -0.332285
v 0.498757 2.178053 0.041532
v 0.597452 2.105867 0.040783
v 0.790684 1.460112 -0.766916
v 0.731091 1.903632 -0.645813
v 0.556347 2.142385 -0.510981
v 0.771762 1.644876 -0.739295
v 0.608035 2.077270 -0.557160
v 0.793683 1.471121 -0.147551
v 0.793783 1.465794 -0.309352
v 0.553210 2.152595 0.041338
v 0.553230 2.167662 -0.170582
v 0.616304 2.066968 0.244975
v 0.516143 2.155479 0.286558
v 0.771494 1.635465 0.080478
v 0.796182 1.443825 0.026599
v 0.793571 1.454991 -0.507357
v 0.793345 1.446104 -0.668906
v 0.553365 2.156290 -0.314846
v 0.553515 2.145487 -0.423310
v 0.793709 1.460457 -0.403321
v 0.553260 2.164286 -0.247090
v 0.602831 2.081161 -0.596046
v 0.790800 1.370492 0.096026
v 0.791071 1.274222 -0.870001
v 0.796253 1.413346 -0.321352
v 0.499588 2.191713 -0.171381
v 0.769064 1.638565 -0.825578
v 0.779718 1.609029 0.132965
v 0.614985 2.079863 0.409307
v 0.611265 2.073525 0.313670
v 0.333400 2.248129 -0.181756
v 0.796253 1.404224 -0.413811
v 0.503517 2.189018 -0.248992
v 0.394705 2.239613 -0.329910
v 0.796448 1.419567 -0.162481
v 0.743702 1.873285 0.250435
v 0.793706 1.395554 -0.813197
v 0.532475 2.167397 -0.535840
v 0.728022 1.905625 -0.684750
v 0.770669 1.645706 -0.780538
v -1.721066 0.167175 -0.315392
v -1.579112 0.213293 -0.316152
v -1.579112 0.362531 -0.318611
v -1.721066 0.408649 -0.319370
v -1.808799 0.287912 -0.317381
v -1.681831 0.286620 -0.395840
v -1.816838 0.245098 -0.253183
v -1.816838 0.332818 -0.254628
v -1.681831 0.147023 -0.251567
v -1.765270 0.174130 -0.252014
v -1.546824 0.245098 -0.253183
v -1.598392 0.174130 -0.252014
v -1.598392 0.403786 -0.255797
v -1.546824 0.332818 -0.254628
v -1.765270 0.403786 -0.255797
v -1.681831 0.430893 -0.256243
v -1.779523 0.216762 -0.327356
v -1.644516 0.172902 -0.326634
v -1.561078 0.287729 -0.328526
v -1.644516 0.402556 -0.330417
v -1.779523 0.358696 -0.329694
v -1.704893 0.216002 -0.373474
v -1.756461 0.286969 -0.374642
v -1.621455 0.243109 -0.373920
v -1.621455 0.330829 -0.375365
v -1.704893 0.357936 -0.375812
v -1.853682 0.225008 -0.092618
v -1.853682 0.336667 -0.094457
v -1.788319 0.134673 -0.091130
v -1.509980 0.225008 -0.092618
v -1.575344 0.134673 -0.091130
v -1.575622 0.427003 -0.095945
v -1.509980 0.336667 -0.094457
v -1.788041 0.427003 -0.095945
v -1.681831 0.461508 -0.096513
v -1.885199 0.222390 0.092618
v -1.885451 0.323046 0.097883
v -1.807393 0.140956 0.088359
v -1.478464 0.222390 0.092618
v -1.556269 0.140956 0.088359
v -1.555860 0.404481 0.102141
v -1.478211 0.323046 0.097883
v -1.807802 0.404481 0.102141
v -1.681831 0.435586 0.103768
v -1.886685 0.231544 0.267674
v -1.886687 0.313893 0.271981
v -1.808437 0.164921 0.264190
v -1.476977 0.231544 0.267674
v -1.555226 0.164921 0.264190
v -1.555223 0.380516 0.275466
v -1.476975 0.313893 0.271981
v -1.808440 0.380516 0.275466
v -1.681831 0.405963 0.276797
v -1.835423 0.236946 0.455245
v -1.835433 0.288190 0.457925
v -1.681831 0.179653 0.452249
v -1.776752 0.195489 0.453077
v -1.528239 0.236946 0.455245
v -1.586911 0.195489 0.453077
v -1.586896 0.329648 0.460094
v -1.528230 0.288190 0.457925
v -1.776767 0.329648 0.460094
v -1.681831 0.345483 0.460922
v -1.790829 0.240153 0.581590
v -1.790829 0.272804 0.583298
v -1.681831 0.203648 0.579681
v -1.749196 0.213738 0.580208
v -1.572833 0.240153 0.581590
v -1.614467 0.213738 0.580208
v -1.614467 0.299219 0.584679
v -1.572833 0.272804 0.583298
v -1.749196 0.299219 0.584679
v -1.681831 0.309309 0.585207
v -1.723551 0.160576 -0.251790
v -1.735075 0.117420 -0.090845
v -1.744612 0.125403 0.087546
v -1.745134 0.152197 0.263524
v -1.729291 0.187571 0.452663
v -1.715513 0.208693 0.579944
v -1.640112 0.160576 -0.251790
v -1.628587 0.117420 -0.090845
v -1.619050 0.125403 0.087546
v -1.618528 0.152197 0.263524
v -1.634371 0.187571 0.452663
v -1.648149 0.208693 0.579944
v 1.721066 0.167175 -0.315392
v 1.579112 0.213293 -0.316152
v 1.579112 0.362531 -0.318611
v 1.721066 0.408649 -0.319370
v 1.808799 0.287912 -0.317381
v 1.681831 0.286620 -0.395840
v 1.816838 0.245098 -0.253183
v 1.816838 0.332818 -0.254628
v 1.681831 0.147023 -0.251567
v 1.765270 0.174130 -0.252014
v 1.546824 0.245098 -0.253183
v 1.598392 0.174130 -0.252014
v 1.598392 0.403786 -0.255797
v 1.546824 0.332818 -0.254628
v 1.765270 0.403786 -0.255797
v 1.681831 0.430893 -0.256243
v 1.779523 0.216762 -0.327356
v 1.644516 0.172902 -0.326634
v 1.561078 0.287729 -0.328526
v 1.644516 0.402556 -0.330417
v 1.779523 0.358696 -0.329694
v 1.704893 0.216002 -0.373474
v 1.756461 0.286969 -0.374642
v 1.621455 0.243109 -0.373920
v 1.621455 0.330829 -0.375365
v 1.704893 0.357936 -0.375812
v 1.853682 0.225008 -0.092618
v 1.853682 0.336667 -0.094457
v 1.788319 0.134673 -0.091130
v 1.509980 0.225008 -0.092618
v 1.575344 0.134673 -0.091130
v 1.575622 0.427003 -0.095945
v 1.509980 0.336667 -0.094457
v 1.788041 0.427003 -0.095945
v 1.681831 0.461508 -0.096513
v 1.885199 0.222390 0.092618
v 1.885451 0.323046 0.097883
v 1.807393 0.140956 0.088359
v 1.478464 0.222390 0.092618
v 1.556269 0.140956 0.088359
v 1.555860 0.404481 0.102141
v 1.478211 0.323046 0.097883
v 1.807802 0.404481 0.102141
v 1.681831 0.435586 0.103768
v 1.886685 0.231544 0.267674
v 1.886687 0.313893 0.271981
v 1.808437 0.164921 0.264190
v 1.476977 0.231544 0.267674
v 1.555226 0.164921 0.264190
v 1.555223 0.380516 0.275466
v 1.476975 0.313893 0.271981
v 1.808440 0.380516 0.275466
v 1.681831 0.405963 0.276797
v 1.835423 0.236946 0.455245
v 1.835433 0.288190 0.457925
v 1.681831 0.179653 0.452249
v 1.776752 0.195489 0.453077
v 1.528239 0.236946 0.455245
v 1.586911 0.195489 0.453077
v 1.586896 0.329648 0.460094
v 1.528230 0.288190 0.457925
v 1.776767 0.329648 0.460094
v 1.681831 0.345483 0.460922
v 1.790829 0.240153 0.581590
v 1.790829 0.272804 0.583298
v 1.681831 0.203648 0.579681
v 1.749196 0.213738 0.580208
v 1.572833 0.240153 0.581590
v 1.614467 0.213738 0.580208
v 1.614467 0.299219 0.584679
v 1.572833 0.272804 0.583298
v 1.749196 0.299219 0.584679
v 1.681831 0.309309 0.585207
v 1.723551 0.160576 -0.251790
v 1.735075 0.117420 -0.090845
v 1.744612 0.125403 0.087546
v 1.745134 0.152197 0.263524
v 1.729291 0.187571 0.452663
v 1.715513 0.208693 0.579944
v 1.640112 0.160576 -0.251790
v 1.628587 0.117420 -0.090845
v 1.619050 0.125403 0.087546
v 1.618528 0.152197 0.263524
v 1.634371 0.187571 0.452663
v 1.648149 0.208693 0.579944
v -0.454379 2.215213 -0.487680
v -0.784512 1.247891 -0.763607
v -0.291807 2.245030 0.137524
v -0.349061 2.247253 -0.300252
v -0.784512 1.293834 -0.506849
v -0.315108 2.251086 -0.238424
v -0.784512 1.308266 -0.426372
v -0.404642 2.237194 -0.382473
v -0.316148 2.228992 0.365909
v -0.297156 2.250442 -0.090756
v -0.477012 2.190339 -0.578799
v -0.568973 2.118917 0.445034
v -0.570443 2.105519 -0.624280
v -0.784512 1.309424 -0.161521
v -0.784512 1.271530 -0.631377
v -0.780213 1.732837 0.305354
v -0.749408 1.757315 -0.790414
v -0.442791 2.179390 0.466111
v -0.784512 1.323279 0.024304
v -0.516403 2.162972 -0.608474
v -0.687455 1.983845 0.397663
v -0.666641 1.974974 -0.692369
v -0.782190 1.532242 0.216922
v -0.772602 1.510234 -0.865557
v -0.783914 1.405355 0.158132
v -0.784634 1.308781 -0.887399
v -0.784512 1.232442 -0.852374
v -0.784512 1.313104 -0.312583
v 0.454379 2.215213 -0.487680
v 0.784512 1.247891 -0.763607
v 0.291806 2.245030 0.137524
v 0.349061 2.247253 -0.300252
v 0.784512 1.293834 -0.506849
v 0.315108 2.251086 -0.238424
v 0.784512 1.308266 -0.426371
v 0.404642 2.237194 -0.382473
v 0.316148 2.228992 0.365909
v 0.297155 2.250442 -0.090756
v 0.477012 2.190339 -0.578799
v 0.568973 2.118917 0.445034
v 0.570443 2.105519 -0.624280
v 0.784512 1.309424 -0.161521
v 0.784512 1.271530 -0.631377
v 0.780213 1.732837 0.305354
v 0.749408 1.757315 -0.790414
v 0.442791 2.179390 0.466111
v 0.784512 1.323279 0.024304
v 0.516403 2.162972 -0.608475
v 0.687455 1.983845 0.397663
v 0.666641 1.974974 -0.692369
v 0.782190 1.532242 0.216922
v 0.772602 1.510234 -0.865557
v 0.783914 1.405355 0.158132
v 0.784634 1.308781 -0.887399
v 0.784512 1.232442 -0.852374
v 0.784512 1.313104 -0.312583
v -0.793318 1.299201 -0.626815
v -0.793448 1.336630 -0.148860
v -0.793266 1.276922 -0.762981
v -0.784512 1.311250 -0.236625
v -0.784512 1.239498 -0.811185
v -0.723196 1.875907 -0.737769
v -0.544698 2.140503 -0.607172
v -0.361327 2.209938 0.447907
v -0.784512 1.284395 -0.559518
v -0.296545 2.239655 0.251866
v -0.331245 2.249110 -0.270821
v -0.784512 1.312828 -0.379222
v -0.781686 1.400507 -0.880454
v -0.756598 1.865646 0.354593
v -0.491770 2.177920 -0.606310
v -0.784512 1.311982 -0.077726
v -0.784512 1.258331 -0.705162
v -0.294491 2.247749 0.023209
v -0.284286 2.240113 0.137909
v -0.773138 1.277421 -0.505726
v -0.307480 2.246048 -0.240791
v -0.773138 1.291801 -0.425566
v -0.396183 2.233103 -0.385877
v -0.308992 2.223830 0.370240
v -0.289496 2.245425 -0.091545
v -0.467549 2.185821 -0.584387
v -0.773138 1.292916 -0.161427
v -0.773138 1.255117 -0.630254
v -0.738035 1.751794 -0.797154
v -0.436818 2.172607 0.473491
v -0.773138 1.306996 0.027016
v -0.772748 1.391978 0.163863
v -0.773138 1.215145 -0.855511
v -0.773138 1.296594 -0.312415
v -0.792790 1.412260 0.131462
v -0.570815 2.125991 0.423266
v -0.423640 2.232952 -0.378081
v -0.468398 2.213372 -0.484999
v -0.793286 1.264612 -0.850376
v -0.793399 1.319721 -0.874607
v -0.672655 1.984349 -0.680918
v -0.691013 1.991331 0.378801
v -0.793346 1.352157 0.032601
v -0.757468 1.765697 -0.779021
v -0.785153 1.740904 0.285752
v -0.573103 2.114706 -0.612142
v -0.489699 2.191605 -0.573489
v -0.328272 2.246033 -0.088334
v -0.793318 1.333637 -0.419096
v -0.374028 2.243204 -0.295079
v -0.783184 1.470281 0.184170
v -0.781133 1.612631 0.257085
v -0.611881 2.073061 0.429499
v -0.302971 2.251942 -0.184567
v -0.435539 2.227568 -0.435911
v -0.784543 1.248333 -0.880126
v -0.784363 1.351632 0.113335
v -0.760727 1.631367 -0.837334
v -0.606728 2.052263 -0.654459
v -0.524140 2.146124 0.453995
v -0.466443 2.202134 -0.535927
v -0.372284 2.243840 -0.334782
v -0.784512 1.301306 -0.465194
v 0.518436 2.171832 -0.594437
v 0.793318 1.299201 -0.626815
v 0.793448 1.336630 -0.148860
v 0.346234 2.224319 0.364023
v 0.323622 2.239108 0.141417
v 0.784512 1.311250 -0.236625
v 0.784512 1.239498 -0.811185
v 0.723196 1.875907 -0.737769
v 0.544697 2.140503 -0.607172
v 0.361327 2.209938 0.447907
v 0.784512 1.284395 -0.559518
v 0.296545 2.239655 0.251866
v 0.331245 2.249110 -0.270821
v 0.784512 1.312828 -0.379222
v 0.781686 1.400507 -0.880454
v 0.756598 1.865646 0.354593
v 0.491770 2.177920 -0.606310
v 0.784512 1.311982 -0.077726
v 0.784512 1.258331 -0.705162
v 0.294491 2.247749 0.023209
v 0.444740 2.211518 -0.490414
v 0.773138 1.277421 -0.505726
v 0.773138 1.291801 -0.425566
v 0.467549 2.185821 -0.584387
v 0.562657 2.099494 -0.631305
v 0.773138 1.292916 -0.161427
v 0.770339 1.722843 0.311854
v 0.738035 1.751794 -0.797154
v 0.773138 1.306996 0.027016
v 0.773217 1.295879 -0.894612
v 0.773138 1.215145 -0.855511
v 0.789799 1.537850 0.194981
v 0.570814 2.125991 0.423266
v 0.468398 2.213372 -0.484999
v 0.793399 1.319721 -0.874607
v 0.781150 1.516299 -0.853789
v 0.793346 1.352157 0.032601
v 0.757467 1.765697 -0.779021
v 0.785153 1.740904 0.285752
v 0.573103 2.114706 -0.612142
v 0.489699 2.191605 -0.573489
v 0.793318 1.333637 -0.419096
v 0.783184 1.470281 0.184170
v 0.781133 1.612631 0.257085
v 0.611881 2.073061 0.429499
v 0.302971 2.251942 -0.184567
v 0.435539 2.227568 -0.435911
v 0.784543 1.248333 -0.880126
v 0.784363 1.351632 0.113335
v 0.760727 1.631367 -0.837334
v 0.606728 2.052263 -0.654459
v 0.524140 2.146124 0.453995
v 0.466442 2.202134 -0.535927
v 0.372284 2.243840 -0.334781
v 0.784512 1.301306 -0.465194
v -0.793487 1.339940 -0.065038
v -0.793305 1.286834 -0.702116
v -0.499311 2.181204 -0.593437
v -0.378614 2.209497 0.422141
v -0.793318 1.311188 -0.554017
v -0.793351 1.337785 -0.225969
v -0.790377 1.407238 -0.868513
v -0.730588 1.885142 -0.726631
v -0.546390 2.149622 -0.594514
v -0.773138 1.296326 -0.378734
v -0.773158 1.231693 -0.886413
v -0.772273 1.458916 0.190378
v -0.773040 1.336191 0.117987
v -0.770938 1.602134 0.263453
v -0.711945 1.870481 -0.744422
v -0.747427 1.856259 0.361250
v -0.483081 2.172606 -0.614161
v -0.773138 1.267982 -0.558394
v -0.773138 1.241918 -0.704039
v -0.295287 2.246901 -0.186104
v -0.286897 2.242778 0.023065
v -0.289154 2.234705 0.253472
v -0.323665 2.244155 -0.273901
v -0.791071 1.274222 -0.870001
v -0.787406 1.619795 0.235924
v -0.614985 2.079863 0.409307
v -0.333400 2.248129 -0.181756
v 0.499311 2.181204 -0.593437
v 0.328131 2.233703 0.255066
v 0.358261 2.245282 -0.265856
v 0.325928 2.242548 0.025982
v 0.793244 1.269502 -0.811654
v 0.546390 2.149622 -0.594514
v 0.772273 1.458916 0.190378
v 0.773040 1.336191 0.117987
v 0.749487 1.625508 -0.844160
v 0.770938 1.602134 0.263453
v 0.597552 2.046729 -0.661078
v 0.605751 2.064539 0.436326
v 0.537691 2.134148 -0.614780
v 0.483081 2.172606 -0.614161
v 0.773138 1.295527 -0.076854
v 0.354610 2.204220 0.454738
v 0.518756 2.138308 0.461041
v 0.773138 1.241918 -0.704039
v 0.295287 2.246901 -0.186104
v 0.286897 2.242778 0.023065
v 0.289154 2.234705 0.253472
v 0.364406 2.239394 -0.338356
v 0.773138 1.284880 -0.464149
v 0.791778 1.475271 0.160851
v 0.524255 2.153938 0.429705
v 0.787406 1.619795 0.235924
v 0.611037 2.061482 -0.642538
v 0.793318 1.326957 -0.458453
v 0.479570 2.202237 -0.533160
v 0.451362 2.223960 -0.432231
v -0.091784 1.776395 -1.511990
v -0.093018 2.204839 -0.758807
v -0.629483 1.981683 -0.732044
v -0.486183 2.161958 -0.654175
v -0.713076 1.768667 -0.828804
v -0.711739 1.665723 -1.020132
v -0.320124 2.191449 -0.712063
v -0.538028 2.108248 -0.666366
v -0.695363 1.690267 -1.167207
v -0.612028 1.735573 -1.350376
v -0.373476 1.757941 -1.463648
v -0.675827 1.714814 -1.236866
v -0.683352 1.705284 -1.209846
v -0.689345 1.697652 -1.188226
v -0.665988 1.726024 -1.269188
v -0.659475 1.747612 -1.259850
v -0.685139 1.719882 -1.179213
v -0.679002 1.727475 -1.200807
v -0.671229 1.736937 -1.227783
v -0.368924 1.775854 -1.447513
v -0.604096 1.755589 -1.338239
v -0.691352 1.713029 -1.159422
v -0.531402 2.110965 -0.690684
v -0.324390 2.182871 -0.734600
v -0.706880 1.690627 -1.024123
v -0.707426 1.785606 -0.847443
v -0.486541 2.157168 -0.678647
v -0.622323 1.988503 -0.754367
v -0.094733 2.196679 -0.781754
v -0.091029 1.793570 -1.494720
v 0.091784 1.776395 -1.511990
v 0.093018 2.204839 -0.758807
v 0.629483 1.981683 -0.732044
v 0.486183 2.161958 -0.654175
v 0.713076 1.768667 -0.828804
v 0.711739 1.665723 -1.020132
v 0.320123 2.191449 -0.712063
v 0.538028 2.108248 -0.666366
v 0.695362 1.690267 -1.167207
v 0.612027 1.735573 -1.350376
v 0.373476 1.757941 -1.463648
v 0.675827 1.714814 -1.236866
v 0.683352 1.705284 -1.209846
v 0.689345 1.697652 -1.188226
v 0.665988 1.726024 -1.269188
v 0.659475 1.747612 -1.259850
v 0.685139 1.719882 -1.179213
v 0.679002 1.727475 -1.200807
v 0.671229 1.736937 -1.227783
v 0.368923 1.775854 -1.447513
v 0.604096 1.755589 -1.338239
v 0.691352 1.713029 -1.159422
v 0.531402 2.110965 -0.690685
v 0.324390 2.182871 -0.734600
v 0.706880 1.690627 -1.024123
v 0.707426 1.785606 -0.847443
v 0.486541 2.157168 -0.678647
v 0.622323 1.988503 -0.754367
v 0.094733 2.196679 -0.781754
v 0.091029 1.793570 -1.494720
v -0.092161 1.761079 -1.511773
v -0.633063 1.971544 -0.712032
v -0.715901 1.753469 -0.810632
v -0.541342 2.100162 -0.645355
v -0.697368 1.672158 -1.162248
v -0.615993 1.718837 -1.347593
v -0.691447 1.679809 -1.183881
v -0.095590 2.185870 -0.784376
v -0.326524 2.171854 -0.737017
v -0.689346 1.717681 -1.146678
v -0.668930 1.741270 -1.214390
v -0.676827 1.731843 -1.187436
v -0.206017 1.788928 -1.482699
v -0.000000 1.776466 -1.512063
v -0.000000 2.196885 -0.781825
v -0.196304 2.201423 -0.747098
v -0.562949 2.063401 -0.717093
v -0.686173 1.883881 -0.777383
v -0.432391 2.169747 -0.697105
v -0.515131 2.140411 -0.651627
v -0.718747 1.680971 -0.903867
v -0.700971 1.682348 -1.125335
v -0.692344 1.693897 -1.177566
v -0.642095 1.752108 -1.287389
v -0.528068 1.743193 -1.411233
v -0.675513 1.731736 -1.212948
v -0.671107 1.720475 -1.253052
v -0.682082 1.723682 -1.190012
v -0.208099 1.771710 -1.499831
v -0.000000 1.793783 -1.494939
v -0.000000 2.204908 -0.758831
v -0.199514 2.193021 -0.769895
v -0.570828 2.057872 -0.694476
v -0.680242 1.893495 -0.798989
v -0.428682 2.177450 -0.674242
v -0.511369 2.139464 -0.677187
v -0.713198 1.704696 -0.916799
v -0.696817 1.705903 -1.121102
v -0.688216 1.716267 -1.168865
v -0.649839 1.731158 -1.297541
v -0.521149 1.762143 -1.396810
v -0.679969 1.709574 -1.222005
v -0.665949 1.742442 -1.243891
v -0.686352 1.701469 -1.199037
v -0.662732 1.740182 -1.268945
v -0.687242 1.712131 -1.188145
v -0.681177 1.719744 -1.209752
v -0.673528 1.729240 -1.236750
v -0.371200 1.770261 -1.460006
v -0.608062 1.748945 -1.348733
v -0.693357 1.705012 -1.167740
v -0.534715 2.112970 -0.682951
v -0.322257 2.190524 -0.727757
v -0.709309 1.681539 -1.026554
v -0.710251 1.780501 -0.842549
v -0.486362 2.162927 -0.670837
v -0.625903 1.988457 -0.747631
v -0.093876 2.204123 -0.774706
v -0.091407 1.788347 -1.507780
v 0.092161 2.202191 -0.738483
v 0.715901 1.753469 -0.810632
v 0.714168 1.646543 -1.009285
v 0.317990 2.189011 -0.691943
v 0.697368 1.672158 -1.162248
v 0.615993 1.718837 -1.347593
v 0.375752 1.742256 -1.462864
v 0.685527 1.687461 -1.205514
v 0.669245 1.708501 -1.265006
v 0.618743 1.985184 -0.756677
v 0.486720 2.148044 -0.682032
v 0.704451 1.696351 -1.017267
v 0.326524 2.171854 -0.737017
v 0.676827 1.731843 -1.187436
v 0.656218 1.751677 -1.246330
v 0.206017 1.788928 -1.482699
v 0.196304 2.201423 -0.747098
v 0.562949 2.063401 -0.717093
v 0.686173 1.883881 -0.777383
v 0.432390 2.169747 -0.697105
v 0.515131 2.140411 -0.651627
v 0.718746 1.680971 -0.903867
v 0.700971 1.682348 -1.125335
v 0.692344 1.693897 -1.177566
v 0.642095 1.752108 -1.287389
v 0.528068 1.743193 -1.411232
v 0.675513 1.731736 -1.212947
v 0.671107 1.720475 -1.253052
v 0.682082 1.723682 -1.190012
v 0.208099 1.771710 -1.499831
v 0.199513 2.193021 -0.769895
v 0.570828 2.057872 -0.694476
v 0.680242 1.893495 -0.798989
v 0.428682 2.177450 -0.674242
v 0.511369 2.139464 -0.677187
v 0.713198 1.704696 -0.916799
v 0.696817 1.705903 -1.121102
v 0.688216 1.716267 -1.168865
v 0.649839 1.731158 -1.297541
v 0.521149 1.762143 -1.396810
v 0.679968 1.709574 -1.222005
v 0.665949 1.742442 -1.243891
v 0.686352 1.701469 -1.199037
v 0.662732 1.740182 -1.268944
v 0.687242 1.712131 -1.188145
v 0.681177 1.719744 -1.209752
v 0.673528 1.729240 -1.236750
v 0.371200 1.770261 -1.460006
v 0.608062 1.748945 -1.348733
v 0.693357 1.705012 -1.167740
v 0.534715 2.112970 -0.682951
v 0.322257 2.190524 -0.727757
v 0.709309 1.681539 -1.026554
v 0.710251 1.780501 -0.842549
v 0.486362 2.162927 -0.670837
v 0.625903 1.988457 -0.747631
v 0.093875 2.204123 -0.774706
v 0.091406 1.788347 -1.507780
v -0.517012 2.134156 -0.629996
v -0.531527 1.726990 -1.409592
v -0.673285 1.736089 -1.199567
v -0.663371 1.746697 -1.230459
v -0.710424 1.709830 -0.914414
v -0.559010 2.059438 -0.719551
v -0.434245 2.159167 -0.699685
v -0.426828 2.174574 -0.653960
v -0.721521 1.662380 -0.888549
v -0.703048 1.663842 -1.118599
v -0.694408 1.675984 -1.173065
v -0.517690 1.764889 -1.380748
v -0.638222 1.755854 -1.273463
v -0.673685 1.702763 -1.248781
v -0.207058 1.783683 -1.495691
v -0.197909 2.200586 -0.762922
v -0.566889 2.064000 -0.710210
v -0.683207 1.892052 -0.792611
v -0.430536 2.176963 -0.690099
v -0.513250 2.143301 -0.668833
v -0.715972 1.696198 -0.914759
v -0.698894 1.697490 -1.127644
v -0.690280 1.708446 -1.177641
v -0.645967 1.744997 -1.296891
v -0.524609 1.756032 -1.408447
v -0.677741 1.724019 -1.221902
v -0.668528 1.734822 -1.252897
v -0.684217 1.715940 -1.198950
v 0.689138 1.872346 -0.757729
v 0.517012 2.134156 -0.629996
v 0.653712 1.713955 -1.293765
v 0.531527 1.726990 -1.409592
v 0.686152 1.720724 -1.155663
v 0.710424 1.709830 -0.914414
v 0.209139 1.756374 -1.499546
v 0.574768 2.048378 -0.674316
v 0.677277 1.891574 -0.800940
v 0.721521 1.662380 -0.888549
v 0.703048 1.663842 -1.118599
v 0.694408 1.675984 -1.173065
v 0.517690 1.764889 -1.380748
v 0.638222 1.755854 -1.273463
v 0.673685 1.702763 -1.248781
v 0.682196 1.691764 -1.217683
v 0.688487 1.683635 -1.194698
v 0.207058 1.783683 -1.495691
v -0.000000 1.788489 -1.507927
v -0.000000 2.204260 -0.774753
v 0.197909 2.200586 -0.762922
v 0.566889 2.064000 -0.710210
v 0.683207 1.892053 -0.792611
v 0.430536 2.176963 -0.690099
v 0.513250 2.143301 -0.668833
v 0.715972 1.696198 -0.914759
v 0.698894 1.697490 -1.127644
v 0.690280 1.708446 -1.177641
v 0.645967 1.744997 -1.296891
v 0.524609 1.756032 -1.408447
v 0.677741 1.724019 -1.221902
v 0.668528 1.734822 -1.252897
v 0.684217 1.715940 -1.198950
v 0.613146 2.103279 -0.229236
v 0.779282 1.627463 -0.322951
v 0.684379 1.983305 0.219736
v 0.766880 1.754633 0.128669
v 0.613043 2.098527 -0.090262
v 0.612750 2.097494 -0.286824
v 0.777058 1.643146 -0.534884
v 0.778416 1.633575 -0.405548
v 0.779058 1.623238 -0.197485
v 0.777814 1.620393 -0.022275
v 0.765348 1.786402 -0.575304
v 0.612474 2.083718 0.134888
v 0.612128 2.088434 -0.377001
v 0.683123 2.002953 -0.483555
v 0.680942 2.008417 -0.496288
v 0.606432 2.098131 -0.384458
v 0.606795 2.093181 0.152776
v 0.767238 1.781144 -0.592580
v 0.780321 1.606915 -0.012169
v 0.781626 1.609902 -0.196054
v 0.780952 1.620750 -0.414418
v 0.779528 1.630796 -0.550159
v 0.607084 2.107639 -0.289817
v 0.607393 2.108723 -0.083523
v 0.768846 1.747802 0.146248
v 0.682260 1.987796 0.241824
v 0.781862 1.614335 -0.327732
v 0.607500 2.113711 -0.229377
v 0.777126 1.641391 0.073406
v 0.741098 1.879632 0.183105
v 0.607094 2.100952 0.034627
v 0.613211 2.103417 -0.181294
v 0.763019 1.744387 0.155038
v 0.607301 2.110801 -0.258339
v 0.612487 2.093663 -0.324964
v 0.776101 1.603234 -0.195339
v 0.775990 1.671668 -0.605159
v 0.773953 1.624620 -0.557796
v 0.761373 1.778515 -0.601218
v 0.673042 2.011149 -0.502655
v 0.597757 2.113822 -0.080153
v 0.596774 2.102979 -0.388187
v 0.776342 1.607772 -0.330123
v 0.597868 2.118927 -0.229447
v 0.780350 1.624999 -0.471829
v 0.775411 1.614338 -0.418854
v 0.778867 1.630391 -0.362531
v 0.774765 1.600177 -0.007116
v 0.597146 2.097913 0.161720
v 0.782012 1.611757 -0.274945
v 0.778436 1.621815 -0.109880
v 0.759087 1.758048 0.119879
v 0.770963 1.629906 -0.198201
v 0.769014 1.649321 -0.527247
v 0.609059 2.093429 -0.093632
v 0.770337 1.639987 -0.401113
v 0.769751 1.627131 -0.027328
v 0.630308 2.054913 0.212388
v 0.739984 1.909851 -0.545323
v 0.629674 2.064101 -0.433133
v 0.774769 1.653241 0.059263
v 0.741788 1.878990 0.203380
v 0.612759 2.091123 0.022313
v 0.607569 2.113856 -0.179061
v 0.612956 2.100507 -0.256832
v 0.606808 2.103618 -0.329845
v 0.773687 1.682090 -0.587290
v 0.777842 1.637623 -0.460250
v 0.781426 1.617409 -0.369271
v 0.779425 1.625005 -0.272654
v 0.780974 1.608409 -0.104112
v 0.625512 2.062949 0.234113
v 0.739380 1.909037 -0.530277
v 0.624847 2.072593 -0.443369
v 0.685438 2.005685 -0.489922
v 0.612685 2.093283 -0.380730
v 0.613040 2.088450 0.143832
v 0.769698 1.783773 -0.583942
v 0.782472 1.613654 -0.017222
v 0.783747 1.616570 -0.196770
v 0.783089 1.627163 -0.409983
v 0.781698 1.636971 -0.542522
v 0.613322 2.102566 -0.288320
v 0.613623 2.103625 -0.086893
v 0.771268 1.751217 0.137459
v 0.686724 1.985550 0.230780
v 0.783977 1.620899 -0.325341
v 0.613728 2.108495 -0.229306
v 0.613053 2.098640 -0.327405
v 0.613533 2.105654 -0.257585
v 0.735323 1.878669 0.213517
v 0.613795 2.108636 -0.180177
v 0.770331 1.666457 -0.614093
v 0.615623 2.076839 -0.448487
v 0.613331 2.096038 0.028470
v 0.775896 1.610918 -0.372642
v 0.744848 1.879311 0.193243
v 0.774795 1.618687 -0.477619
v 0.779353 1.647316 0.066335
v 0.775433 1.601705 -0.101227
v 0.733944 1.879953 0.172968
v 0.770357 1.628519 -0.112764
v 0.769777 1.643935 -0.454461
v 0.609223 2.098198 -0.182410
v 0.625896 2.050894 0.201526
v 0.608782 2.086208 0.016156
v 0.778243 1.676879 -0.596224
v 0.782501 1.631311 -0.466040
v 0.783551 1.623900 -0.365901
v 0.784123 1.618381 -0.273799
v 0.783110 1.615112 -0.106996
v 0.631315 2.058931 0.223250
v 0.743087 1.909444 -0.537800
v 0.630665 2.068347 -0.438251
v 0.628182 1.842707 1.254485
v 0.755564 1.726112 0.427141
v 0.723057 1.635907 1.007629
v 0.691094 1.751755 1.222724
v 0.589120 2.044480 0.627912
v 0.672342 1.949603 0.495962
v 0.576922 1.922162 1.100331
v 0.755564 1.596123 0.486580
v 0.755564 1.589636 0.703075
v 0.589120 2.009804 0.836526
v 0.582939 2.019698 0.838624
v 0.757624 1.578726 0.698565
v 0.757624 1.585535 0.471351
v 0.571991 1.931142 1.114498
v 0.670282 1.956516 0.481198
v 0.582939 2.056091 0.619680
v 0.678528 1.729333 1.246815
v 0.723917 1.620545 1.015298
v 0.757624 1.721960 0.408969
v 0.613944 1.834957 1.282057
v 0.755564 1.635292 0.426912
v 0.719125 1.609493 1.017681
v 0.749198 1.592779 0.844328
v 0.752221 1.719884 0.399883
v 0.597951 1.827765 1.298234
v 0.695716 1.665054 1.164963
v 0.675638 1.812709 1.249374
v 0.662818 1.959973 0.473815
v 0.573416 2.061896 0.615565
v 0.565394 1.937943 1.121085
v 0.582939 2.040713 0.723379
v 0.604775 2.037477 0.536097
v 0.734759 1.840308 0.459435
v 0.577005 1.874733 1.233816
v 0.586071 1.976540 0.960132
v 0.687411 1.753966 1.212115
v 0.717404 1.640216 1.002345
v 0.748101 1.595090 0.705330
v 0.748101 1.728188 0.436227
v 0.666939 1.946146 0.503345
v 0.755564 1.587830 0.585512
v 0.757624 1.626643 0.408729
v 0.747437 1.604631 0.842653
v 0.698812 1.684577 1.150241
v 0.656541 1.792821 1.279599
v 0.589120 2.029827 0.726719
v 0.609926 2.026744 0.548271
v 0.735789 1.841810 0.442862
v 0.583638 1.869831 1.213117
v 0.580202 1.985643 0.968101
v 0.757624 1.576831 0.575182
v 0.589246 2.014751 0.837575
v 0.759811 1.584181 0.700820
v 0.759811 1.590829 0.478966
v 0.576522 1.925496 1.107662
v 0.674529 1.953059 0.488580
v 0.589246 2.050285 0.623796
v 0.689794 1.745044 1.234052
v 0.726098 1.629912 1.012189
v 0.759811 1.724036 0.418055
v 0.625500 1.840491 1.267076
v 0.752221 1.571332 0.570016
v 0.729871 1.842561 0.434576
v 0.573416 2.046155 0.721709
v 0.740427 1.609715 0.841452
v 0.583147 1.972566 0.956023
v 0.694557 1.687874 1.141426
v 0.727810 1.839557 0.467722
v 0.748101 1.639616 0.436004
v 0.606068 2.021378 0.554359
v 0.759811 1.630967 0.417820
v 0.751383 1.599126 0.843672
v 0.700166 1.678048 1.158329
v 0.672425 1.807119 1.262565
v 0.589246 2.035270 0.725049
v 0.610567 2.032110 0.542184
v 0.738490 1.841059 0.451149
v 0.582404 1.871252 1.223478
v 0.586065 1.980802 0.964179
v 0.759811 1.582331 0.580347
v -0.628182 1.842707 1.254485
v -0.755564 1.726112 0.427141
v -0.723057 1.635907 1.007629
v -0.691094 1.751755 1.222724
v -0.589120 2.044480 0.627912
v -0.672342 1.949603 0.495962
v -0.576922 1.922162 1.100331
v -0.755564 1.596123 0.486580
v -0.755564 1.589636 0.703075
v -0.589120 2.009804 0.836526
v -0.582940 2.019698 0.838624
v -0.757624 1.578726 0.698565
v -0.757624 1.585535 0.471351
v -0.571991 1.931142 1.114498
v -0.670282 1.956516 0.481198
v -0.582940 2.056091 0.619680
v -0.678528 1.729333 1.246815
v -0.723917 1.620545 1.015298
v -0.757624 1.721960 0.408969
v -0.613944 1.834957 1.282057
v -0.755564 1.635292 0.426912
v -0.719125 1.609493 1.017681
v -0.749198 1.592779 0.844328
v -0.752221 1.580241 0.463737
v -0.752221 1.719884 0.399883
v -0.695716 1.665054 1.164963
v -0.675638 1.812709 1.249374
v -0.662819 1.959973 0.473815
v -0.582940 2.040713 0.723379
v -0.604775 2.037477 0.536097
v -0.734759 1.840308 0.459435
v -0.577005 1.874733 1.233816
v -0.586071 1.976540 0.960132
v -0.717404 1.640216 1.002345
v -0.748101 1.728188 0.436227
v -0.626426 1.843265 1.243089
v -0.585777 2.038674 0.632028
v -0.575257 1.919983 1.092751
v -0.755564 1.587830 0.585512
v -0.757624 1.626643 0.408729
v -0.747437 1.604631 0.842653
v -0.698813 1.684577 1.150241
v -0.656542 1.792821 1.279599
v -0.589120 2.029827 0.726719
v -0.609926 2.026744 0.548271
v -0.735789 1.841810 0.442862
v -0.583638 1.869831 1.213117
v -0.580202 1.985643 0.968101
v -0.757624 1.576831 0.575182
v -0.589246 2.014751 0.837575
v -0.759811 1.584181 0.700820
v -0.759811 1.590829 0.478966
v -0.576522 1.925496 1.107662
v -0.674529 1.953059 0.488580
v -0.589246 2.050285 0.623796
v -0.689795 1.745044 1.234052
v -0.726098 1.629912 1.012189
v -0.759811 1.724036 0.418055
v -0.625500 1.840491 1.267076
v -0.634322 1.774169 1.298555
v -0.743947 1.586009 0.844803
v -0.569522 1.879244 1.244142
v -0.595767 2.042843 0.530009
v -0.672516 1.813946 1.238104
v -0.583147 1.972566 0.956023
v -0.694558 1.687874 1.141426
v -0.727810 1.839557 0.467722
v -0.748101 1.639616 0.436004
v -0.606068 2.021378 0.554359
v -0.759811 1.630967 0.417820
v -0.751383 1.599126 0.843672
v -0.700166 1.678048 1.158329
v -0.672425 1.807119 1.262565
v -0.589246 2.035270 0.725049
v -0.610567 2.032110 0.542184
v -0.738490 1.841059 0.451149
v -0.582404 1.871252 1.223478
v -0.586065 1.980803 0.964179
v -0.759811 1.582331 0.580347
v -0.613146 2.103279 -0.229236
v -0.779282 1.627463 -0.322951
v -0.684379 1.983305 0.219736
v -0.766880 1.754633 0.128669
v -0.613044 2.098527 -0.090262
v -0.612750 2.097494 -0.286824
v -0.777058 1.643146 -0.534885
v -0.778416 1.633575 -0.405548
v -0.779058 1.623238 -0.197485
v -0.777814 1.620393 -0.022275
v -0.765348 1.786402 -0.575304
v -0.612474 2.083718 0.134888
v -0.612129 2.088434 -0.377001
v -0.683124 2.002953 -0.483555
v -0.680942 2.008417 -0.496288
v -0.606432 2.098131 -0.384458
v -0.606795 2.093181 0.152776
v -0.767238 1.781144 -0.592580
v -0.780321 1.606915 -0.012169
v -0.781627 1.609902 -0.196054
v -0.780953 1.620750 -0.414418
v -0.779528 1.630795 -0.550159
v -0.607084 2.107639 -0.289817
v -0.607393 2.108723 -0.083523
v -0.768846 1.747802 0.146248
v -0.682260 1.987796 0.241824
v -0.781862 1.614335 -0.327732
v -0.607500 2.113711 -0.229377
v -0.777126 1.641391 0.073406
v -0.741098 1.879632 0.183105
v -0.607094 2.100952 0.034627
v -0.613212 2.103417 -0.181294
v -0.763019 1.744387 0.155038
v -0.607301 2.110801 -0.258339
v -0.612487 2.093663 -0.324964
v -0.776101 1.603234 -0.195339
v -0.775990 1.671668 -0.605159
v -0.773953 1.624620 -0.557796
v -0.674390 1.990042 0.252869
v -0.673042 2.011149 -0.502655
v -0.597757 2.113822 -0.080153
v -0.596774 2.102979 -0.388187
v -0.776342 1.607772 -0.330123
v -0.780350 1.624999 -0.471829
v -0.775411 1.614338 -0.418854
v -0.597442 2.112711 -0.291313
v -0.778867 1.630391 -0.362531
v -0.597146 2.097913 0.161720
v -0.782012 1.611757 -0.274945
v -0.778436 1.621815 -0.109880
v -0.769014 1.649321 -0.527247
v -0.608167 2.083586 -0.373272
v -0.771183 1.634026 -0.320561
v -0.770337 1.639987 -0.401113
v -0.769751 1.627131 -0.027328
v -0.608504 2.078987 0.125945
v -0.630308 2.054913 0.212388
v -0.739985 1.909851 -0.545323
v -0.629674 2.064101 -0.433133
v -0.774770 1.653241 0.059263
v -0.741788 1.878990 0.203380
v -0.612759 2.091123 0.022313
v -0.607569 2.113856 -0.179061
v -0.612956 2.100507 -0.256832
v -0.606808 2.103618 -0.329845
v -0.773687 1.682090 -0.587290
v -0.777842 1.637623 -0.460250
v -0.781426 1.617409 -0.369271
v -0.779425 1.625005 -0.272654
v -0.780974 1.608409 -0.104112
v -0.625512 2.062949 0.234113
v -0.739380 1.909037 -0.530277
v -0.624847 2.072593 -0.443369
v -0.685438 2.005685 -0.489922
v -0.612685 2.093283 -0.380730
v -0.613040 2.088450 0.143832
v -0.769698 1.783773 -0.583942
v -0.782472 1.613654 -0.017222
v -0.783747 1.616570 -0.196770
v -0.783089 1.627163 -0.409983
v -0.781698 1.636971 -0.542522
v -0.613322 2.102566 -0.288320
v -0.613623 2.103625 -0.086893
v -0.771268 1.751217 0.137459
v -0.686724 1.985550 0.230780
v -0.783977 1.620899 -0.325341
v -0.613728 2.108495 -0.229306
v -0.613053 2.098640 -0.327405
v -0.613534 2.105654 -0.257585
v -0.735323 1.878669 0.213517
v -0.613795 2.108636 -0.180177
v -0.776495 1.605132 -0.276090
v -0.597938 2.119075 -0.177945
v -0.615623 2.076839 -0.448487
v -0.613331 2.096038 0.028470
v -0.597664 2.115948 -0.259093
v -0.744848 1.879311 0.193243
v -0.774795 1.618687 -0.477619
v -0.779353 1.647316 0.066335
v -0.597452 2.105867 0.040783
v -0.766782 1.659167 0.052192
v -0.733944 1.879953 0.172968
v -0.770357 1.628519 -0.112764
v -0.769778 1.643935 -0.454461
v -0.765726 1.687302 -0.578355
v -0.625896 2.050894 0.201526
v -0.625278 2.059855 -0.428014
v -0.608782 2.086208 0.016156
v -0.608974 2.095360 -0.256078
v -0.778243 1.676879 -0.596224
v -0.782501 1.631311 -0.466040
v -0.783552 1.623900 -0.365901
v -0.784123 1.618381 -0.273799
v -0.783110 1.615112 -0.106996
v -0.631315 2.058931 0.223250
v -0.743087 1.909444 -0.537800
v -0.630665 2.068347 -0.438251
v -0.616304 2.066968 0.244975
v -0.098519 1.801608 -1.462641
v -0.103392 1.915518 -1.312933
v -0.092161 2.098282 -1.027887
v -0.093876 2.148194 -0.895354
v -0.692933 1.792795 -0.964314
v -0.538440 2.066565 -0.819476
v -0.324495 2.131799 -0.858821
v -0.620213 1.965584 -0.870541
v -0.489554 2.103439 -0.815806
v -0.303171 1.953739 -1.222362
v -0.529663 1.901347 -1.205381
v -0.632262 1.781716 -1.241902
v -0.453409 1.933922 -1.204494
v -0.581842 1.844527 -1.226224
v -0.563094 1.780946 -1.317061
v -0.504520 1.832295 -1.294146
v -0.467838 1.888677 -1.256200
v -0.105543 1.843015 -1.403862
v -0.310946 1.898636 -1.293001
v -0.327603 1.836834 -1.358630
v -0.352176 1.792783 -1.409499
v -0.612001 1.891746 -1.105346
v -0.474790 1.998878 -1.077660
v -0.663492 1.787155 -1.157811
v -0.544333 1.963862 -1.077157
v -0.313564 2.027128 -1.098354
v -0.100796 2.012629 -1.166373
v -0.322591 2.079451 -1.003695
v -0.322843 2.054865 -1.049835
v -0.548023 2.016306 -0.969828
v -0.546484 1.993847 -1.019565
v -0.678517 1.795884 -1.094969
v -0.673100 1.791669 -1.124683
v -0.491931 2.047446 -0.973845
v -0.491014 2.024668 -1.022376
v -0.620366 1.936213 -1.007364
v -0.617733 1.916671 -1.053281
v -0.096185 2.046272 -1.113651
v -0.092161 2.073813 -1.070997
v -0.101735 1.973543 -1.232093
v -0.603175 1.865428 -1.164317
v -0.456575 1.968267 -1.141378
v -0.651101 1.783607 -1.196973
v -0.540854 1.929937 -1.142601
v -0.303056 1.994036 -1.155691
v -0.748101 1.702323 0.734362
v -0.717756 1.731649 1.035196
v -0.748101 1.711751 0.523337
v -0.666939 1.930380 0.592254
v -0.666939 1.907207 0.799436
v -0.646682 1.871532 1.080399
v 0.098519 1.801608 -1.462641
v 0.103392 1.915518 -1.312933
v 0.092161 2.098282 -1.027887
v 0.093875 2.148194 -0.895354
v 0.692933 1.792795 -0.964314
v 0.538440 2.066565 -0.819476
v 0.324495 2.131799 -0.858821
v 0.620213 1.965584 -0.870541
v 0.489554 2.103439 -0.815806
v 0.303170 1.953739 -1.222362
v 0.529663 1.901347 -1.205381
v 0.632261 1.781716 -1.241902
v 0.453409 1.933922 -1.204494
v 0.581841 1.844527 -1.226224
v 0.563094 1.780946 -1.317061
v 0.504520 1.832295 -1.294146
v 0.467838 1.888677 -1.256200
v 0.105542 1.843014 -1.403862
v 0.310946 1.898636 -1.293001
v 0.327603 1.836834 -1.358629
v 0.352175 1.792783 -1.409499
v 0.612001 1.891746 -1.105346
v 0.474790 1.998878 -1.077660
v 0.663492 1.787155 -1.157811
v 0.544333 1.963862 -1.077157
v 0.313564 2.027128 -1.098354
v 0.100796 2.012629 -1.166373
v 0.322591 2.079451 -1.003695
v 0.322843 2.054864 -1.049835
v 0.548023 2.016306 -0.969829
v 0.546484 1.993847 -1.019565
v 0.678517 1.795884 -1.094969
v 0.673099 1.791669 -1.124683
v 0.491930 2.047446 -0.973845
v 0.491014 2.024668 -1.022376
v 0.620366 1.936213 -1.007364
v 0.617733 1.916671 -1.053281
v 0.096185 2.046273 -1.113651
v 0.092161 2.073813 -1.070997
v 0.101735 1.973543 -1.232093
v 0.603175 1.865428 -1.164317
v 0.456574 1.968267 -1.141378
v 0.651100 1.783607 -1.196973
v 0.540854 1.929937 -1.142601
v 0.303056 1.994036 -1.155691
v 0.748101 1.702323 0.734362
v 0.717756 1.731649 1.035196
v 0.748101 1.711751 0.523337
v 0.666939 1.930380 0.592254
v 0.666939 1.907207 0.799436
v 0.646682 1.871532 1.080399
v -0.762145 1.783373 -0.292261
v -0.759997 1.764198 0.025603
v -0.679374 1.990126 0.102240
v -0.681133 2.015391 -0.246563
v -0.680094 2.011166 -0.310802
v -0.760877 1.784949 -0.368694
v -0.758892 1.787416 -0.488379
v -0.678468 2.004549 -0.411392
v -0.680864 2.008261 -0.110665
v -0.761816 1.776500 -0.162949
v 0.762145 1.783373 -0.292261
v 0.759997 1.764198 0.025603
v 0.679373 1.990126 0.102240
v 0.681133 2.015391 -0.246563
v 0.680094 2.011166 -0.310802
v 0.760877 1.784949 -0.368694
v 0.758892 1.787416 -0.488379
v 0.678468 2.004549 -0.411392
v 0.680864 2.008261 -0.110665
v 0.761816 1.776500 -0.162949
v -0.104209 1.815050 -1.440650
v -0.000000 1.800216 -1.468856
v -0.211193 1.800795 -1.443141
v -0.102325 1.948663 -1.269351
v -0.000000 1.842588 -1.412177
v -0.206977 1.907462 -1.306004
v -0.092590 2.116877 -0.983977
v -0.000000 1.977799 -1.232376
v -0.195849 2.093574 -1.021839
v -0.000000 2.148331 -0.895401
v -0.198468 2.143958 -0.886174
v -0.668995 1.884214 -0.914394
v -0.515934 2.088101 -0.813436
v -0.620986 1.948441 -0.961679
v -0.491566 2.067138 -0.922203
v -0.683495 1.796291 -1.055179
v -0.546012 2.034486 -0.919806
v -0.569168 2.029002 -0.837365
v -0.456658 1.913543 -1.232629
v -0.434131 2.116648 -0.829847
v -0.554050 1.836600 -1.259225
v -0.323004 2.098684 -0.955941
v -0.608276 1.781024 -1.272409
v -0.509660 1.891471 -1.233115
v -0.482474 1.784019 -1.366033
v -0.434061 2.062033 -0.984136
v -0.430091 1.832183 -1.328207
v -0.578620 1.987299 -0.980032
v -0.497741 1.921516 -1.200364
v -0.607678 1.812438 -1.235769
v -0.305724 1.928639 -1.257413
v -0.529932 1.804821 -1.308203
v -0.484582 1.861027 -1.276331
v -0.402250 1.891541 -1.275781
v -0.000000 1.919354 -1.314879
v -0.213829 1.841895 -1.384240
v -0.104583 1.878754 -1.359037
v -0.318389 1.866958 -1.327335
v -0.338796 1.811147 -1.386234
v -0.000000 2.047808 -1.113879
v -0.201759 2.004915 -1.162892
v -0.392167 1.981362 -1.147583
v -0.572546 1.901297 -1.151268
v -0.512191 1.984035 -1.074608
v -0.643952 1.840959 -1.129882
v -0.607587 1.877590 -1.134642
v -0.462353 1.984024 -1.109099
v -0.656925 1.784940 -1.176435
v -0.542772 1.946003 -1.109879
v -0.306235 2.011133 -1.125413
v -0.099350 2.030208 -1.137381
v -0.630205 1.825230 -1.180100
v -0.198622 2.039950 -1.109599
v -0.195912 2.069076 -1.065707
v -0.414468 2.012029 -1.085760
v -0.434146 2.037841 -1.032389
v -0.576006 1.934414 -1.086879
v -0.577206 1.964765 -1.029737
v -0.000000 2.098282 -1.027887
v -0.000000 2.073813 -1.070997
v -0.521489 2.033074 -0.970013
v -0.519707 2.011339 -1.018525
v -0.658564 1.870067 -1.047214
v -0.654289 1.856619 -1.086247
v -0.322717 2.067158 -1.026765
v -0.320586 2.041784 -1.073500
v -0.547254 2.005076 -0.994697
v -0.545562 1.980735 -1.046397
v -0.675788 1.793651 -1.109524
v -0.669363 1.789612 -1.140695
v -0.491472 2.036057 -0.998110
v -0.486729 2.012526 -1.048329
v -0.619049 1.926442 -1.030323
v -0.615642 1.905554 -1.077777
v -0.093167 2.060811 -1.092438
v -0.092161 2.086048 -1.049442
v -0.503672 1.952031 -1.139057
v -0.000000 2.015693 -1.167184
v -0.202961 1.964336 -1.229377
v -0.390581 1.943139 -1.213313
v -0.555565 1.875118 -1.215387
v -0.101325 1.993688 -1.198615
v -0.595636 1.854621 -1.194726
v -0.454559 1.951576 -1.173506
v -0.643665 1.782689 -1.218953
v -0.537008 1.915204 -1.174657
v -0.302532 1.975137 -1.188303
v -0.700163 1.812336 1.062922
v -0.740515 1.713159 0.871528
v -0.661875 1.894584 0.928813
v -0.727810 1.807160 0.765146
v -0.748101 1.701176 0.619648
v -0.687411 1.753966 1.212115
v -0.748101 1.595090 0.705330
v -0.727810 1.821575 0.555137
v -0.748101 1.601417 0.494195
v -0.666939 1.916703 0.688503
v -0.666939 1.946146 0.503345
v -0.585777 2.004857 0.835478
v 0.104209 1.815050 -1.440650
v 0.211193 1.800795 -1.443141
v 0.102325 1.948663 -1.269351
v 0.206976 1.907462 -1.306004
v 0.092590 2.116877 -0.983977
v 0.195849 2.093574 -1.021839
v 0.198468 2.143958 -0.886174
v 0.668994 1.884214 -0.914394
v 0.515934 2.088101 -0.813436
v 0.620986 1.948441 -0.961679
v 0.491565 2.067138 -0.922203
v 0.683495 1.796291 -1.055179
v 0.546012 2.034486 -0.919806
v 0.569168 2.029002 -0.837365
v 0.456658 1.913543 -1.232629
v 0.434131 2.116648 -0.829847
v 0.554050 1.836600 -1.259225
v 0.323004 2.098684 -0.955941
v 0.608276 1.781024 -1.272409
v 0.509659 1.891471 -1.233115
v 0.482473 1.784019 -1.366033
v 0.434060 2.062033 -0.984136
v 0.430091 1.832183 -1.328207
v 0.578620 1.987299 -0.980032
v 0.497741 1.921516 -1.200364
v 0.607678 1.812438 -1.235769
v 0.305724 1.928639 -1.257413
v 0.529932 1.804821 -1.308203
v 0.484582 1.861027 -1.276331
v 0.402250 1.891541 -1.275781
v 0.213829 1.841895 -1.384240
v 0.104583 1.878754 -1.359037
v 0.318388 1.866958 -1.327335
v 0.338796 1.811147 -1.386234
v 0.201759 2.004915 -1.162892
v 0.392167 1.981362 -1.147583
v 0.572546 1.901297 -1.151268
v 0.512191 1.984035 -1.074608
v 0.643952 1.840959 -1.129882
v 0.607587 1.877589 -1.134642
v 0.462353 1.984024 -1.109099
v 0.656925 1.784940 -1.176435
v 0.542772 1.946003 -1.109879
v 0.306235 2.011133 -1.125413
v 0.099350 2.030208 -1.137381
v 0.630204 1.825230 -1.180100
v 0.198622 2.039950 -1.109599
v 0.195912 2.069076 -1.065707
v 0.414468 2.012029 -1.085760
v 0.434146 2.037841 -1.032389
v 0.576006 1.934414 -1.086879
v 0.577206 1.964765 -1.029737
v 0.521489 2.033074 -0.970013
v 0.519707 2.011339 -1.018525
v 0.658564 1.870067 -1.047214
v 0.654289 1.856619 -1.086247
v 0.322717 2.067158 -1.026765
v 0.320586 2.041784 -1.073500
v 0.547254 2.005076 -0.994697
v 0.545562 1.980735 -1.046397
v 0.675788 1.793651 -1.109524
v 0.669363 1.789612 -1.140695
v 0.491472 2.036057 -0.998110
v 0.486729 2.012526 -1.048329
v 0.619049 1.926442 -1.030323
v 0.615641 1.905554 -1.077777
v 0.093167 2.060811 -1.092438
v 0.092161 2.086048 -1.049442
v 0.503672 1.952031 -1.139057
v 0.202961 1.964336 -1.229377
v 0.390580 1.943139 -1.213313
v 0.555565 1.875118 -1.215387
v 0.101324 1.993688 -1.198615
v 0.595636 1.854621 -1.194726
v 0.454559 1.951576 -1.173506
v 0.643664 1.782689 -1.218953
v 0.537007 1.915204 -1.174657
v 0.302532 1.975137 -1.188303
v 0.700163 1.812336 1.062922
v 0.740515 1.713159 0.871528
v 0.661875 1.894584 0.928813
v 0.727810 1.807160 0.765146
v 0.748101 1.701176 0.619648
v 0.727810 1.821575 0.555137
v 0.748101 1.601417 0.494195
v 0.626426 1.843265 1.243089
v 0.666939 1.916703 0.688503
v 0.585777 2.038674 0.632028
v 0.585777 2.004857 0.835478
v 0.575257 1.919983 1.092751
v -0.090652 1.795429 -1.477234
v -0.618743 1.985184 -0.756677
v -0.486720 2.148044 -0.682032
v -0.704602 1.787347 -0.847912
v -0.704451 1.696351 -1.017267
v -0.528088 2.105595 -0.693993
v -0.600131 1.758869 -1.323320
v -0.366647 1.778082 -1.430594
v -0.683037 1.724268 -1.165855
v -0.656219 1.751677 -1.246330
v 0.090652 1.795429 -1.477234
v 0.095590 2.185870 -0.784376
v 0.704602 1.787347 -0.847912
v 0.528088 2.105595 -0.693993
v 0.689346 1.717681 -1.146678
v 0.600131 1.758869 -1.323320
v 0.366647 1.778082 -1.430594
v 0.668930 1.741270 -1.214390
v 0.683037 1.724268 -1.165855
v -0.737004 1.907737 -0.132252
v -0.762353 1.781293 -0.242415
v -0.759087 1.758048 0.119879
v -0.770963 1.629906 -0.198201
v -0.733725 1.910747 -0.449698
v -0.757593 1.789031 -0.566667
v -0.681304 2.014577 -0.197866
v -0.678628 1.981059 0.208692
v -0.677404 2.000221 -0.477189
v -0.609059 2.093429 -0.093632
v -0.737373 1.916050 -0.266686
v -0.609159 2.098064 -0.229165
v -0.680635 2.013366 -0.277345
v -0.761537 1.784128 -0.328887
v -0.735951 1.913984 -0.338011
v -0.608773 2.092422 -0.285328
v -0.760037 1.785992 -0.419314
v -0.679407 2.008367 -0.353346
v -0.734964 1.889214 0.071228
v -0.680119 1.999194 -0.004213
v -0.760906 1.770349 -0.068673
v 0.737004 1.907737 -0.132252
v 0.762353 1.781293 -0.242415
v 0.733725 1.910747 -0.449698
v 0.757593 1.789031 -0.566667
v 0.681304 2.014577 -0.197866
v 0.678628 1.981059 0.208692
v 0.677404 2.000221 -0.477189
v 0.608167 2.083586 -0.373272
v 0.737373 1.916050 -0.266686
v 0.771182 1.634026 -0.320561
v 0.609159 2.098064 -0.229165
v 0.680635 2.013366 -0.277345
v 0.761537 1.784128 -0.328887
v 0.735951 1.913984 -0.338011
v 0.608773 2.092422 -0.285328
v 0.760037 1.785992 -0.419314
v 0.679407 2.008367 -0.353346
v 0.734964 1.889214 0.071228
v 0.608504 2.078987 0.125945
v 0.680119 1.999194 -0.004213
v 0.760906 1.770349 -0.068673
v -0.204977 1.790808 -1.465281
v -0.214960 1.816063 -1.417345
v -0.204337 1.938907 -1.266109
v -0.196488 2.112295 -0.976956
v -0.201119 2.182092 -0.772443
v -0.662246 1.876997 -1.004326
v -0.520545 2.052264 -0.918741
v -0.451770 1.805625 -1.349219
v -0.694739 1.710953 -1.110135
v -0.576610 2.003359 -0.931939
v -0.434057 2.081735 -0.933500
v -0.579747 1.807503 -1.268586
v -0.489481 1.909130 -1.222040
v -0.530813 1.865521 -1.246633
v -0.393995 1.919604 -1.245507
v -0.414548 1.861539 -1.303544
v -0.210325 1.873844 -1.346300
v -0.200746 2.022753 -1.133901
v -0.399032 1.997504 -1.115838
v -0.574895 1.916592 -1.119121
v -0.506749 1.967815 -1.106634
v -0.636410 1.832527 -1.154420
v -0.196605 2.055670 -1.087646
v -0.195881 2.081325 -1.043773
v -0.429248 2.025340 -1.057795
v -0.434103 2.049937 -1.008263
v -0.576553 1.951544 -1.056449
v -0.577913 1.976033 -1.004885
v -0.679947 1.728060 -1.176648
v -0.686152 1.720724 -1.155663
v -0.520598 2.022206 -0.994269
v -0.517383 1.999079 -1.044673
v -0.656422 1.863312 -1.066655
v -0.650641 1.849374 -1.106989
v -0.501243 1.936619 -1.170696
v -0.621804 1.818668 -1.207143
v -0.202289 1.985691 -1.195180
v -0.390480 1.963331 -1.180304
v -0.566817 1.887736 -1.183348
v -0.720899 1.810238 0.900887
v -0.740427 1.609715 0.841452
v -0.727810 1.808981 0.651347
v -0.748101 1.593329 0.590678
v -0.582789 1.869439 1.202746
v -0.585777 2.024384 0.728388
v -0.000000 1.795714 -1.477526
v 0.204976 1.790808 -1.465281
v -0.000000 1.813060 -1.450351
v 0.214960 1.816063 -1.417345
v -0.000000 1.953413 -1.269610
v 0.204337 1.938907 -1.266109
v -0.000000 2.116912 -0.983988
v 0.196488 2.112295 -0.976956
v -0.000000 2.186145 -0.784470
v 0.201118 2.182092 -0.772443
v 0.662246 1.876997 -1.004326
v 0.520545 2.052264 -0.918741
v 0.451769 1.805625 -1.349219
v 0.694739 1.710953 -1.110135
v 0.576610 2.003359 -0.931939
v 0.434057 2.081735 -0.933500
v 0.579747 1.807503 -1.268586
v 0.489480 1.909130 -1.222040
v 0.530813 1.865521 -1.246633
v 0.393995 1.919604 -1.245507
v 0.414548 1.861539 -1.303544
v -0.000000 1.880715 -1.363848
v 0.210325 1.873844 -1.346300
v -0.000000 2.032895 -1.137869
v 0.200746 2.022753 -1.133901
v 0.399032 1.997504 -1.115838
v 0.574895 1.916592 -1.119121
v 0.506749 1.967815 -1.106634
v 0.673285 1.736089 -1.199567
v 0.636410 1.832527 -1.154420
v 0.196605 2.055670 -1.087646
v 0.195880 2.081325 -1.043773
v 0.429247 2.025340 -1.057795
v 0.434103 2.049937 -1.008263
v 0.576553 1.951544 -1.056449
v 0.577913 1.976033 -1.004885
v 0.679947 1.728060 -1.176648
v -0.000000 2.086048 -1.049442
v -0.000000 2.061195 -1.092495
v 0.520598 2.022206 -0.994269
v 0.517383 1.999079 -1.044673
v 0.656422 1.863312 -1.066655
v 0.650641 1.849374 -1.106989
v -0.000000 1.997048 -1.199471
v 0.501243 1.936619 -1.170696
v 0.621804 1.818668 -1.207143
v 0.202289 1.985691 -1.195180
v 0.390480 1.963331 -1.180304
v 0.566817 1.887736 -1.183348
v 0.663370 1.746697 -1.230459
v 0.672516 1.813946 1.238104
v 0.720899 1.810238 0.900887
v 0.727810 1.808981 0.651347
v 0.748101 1.593329 0.590678
v 0.582789 1.869439 1.202746
v 0.585777 2.024384 0.728388
v 0.559010 2.059438 -0.719551
v 0.434245 2.159167 -0.699685
v -0.677277 1.891574 -0.800940
v -0.509489 2.132262 -0.681115
v 0.509488 2.132262 -0.681115
v -0.735984 1.898475 -0.030512
v -0.737607 1.914446 -0.216731
v -0.771321 1.631630 -0.271509
v -0.735009 1.912615 -0.385249
v -0.732268 1.908630 -0.522754
v -0.609223 2.098198 -0.182410
v -0.608516 2.088685 -0.322524
v -0.736692 1.915060 -0.300865
v -0.770778 1.636883 -0.359160
v 0.735984 1.898475 -0.030512
v 0.737607 1.914446 -0.216731
v 0.771321 1.631630 -0.271509
v 0.766781 1.659167 0.052192
v 0.735009 1.912615 -0.385249
v 0.732268 1.908630 -0.522754
v 0.765726 1.687302 -0.578355
v 0.625278 2.059855 -0.428014
v 0.608516 2.088685 -0.322524
v 0.736691 1.915060 -0.300865
v 0.770777 1.636883 -0.359160
v 0.608974 2.095360 -0.256078
v -1.629755 0.179841 0.105561
v -1.651160 0.179841 0.179841
v -1.636024 0.179841 0.158085
v -1.733907 0.179841 0.105561
v -1.712502 0.179841 0.179841
v -1.727638 0.179841 0.158085
v -1.629755 0.159247 0.103533
v -1.651160 0.144755 0.176385
v -1.636024 0.149000 0.155047
v -1.733907 0.159247 0.103533
v -1.712502 0.144755 0.176385
v -1.727638 0.149000 0.155047
v -1.629755 0.139444 0.097526
v -1.651160 0.111019 0.166151
v -1.636024 0.119344 0.146051
v -1.733907 0.139444 0.097526
v -1.712502 0.111019 0.166151
v -1.727638 0.119344 0.146051
v -1.629755 0.121194 0.087771
v -1.651160 0.079926 0.149532
v -1.636024 0.092013 0.131443
v -1.733907 0.121194 0.087771
v -1.712502 0.079926 0.149532
v -1.727638 0.092013 0.131443
v -1.629755 0.105198 0.074643
v -1.651160 0.052674 0.127167
v -1.636024 0.068058 0.111783
v -1.733907 0.105198 0.074643
v -1.712502 0.052674 0.127167
v -1.727638 0.068058 0.111783
v -1.629755 0.092070 0.058647
v -1.651160 0.030309 0.099914
v -1.636024 0.048398 0.087827
v -1.733907 0.092070 0.058647
v -1.712502 0.030309 0.099914
v -1.727638 0.048398 0.087827
v -1.629755 0.082315 0.040397
v -1.651160 0.013689 0.068822
v -1.636024 0.033789 0.060496
v -1.733907 0.082315 0.040397
v -1.712502 0.013689 0.068822
v -1.727638 0.033789 0.060496
v -1.629755 0.076308 0.020594
v -1.651160 0.003456 0.035085
v -1.636024 0.024793 0.030841
v -1.733907 0.076308 0.020594
v -1.712502 0.003456 0.035085
v -1.727638 0.024793 0.030841
v -1.629755 0.074279 0.000000
v -1.651160 0.000000 0.000000
v -1.636024 0.021756 0.000000
v -1.733907 0.074279 0.000000
v -1.712502 0.000000 0.000000
v -1.727638 0.021756 0.000000
v -1.629755 0.076308 -0.020594
v -1.651160 0.003456 -0.035085
v -1.636024 0.024793 -0.030841
v -1.733907 0.076308 -0.020594
v -1.712502 0.003456 -0.035085
v -1.727638 0.024793 -0.030841
v -1.629755 0.082315 -0.040397
v -1.651160 0.013689 -0.068822
v -1.636024 0.033789 -0.060496
v -1.733907 0.082315 -0.040397
v -1.712502 0.013689 -0.068822
v -1.727638 0.033789 -0.060496
v -1.629755 0.092070 -0.058647
v -1.651160 0.030309 -0.099914
v -1.636024 0.048398 -0.087827
v -1.733907 0.092070 -0.058647
v -1.712502 0.030309 -0.099914
v -1.727638 0.048398 -0.087827
v -1.629755 0.105198 -0.074643
v -1.651160 0.052674 -0.127167
v -1.636024 0.068058 -0.111783
v -1.733907 0.105198 -0.074643
v -1.712502 0.052674 -0.127167
v -1.727638 0.068058 -0.111783
v -1.629755 0.121194 -0.087771
v -1.651160 0.079926 -0.149532
v -1.636024 0.092013 -0.131443
v -1.733907 0.121194 -0.087771
v -1.712502 0.079926 -0.149532
v -1.727638 0.092013 -0.131443
v -1.629755 0.139444 -0.097526
v -1.651160 0.111019 -0.166151
v -1.636024 0.119344 -0.146051
v -1.733907 0.139444 -0.097526
v -1.712502 0.111019 -0.166151
v -1.727638 0.119344 -0.146051
v -1.629755 0.159247 -0.103533
v -1.651160 0.144755 -0.176385
v -1.636024 0.149000 -0.155047
v -1.733907 0.159247 -0.103533
v -1.712502 0.144755 -0.176385
v -1.727638 0.149000 -0.155047
v -1.629755 0.179841 -0.105561
v -1.651160 0.179841 -0.179841
v -1.636024 0.179841 -0.158085
v -1.733907 0.179841 -0.105561
v -1.712502 0.179841 -0.179841
v -1.727638 0.179841 -0.158085
v -1.629755 0.200435 -0.103533
v -1.651160 0.214926 -0.176385
v -1.636024 0.210681 -0.155047
v -1.733907 0.200435 -0.103533
v -1.712502 0.214926 -0.176385
v -1.727638 0.210681 -0.155047
v -1.629755 0.220237 -0.097526
v -1.651160 0.248663 -0.166151
v -1.636024 0.240337 -0.146051
v -1.733907 0.220237 -0.097526
v -1.712502 0.248663 -0.166151
v -1.727638 0.240337 -0.146051
v -1.629755 0.238487 -0.087771
v -1.651160 0.279755 -0.149532
v -1.636024 0.267668 -0.131443
v -1.733907 0.238487 -0.087771
v -1.712502 0.279755 -0.149532
v -1.727638 0.267668 -0.131443
v -1.629755 0.254484 -0.074643
v -1.651160 0.307007 -0.127167
v -1.636024 0.291624 -0.111783
v -1.733907 0.254484 -0.074643
v -1.712502 0.307007 -0.127167
v -1.727638 0.291624 -0.111783
v -1.629755 0.267612 -0.058647
v -1.651160 0.329373 -0.099914
v -1.636024 0.311283 -0.087827
v -1.733907 0.267612 -0.058647
v -1.712502 0.329373 -0.099914
v -1.727638 0.311283 -0.087827
v -1.629755 0.277367 -0.040397
v -1.651160 0.345992 -0.068822
v -1.636024 0.325892 -0.060496
v -1.733907 0.277367 -0.040397
v -1.712502 0.345992 -0.068822
v -1.727638 0.325892 -0.060496
v -1.629755 0.283374 -0.020594
v -1.651160 0.356226 -0.035085
v -1.636024 0.334888 -0.030841
v -1.733907 0.283374 -0.020594
v -1.712502 0.356226 -0.035085
v -1.727638 0.334888 -0.030841
v -1.629755 0.285402 0.000000
v -1.651160 0.359681 0.000000
v -1.636024 0.337925 0.000000
v -1.733907 0.285402 0.000000
v -1.712502 0.359681 0.000000
v -1.727638 0.337925 0.000000
v -1.629755 0.283374 0.020594
v -1.651160 0.356226 0.035085
v -1.636024 0.334888 0.030841
v -1.733907 0.283374 0.020594
v -1.712502 0.356226 0.035085
v -1.727638 0.334888 0.030841
v -1.629755 0.277367 0.040397
v -1.651160 0.345992 0.068822
v -1.636024 0.325892 0.060497
v -1.733907 0.277367 0.040397
v -1.712502 0.345992 0.068822
v -1.727638 0.325892 0.060497
v -1.629755 0.267611 0.058647
v -1.651160 0.329373 0.099914
v -1.636024 0.311283 0.087827
v -1.733907 0.267611 0.058647
v -1.712502 0.329373 0.099914
v -1.727638 0.311283 0.087827
v -1.629755 0.254484 0.074643
v -1.651160 0.307007 0.127167
v -1.636024 0.291623 0.111783
v -1.733907 0.254484 0.074643
v -1.712502 0.307007 0.127167
v -1.727638 0.291623 0.111783
v -1.629755 0.238487 0.087771
v -1.651160 0.279755 0.149532
v -1.636024 0.267668 0.131443
v -1.733907 0.238487 0.087771
v -1.712502 0.279755 0.149532
v -1.727638 0.267668 0.131443
v -1.629755 0.220237 0.097526
v -1.651160 0.248662 0.166151
v -1.636024 0.240337 0.146051
v -1.733907 0.220237 0.097526
v -1.712502 0.248662 0.166151
v -1.727638 0.240337 0.146051
v -1.629755 0.200434 0.103533
v -1.651160 0.214926 0.176385
v -1.636024 0.210681 0.155047
v -1.733907 0.200434 0.103533
v -1.712502 0.214926 0.176385
v -1.727638 0.210681 0.155047
v 1.629755 0.179841 0.105561
v 1.651160 0.179841 0.179841
v 1.636024 0.179841 0.158085
v 1.733907 0.179841 0.105561
v 1.712502 0.179841 0.179841
v 1.727638 0.179841 0.158085
v 1.629755 0.159247 0.103533
v 1.651160 0.144755 0.176385
v 1.636024 0.149000 0.155047
v 1.733907 0.159247 0.103533
v 1.712502 0.144755 0.176385
v 1.727638 0.149000 0.155047
v 1.629755 0.139444 0.097526
v 1.651160 0.111019 0.166151
v 1.636024 0.119344 0.146051
v 1.733907 0.139444 0.097526
v 1.712502 0.111019 0.166151
v 1.727638 0.119344 0.146051
v 1.629755 0.121194 0.087771
v 1.651160 0.079926 0.149532
v 1.636024 0.092013 0.131443
v 1.733907 0.121194 0.087771
v 1.712502 0.079926 0.149532
v 1.727638 0.092013 0.131443
v 1.629755 0.105198 0.074643
v 1.651160 0.052674 0.127167
v 1.636024 0.068058 0.111783
v 1.733907 0.105198 0.074643
v 1.712502 0.052674 0.127167
v 1.727638 0.068058 0.111783
v 1.629755 0.092070 0.058647
v 1.651160 0.030309 0.099914
v 1.636024 0.048398 0.087827
v 1.733907 0.092070 0.058647
v 1.712502 0.030309 0.099914
v 1.727638 0.048398 0.087827
v 1.629755 0.082315 0.040397
v 1.651160 0.013689 0.068822
v 1.636024 0.033789 0.060496
v 1.733907 0.082315 0.040397
v 1.712502 0.013689 0.068822
v 1.727638 0.033789 0.060496
v 1.629755 0.076308 0.020594
v 1.651160 0.003456 0.035085
v 1.636024 0.024793 0.030841
v 1.733907 0.076308 0.020594
v 1.712502 0.003456 0.035085
v 1.727638 0.024793 0.030841
v 1.629755 0.074279 0.000000
v 1.651160 0.000000 0.000000
v 1.636024 0.021756 0.000000
v 1.733907 0.074279 0.000000
v 1.712502 0.000000 0.000000
v 1.727638 0.021756 0.000000
v 1.629755 0.076308 -0.020594
v 1.651160 0.003456 -0.035085
v 1.636024 0.024793 -0.030841
v 1.733907 0.076308 -0.020594
v 1.712502 0.003456 -0.035085
v 1.727638 0.024793 -0.030841
v 1.629755 0.082315 -0.040397
v 1.651160 0.013689 -0.068822
v 1.636024 0.033789 -0.060496
v 1.733907 0.082315 -0.040397
v 1.712502 0.013689 -0.068822
v 1.727638 0.033789 -0.060496
v 1.629755 0.092070 -0.058647
v 1.651160 0.030309 -0.099914
v 1.636024 0.048398 -0.087827
v 1.733907 0.092070 -0.058647
v 1.712502 0.030309 -0.099914
v 1.727638 0.048398 -0.087827
v 1.629755 0.105198 -0.074643
v 1.651160 0.052674 -0.127167
v 1.636024 0.068058 -0.111783
v 1.733907 0.105198 -0.074643
v 1.712502 0.052674 -0.127167
v 1.727638 0.068058 -0.111783
v 1.629755 0.121194 -0.087771
v 1.651160 0.079926 -0.149532
v 1.636024 0.092013 -0.131443
v 1.733907 0.121194 -0.087771
v 1.712502 0.079926 -0.149532
v 1.727638 0.092013 -0.131443
v 1.629755 0.139444 -0.097526
v 1.651160 0.111019 -0.166151
v 1.636024 0.119344 -0.146051
v 1.733907 0.139444 -0.097526
v 1.712502 0.111019 -0.166151
v 1.727638 0.119344 -0.146051
v 1.629755 0.159247 -0.103533
v 1.651160 0.144755 -0.176385
v 1.636024 0.149000 -0.155047
v 1.733907 0.159247 -0.103533
v 1.712502 0.144755 -0.176385
v 1.727638 0.149000 -0.155047
v 1.629755 0.179841 -0.105561
v 1.651160 0.179841 -0.179841
v 1.636024 0.179841 -0.158085
v 1.733907 0.179841 -0.105561
v 1.712502 0.179841 -0.179841
v 1.727638 0.179841 -0.158085
v 1.629755 0.200435 -0.103533
v 1.651160 0.214926 -0.176385
v 1.636024 0.210681 -0.155047
v 1.733907 0.200435 -0.103533
v 1.712502 0.214926 -0.176385
v 1.727638 0.210681 -0.155047
v 1.629755 0.220237 -0.097526
v 1.651160 0.248663 -0.166151
v 1.636024 0.240337 -0.146051
v 1.733907 0.220237 -0.097526
v 1.712502 0.248663 -0.166151
v 1.727638 0.240337 -0.146051
v 1.629755 0.238487 -0.087771
v 1.651160 0.279755 -0.149532
v 1.636024 0.267668 -0.131443
v 1.733907 0.238487 -0.087771
v 1.712502 0.279755 -0.149532
v 1.727638 0.267668 -0.131443
v 1.629755 0.254484 -0.074643
v 1.651160 0.307007 -0.127167
v 1.636024 0.291624 -0.111783
v 1.733907 0.254484 -0.074643
v 1.712502 0.307007 -0.127167
v 1.727638 0.291624 -0.111783
v 1.629755 0.267612 -0.058647
v 1.651160 0.329373 -0.099914
v 1.636024 0.311283 -0.087827
v 1.733907 0.267612 -0.058647
v 1.712502 0.329373 -0.099914
v 1.727638 0.311283 -0.087827
v 1.629755 0.277367 -0.040397
v 1.651160 0.345992 -0.068822
v 1.636024 0.325892 -0.060496
v 1.733907 0.277367 -0.040397
v 1.712502 0.345992 -0.068822
v 1.727638 0.325892 -0.060496
v 1.629755 0.283374 -0.020594
v 1.651160 0.356226 -0.035085
v 1.636024 0.334888 -0.030841
v 1.733907 0.283374 -0.020594
v 1.712502 0.356226 -0.035085
v 1.727638 0.334888 -0.030841
v 1.629755 0.285402 0.000000
v 1.651160 0.359681 0.000000
v 1.636024 0.337925 0.000000
v 1.733907 0.285402 0.000000
v 1.712502 0.359681 0.000000
v 1.727638 0.337925 0.000000
v 1.629755 0.283374 0.020594
v 1.651160 0.356226 0.035085
v 1.636024 0.334888 0.030841
v 1.733907 0.283374 0.020594
v 1.712502 0.356226 0.035085
v 1.727638 0.334888 0.030841
v 1.629755 0.277367 0.040397
v 1.651160 0.345992 0.068822
v 1.636024 0.325892 0.060497
v 1.733907 0.277367 0.040397
v 1.712502 0.345992 0.068822
v 1.727638 0.325892 0.060497
v 1.629755 0.267611 0.058647
v 1.651160 0.329373 0.099914
v 1.636024 0.311283 0.087827
v 1.733907 0.267611 0.058647
v 1.712502 0.329373 0.099914
v 1.727638 0.311283 0.087827
v 1.629755 0.254484 0.074643
v 1.651160 0.307007 0.127167
v 1.636024 0.291623 0.111783
v 1.733907 0.254484 0.074643
v 1.712502 0.307007 0.127167
v 1.727638 0.291623 0.111783
v 1.629755 0.238487 0.087771
v 1.651160 0.279755 0.149532
v 1.636024 0.267668 0.131443
v 1.733907 0.238487 0.087771
v 1.712502 0.279755 0.149532
v 1.727638 0.267668 0.131443
v 1.629755 0.220237 0.097526
v 1.651160 0.248662 0.166151
v 1.636024 0.240337 0.146051
v 1.733907 0.220237 0.097526
v 1.712502 0.248662 0.166151
v 1.727638 0.240337 0.146051
v 1.629755 0.200434 0.103533
v 1.651160 0.214926 0.176385
v 1.636024 0.210681 0.155047
v 1.733907 0.200434 0.103533
v 1.712502 0.214926 0.176385
v 1.727638 0.210681 0.155047
v -0.039235 0.116382 -2.612765
v 0.102719 0.162500 -2.613524
v 0.102719 0.311738 -2.615983
v -0.039235 0.357856 -2.616743
v -0.126968 0.237119 -2.614753
v -0.000000 0.235827 -2.693213
v -0.135007 0.194305 -2.550555
v -0.135007 0.282025 -2.552000
v -0.000000 0.096230 -2.548940
v -0.083439 0.123337 -2.549386
v 0.135007 0.194305 -2.550555
v 0.083439 0.123337 -2.549386
v 0.083439 0.352993 -2.553169
v 0.135007 0.282025 -2.552000
v -0.083439 0.352993 -2.553169
v -0.000000 0.380100 -2.553616
v -0.097691 0.165969 -2.624729
v 0.037315 0.122109 -2.624007
v 0.120753 0.236936 -2.625898
v 0.037315 0.351763 -2.627790
v -0.097691 0.307903 -2.627067
v -0.023061 0.165209 -2.670846
v -0.074630 0.236176 -2.672015
v 0.060376 0.192316 -2.671293
v 0.060376 0.280036 -2.672738
v -0.023061 0.307143 -2.673184
v -0.171851 0.174216 -2.389990
v -0.171851 0.285875 -2.391829
v -0.106488 0.083880 -2.388502
v 0.171851 0.174216 -2.389990
v 0.106488 0.083880 -2.388502
v 0.106210 0.376210 -2.393317
v 0.171851 0.285875 -2.391829
v -0.106210 0.376210 -2.393317
v -0.000000 0.410715 -2.393886
v -0.203368 0.171597 -2.204755
v -0.203620 0.272253 -2.199490
v -0.125562 0.090163 -2.209013
v 0.203367 0.171597 -2.204755
v 0.125562 0.090163 -2.209013
v 0.125971 0.353688 -2.195231
v 0.203620 0.272253 -2.199490
v -0.125971 0.353688 -2.195231
v -0.000000 0.384793 -2.193604
v -0.204854 0.180751 -2.029698
v -0.204856 0.263100 -2.025391
v -0.126606 0.114128 -2.033183
v 0.204854 0.180751 -2.029698
v 0.126606 0.114128 -2.033183
v 0.126609 0.329723 -2.021907
v 0.204856 0.263100 -2.025391
v -0.126609 0.329723 -2.021907
v -0.000000 0.355170 -2.020576
v -0.153592 0.186153 -1.842127
v -0.153602 0.237397 -1.839447
v -0.000000 0.128860 -1.845124
v -0.094920 0.144696 -1.844295
v 0.153592 0.186153 -1.842127
v 0.094920 0.144696 -1.844295
v 0.094936 0.278855 -1.837279
v 0.153601 0.237397 -1.839447
v -0.094936 0.278855 -1.837279
v -0.000000 0.294690 -1.836451
v -0.108998 0.189360 -1.715783
v -0.108998 0.222011 -1.714075
v -0.000000 0.152855 -1.717692
v -0.067364 0.162945 -1.717164
v 0.108998 0.189360 -1.715783
v 0.067364 0.162945 -1.717164
v 0.067364 0.248426 -1.712693
v 0.108998 0.222011 -1.714075
v -0.067364 0.248426 -1.712693
v -0.000000 0.258516 -1.712166
v -0.041719 0.109784 -2.549163
v -0.053244 0.066627 -2.388218
v -0.062781 0.074610 -2.209827
v -0.063303 0.101404 -2.033848
v -0.047460 0.136778 -1.844709
v -0.033682 0.157900 -1.717428
v 0.041719 0.109784 -2.549163
v 0.053244 0.066627 -2.388218
v 0.062781 0.074610 -2.209827
v 0.063303 0.101404 -2.033848
v 0.047460 0.136778 -1.844709
v 0.033682 0.157900 -1.717428
v 0.052076 0.129048 -2.191811
v 0.030671 0.129048 -2.117532
v 0.045807 0.129048 -2.139288
v -0.052076 0.129048 -2.191811
v -0.030671 0.129048 -2.117532
v -0.045807 0.129048 -2.139288
v 0.052076 0.108454 -2.193840
v 0.030671 0.093963 -2.120987
v 0.045807 0.098207 -2.142325
v -0.052076 0.108454 -2.193840
v -0.030671 0.093963 -2.120987
v -0.045807 0.098207 -2.142325
v 0.052076 0.088651 -2.199847
v 0.030671 0.060226 -2.131221
v 0.045807 0.068551 -2.151321
v -0.052076 0.088651 -2.199847
v -0.030671 0.060226 -2.131221
v -0.045807 0.068551 -2.151321
v 0.052076 0.070401 -2.209602
v 0.030671 0.029134 -2.147840
v 0.045807 0.041221 -2.165930
v -0.052076 0.070401 -2.209602
v -0.030671 0.029134 -2.147840
v -0.045807 0.041221 -2.165930
v 0.052076 0.054405 -2.222729
v 0.030671 0.001881 -2.170206
v 0.045807 0.017265 -2.185590
v -0.052076 0.054405 -2.222729
v -0.030671 0.001881 -2.170206
v -0.045807 0.017265 -2.185590
v 0.052076 0.041277 -2.238726
v 0.030671 -0.020484 -2.197458
v 0.045807 -0.002395 -2.209545
v -0.052076 0.041277 -2.238726
v -0.030671 -0.020484 -2.197458
v -0.045807 -0.002395 -2.209545
v 0.052076 0.031522 -2.256976
v 0.030671 -0.037103 -2.228551
v 0.045807 -0.017004 -2.236876
v -0.052076 0.031522 -2.256976
v -0.030671 -0.037103 -2.228551
v -0.045807 -0.017004 -2.236876
v 0.052076 0.025515 -2.276779
v 0.030671 -0.047337 -2.262287
v 0.045807 -0.025999 -2.266532
v -0.052076 0.025515 -2.276779
v -0.030671 -0.047337 -2.262287
v -0.045807 -0.025999 -2.266532
v 0.052076 0.023486 -2.297373
v 0.030671 -0.050793 -2.297373
v 0.045807 -0.029037 -2.297373
v -0.052076 0.023486 -2.297373
v -0.030671 -0.050793 -2.297373
v -0.045807 -0.029037 -2.297373
v 0.052076 0.025515 -2.317967
v 0.030671 -0.047337 -2.332458
v 0.045807 -0.025999 -2.328213
v -0.052076 0.025515 -2.317967
v -0.030671 -0.047337 -2.332458
v -0.045807 -0.025999 -2.328213
v 0.052076 0.031522 -2.337769
v 0.030671 -0.037103 -2.366195
v 0.045807 -0.017004 -2.357869
v -0.052076 0.031522 -2.337769
v -0.030671 -0.037103 -2.366195
v -0.045807 -0.017004 -2.357869
v 0.052076 0.041277 -2.356019
v 0.030671 -0.020484 -2.397287
v 0.045807 -0.002395 -2.385200
v -0.052076 0.041277 -2.356019
v -0.030671 -0.020484 -2.397287
v -0.045807 -0.002395 -2.385200
v 0.052076 0.054405 -2.372016
v 0.030671 0.001881 -2.424539
v 0.045807 0.017265 -2.409155
v -0.052076 0.054405 -2.372016
v -0.030671 0.001881 -2.424539
v -0.045807 0.017265 -2.409155
v 0.052076 0.070401 -2.385144
v 0.030671 0.029134 -2.446905
v 0.045807 0.041221 -2.428815
v -0.052076 0.070401 -2.385144
v -0.030671 0.029134 -2.446905
v -0.045807 0.041221 -2.428815
v 0.052076 0.088651 -2.394898
v 0.030671 0.060226 -2.463524
v 0.045807 0.068551 -2.443424
v -0.052076 0.088651 -2.394898
v -0.030671 0.060226 -2.463524
v -0.045807 0.068551 -2.443424
v 0.052076 0.108454 -2.400906
v 0.030671 0.093963 -2.473758
v 0.045807 0.098207 -2.452420
v -0.052076 0.108454 -2.400906
v -0.030671 0.093963 -2.473758
v -0.045807 0.098207 -2.452420
v 0.052076 0.129048 -2.402934
v 0.030671 0.129048 -2.477213
v 0.045807 0.129048 -2.455457
v -0.052076 0.129048 -2.402934
v -0.030671 0.129048 -2.477213
v -0.045807 0.129048 -2.455457
v 0.052076 0.149642 -2.400905
v 0.030671 0.164133 -2.473758
v 0.045807 0.159889 -2.452420
v -0.052076 0.149642 -2.400905
v -0.030671 0.164133 -2.473758
v -0.045807 0.159889 -2.452420
v 0.052076 0.169444 -2.394898
v 0.030671 0.197870 -2.463524
v 0.045807 0.189544 -2.443424
v -0.052076 0.169444 -2.394898
v -0.030671 0.197870 -2.463524
v -0.045807 0.189544 -2.443424
v 0.052076 0.187695 -2.385144
v 0.030671 0.228962 -2.446905
v 0.045807 0.216875 -2.428815
v -0.052076 0.187695 -2.385144
v -0.030671 0.228962 -2.446905
v -0.045807 0.216875 -2.428815
v 0.052076 0.203691 -2.372016
v 0.030671 0.256214 -2.424539
v 0.045807 0.240831 -2.409155
v -0.052076 0.203691 -2.372016
v -0.030671 0.256214 -2.424539
v -0.045807 0.240831 -2.409155
v 0.052076 0.216819 -2.356019
v 0.030671 0.278580 -2.397287
v 0.045807 0.260491 -2.385200
v -0.052076 0.216819 -2.356019
v -0.030671 0.278580 -2.397287
v -0.045807 0.260491 -2.385200
v 0.052076 0.226574 -2.337769
v 0.030671 0.295199 -2.366195
v 0.045807 0.275099 -2.357869
v -0.052076 0.226574 -2.337769
v -0.030671 0.295199 -2.366195
v -0.045807 0.275099 -2.357869
v 0.052076 0.232581 -2.317966
v 0.030671 0.305433 -2.332458
v 0.045807 0.284095 -2.328213
v -0.052076 0.232581 -2.317966
v -0.030671 0.305433 -2.332458
v -0.045807 0.284095 -2.328213
v 0.052076 0.234609 -2.297373
v 0.030671 0.308888 -2.297372
v 0.045807 0.287133 -2.297372
v -0.052076 0.234609 -2.297373
v -0.030671 0.308888 -2.297372
v -0.045807 0.287133 -2.297372
v 0.052076 0.232581 -2.276778
v 0.030671 0.305433 -2.262287
v 0.045807 0.284095 -2.266531
v -0.052076 0.232581 -2.276778
v -0.030671 0.305433 -2.262287
v -0.045807 0.284095 -2.266531
v 0.052076 0.226574 -2.256976
v 0.030671 0.295199 -2.228550
v 0.045807 0.275099 -2.236876
v -0.052076 0.226574 -2.256976
v -0.030671 0.295199 -2.228550
v -0.045807 0.275099 -2.236876
v 0.052076 0.216819 -2.238726
v 0.030671 0.278580 -2.197458
v 0.045807 0.260490 -2.209545
v -0.052076 0.216819 -2.238726
v -0.030671 0.278580 -2.197458
v -0.045807 0.260490 -2.209545
v 0.052076 0.203691 -2.222729
v 0.030671 0.256214 -2.170206
v 0.045807 0.240830 -2.185590
v -0.052076 0.203691 -2.222729
v -0.030671 0.256214 -2.170206
v -0.045807 0.240830 -2.185590
v 0.052076 0.187694 -2.209602
v 0.030671 0.228962 -2.147840
v 0.045807 0.216875 -2.165930
v -0.052076 0.187694 -2.209602
v -0.030671 0.228962 -2.147840
v -0.045807 0.216875 -2.165930
v 0.052076 0.169444 -2.199847
v 0.030671 0.197870 -2.131221
v 0.045807 0.189544 -2.151321
v -0.052076 0.169444 -2.199847
v -0.030671 0.197870 -2.131221
v -0.045807 0.189544 -2.151321
v 0.052076 0.149641 -2.193840
v 0.030671 0.164133 -2.120987
v 0.045807 0.159888 -2.142325
v -0.052076 0.149642 -2.193840
v -0.030671 0.164133 -2.120987
v -0.045807 0.159888 -2.142325
v -0.115090 1.465075 -2.807541
v -0.054316 1.539715 -2.804289
v -0.052603 1.289662 -2.813473
v -0.113377 1.341265 -2.812730
v 0.115090 1.465075 -2.807541
v 0.054316 1.539715 -2.804289
v 0.052603 1.289662 -2.813473
v 0.113377 1.341265 -2.812730
v -0.117891 1.395976 -2.810464
v -0.094098 1.304605 -2.813884
v -0.096667 1.521881 -2.805102
v 0.117890 1.395976 -2.810464
v -0.000000 1.287620 -2.812876
v 0.094098 1.304605 -2.813884
v -0.000000 1.538889 -2.804289
v 0.096667 1.521881 -2.805102
v -0.041875 1.429358 -2.755210
v -0.019763 1.456515 -2.754026
v -0.019140 1.365535 -2.757368
v -0.041252 1.384310 -2.757098
v 0.041875 1.429358 -2.755210
v 0.019763 1.456515 -2.754026
v 0.019139 1.365535 -2.757368
v 0.041252 1.384310 -2.757098
v -0.042894 1.404217 -2.756273
v -0.034237 1.370972 -2.757518
v -0.035172 1.450026 -2.754322
v 0.042894 1.404217 -2.756273
v -0.000000 1.364792 -2.757151
v 0.034237 1.370972 -2.757518
v -0.000000 1.456215 -2.754026
v 0.035172 1.450026 -2.754322
v -0.952975 0.868740 -2.954662
v -0.877012 0.861300 -2.924362
v -0.911821 0.921591 -2.946877
v -0.929222 0.951731 -2.980150
v -0.905168 0.910067 -2.978198
v -0.872900 0.854178 -2.943719
v -0.528090 1.231537 -2.982878
v -0.512176 1.203972 -2.955540
v -0.504131 1.190038 -2.993412
v -0.525017 1.226215 -2.997344
v -0.444586 1.086903 -2.942817
v -0.473409 1.136826 -2.972585
v -0.945857 0.889948 -2.950086
v -0.925397 0.854511 -2.936852
v -0.901207 0.885575 -2.932276
v -0.878330 0.845951 -2.930421
v -0.922980 0.850324 -2.948230
v -0.956085 0.907664 -2.969643
v -0.931895 0.938729 -2.965068
v -0.941947 0.883175 -2.968496
v -0.927985 0.931956 -2.983478
v -0.894880 0.874615 -2.962064
v -0.785778 0.894400 -2.921870
v -0.783361 0.890214 -2.933248
v -0.820377 0.954327 -2.936252
v -0.799917 0.918889 -2.923017
v -0.849572 1.004894 -2.976075
v -0.839344 0.987178 -2.956518
v -0.833016 0.976218 -2.986306
v -0.847155 1.000708 -2.987453
v -0.793589 0.907929 -2.952805
v -0.812556 0.940780 -2.973072
v -0.610640 1.056242 -2.975344
v -0.584743 1.011386 -2.948676
v -0.656936 1.136429 -2.997811
v -0.638216 1.104003 -2.994112
v -0.645324 1.116316 -2.960647
v -0.659652 1.141132 -2.985029
v -0.591852 1.023699 -2.915211
v -0.619427 1.071461 -2.933979
v -0.570416 0.986571 -2.924295
v -0.573131 0.991274 -2.911513
v -0.452631 1.100837 -2.904944
v -0.483353 1.154050 -2.925772
v -0.428671 1.059338 -2.915479
v -0.431744 1.064660 -2.901013
v -0.446565 1.286798 -2.984262
v -0.429883 1.257903 -2.953632
v -0.420301 1.241307 -2.998738
v -0.442906 1.280459 -3.001490
v -0.356734 1.131205 -2.944725
v -0.387387 1.184298 -2.977055
v -0.366315 1.147801 -2.899620
v -0.399230 1.204811 -2.921302
v -0.340051 1.102310 -2.914095
v -0.343711 1.108649 -2.896867
v -0.310630 1.381415 -2.988457
v -0.291905 1.348983 -2.953275
v -0.280683 1.329546 -3.006104
v -0.306343 1.373991 -3.008635
v -0.208867 1.205157 -2.945082
v -0.243451 1.265058 -2.981829
v -0.220089 1.224594 -2.892253
v -0.257322 1.289083 -2.916529
v -0.190143 1.172726 -2.909900
v -0.194429 1.180150 -2.889722
v -0.178954 1.469265 -3.006401
v -0.157339 1.431827 -2.968763
v -0.146117 1.412390 -3.021592
v -0.174668 1.461841 -3.026580
v -0.064948 1.271800 -2.952623
v -0.104208 1.339801 -2.993343
v -0.076170 1.291237 -2.899794
v -0.118079 1.363826 -2.928043
v -0.043333 1.234362 -2.914985
v -0.047619 1.241786 -2.894806
v 0.953558 0.869749 -2.954662
v 0.922020 0.939256 -2.924362
v 0.887211 0.878965 -2.946877
v 0.869809 0.848826 -2.980150
v 0.893864 0.890489 -2.978198
v 0.926132 0.946378 -2.943719
v 0.426924 1.056312 -2.982878
v 0.442839 1.083877 -2.955540
v 0.450884 1.097811 -2.993412
v 0.429997 1.061635 -2.997344
v 0.510429 1.200947 -2.942817
v 0.481606 1.151024 -2.972585
v 0.931632 0.865310 -2.950086
v 0.952092 0.900747 -2.936852
v 0.913094 0.906165 -2.932276
v 0.935971 0.945789 -2.930421
v 0.954509 0.904934 -2.948230
v 0.921404 0.847594 -2.969643
v 0.882406 0.853011 -2.965068
v 0.935543 0.872083 -2.968496
v 0.886317 0.859784 -2.983478
v 0.919422 0.917124 -2.962064
v 0.847737 1.001716 -2.921870
v 0.850154 1.005903 -2.933248
v 0.813138 0.941789 -2.936252
v 0.833598 0.977227 -2.923017
v 0.783944 0.891223 -2.976075
v 0.794172 0.908938 -2.956518
v 0.800500 0.919898 -2.986306
v 0.786361 0.895409 -2.987453
v 0.839926 0.988187 -2.952805
v 0.820960 0.955336 -2.973072
v 0.620010 1.072470 -2.975344
v 0.645907 1.117325 -2.948676
v 0.573713 0.992283 -2.997811
v 0.592434 1.024708 -2.994112
v 0.585325 1.012395 -2.960647
v 0.570998 0.987580 -2.985028
v 0.638798 1.105012 -2.915212
v 0.611223 1.057250 -2.933979
v 0.660234 1.142141 -2.924295
v 0.657519 1.137438 -2.911513
v 0.502384 1.187012 -2.904944
v 0.471662 1.133800 -2.925772
v 0.526343 1.228511 -2.915479
v 0.523270 1.223189 -2.901013
v 0.338304 1.099284 -2.984262
v 0.354987 1.128180 -2.953632
v 0.364568 1.144775 -2.998738
v 0.341964 1.105623 -3.001490
v 0.428136 1.254877 -2.944725
v 0.397483 1.201785 -2.977055
v 0.418554 1.238282 -2.899620
v 0.385639 1.181272 -2.921302
v 0.444818 1.283772 -2.914095
v 0.441159 1.277434 -2.896867
v 0.188395 1.169700 -2.988457
v 0.207120 1.202132 -2.953275
v 0.218342 1.221569 -3.006104
v 0.192682 1.177124 -3.008635
v 0.290158 1.345958 -2.945082
v 0.255575 1.286057 -2.981828
v 0.278936 1.326521 -2.892253
v 0.241703 1.262032 -2.916529
v 0.308883 1.378389 -2.909901
v 0.304596 1.370965 -2.889722
v 0.046477 1.239809 -3.006401
v 0.068092 1.277247 -2.968763
v 0.079314 1.296684 -3.021592
v 0.050764 1.247233 -3.026580
v 0.160484 1.437274 -2.952623
v 0.121224 1.369273 -2.993343
v 0.149262 1.417837 -2.899794
v 0.107353 1.345248 -2.928043
v 0.182099 1.474713 -2.914985
v 0.177813 1.467288 -2.894806
v -0.000583 2.520351 -2.954662
v -0.045008 2.458285 -2.924362
v 0.024610 2.458285 -2.946878
v 0.059412 2.458285 -2.980150
v 0.011303 2.458285 -2.978199
v -0.053232 2.458285 -2.943720
v 0.101166 1.970992 -2.982878
v 0.069337 1.970992 -2.955540
v 0.053247 1.970992 -2.993413
v 0.095020 1.970992 -2.997344
v -0.065844 1.970992 -2.942818
v -0.008197 1.970992 -2.972585
v 0.014225 2.503583 -2.950086
v -0.026695 2.503583 -2.936852
v -0.011887 2.467102 -2.932277
v -0.057641 2.467101 -2.930421
v -0.031529 2.503583 -2.948230
v 0.034681 2.503582 -2.969643
v 0.049489 2.467101 -2.965068
v 0.006404 2.503583 -2.968496
v 0.041668 2.467101 -2.983478
v -0.024543 2.467101 -2.962065
v -0.061959 2.362724 -2.921870
v -0.066793 2.362724 -2.933248
v 0.007239 2.362724 -2.936252
v -0.033682 2.362724 -2.923018
v 0.065628 2.362724 -2.976075
v 0.045171 2.362724 -2.956518
v 0.032516 2.362724 -2.986306
v 0.060794 2.362724 -2.987453
v -0.046337 2.362724 -2.952806
v -0.008404 2.362724 -2.973072
v -0.009370 2.130130 -2.975344
v -0.061164 2.130130 -2.948677
v 0.083223 2.130130 -2.997811
v 0.045781 2.130130 -2.994112
v 0.059999 2.130130 -2.960647
v 0.088653 2.130130 -2.985029
v -0.046946 2.130130 -2.915212
v 0.008204 2.130130 -2.933979
v -0.089818 2.130130 -2.924295
v -0.084388 2.130130 -2.911513
v -0.049753 1.970992 -2.904945
v 0.011691 1.970992 -2.925772
v -0.097672 1.970992 -2.915479
v -0.091527 1.970992 -2.901013
v 0.108261 1.872758 -2.984262
v 0.074896 1.872758 -2.953632
v 0.055733 1.872758 -2.998738
v 0.100942 1.872758 -3.001490
v -0.071402 1.872758 -2.944725
v -0.010096 1.872758 -2.977055
v -0.052239 1.872758 -2.899620
v 0.013590 1.872758 -2.921302
v -0.104767 1.872758 -2.914095
v -0.097448 1.872758 -2.896867
v 0.122234 1.707726 -2.988457
v 0.084785 1.707726 -2.953275
v 0.062341 1.707726 -3.006104
v 0.113661 1.707726 -3.008636
v -0.081291 1.707726 -2.945082
v -0.012124 1.707726 -2.981829
v -0.058847 1.707726 -2.892253
v 0.015618 1.707726 -2.916529
v -0.118740 1.707726 -2.909901
v -0.110167 1.707726 -2.889722
v 0.132477 1.549767 -3.006401
v 0.089247 1.549767 -2.968763
v 0.066803 1.549767 -3.021592
v 0.123904 1.549767 -3.026580
v -0.095537 1.549767 -2.952623
v -0.017016 1.549767 -2.993343
v -0.073093 1.549767 -2.899794
v 0.010726 1.549767 -2.928043
v -0.138767 1.549767 -2.914985
v -0.130194 1.549767 -2.894806
v 0.196344 1.495316 -2.878125
v -0.193709 1.304820 -2.886109
v 0.080936 1.217070 -2.887252
v -0.080936 1.217070 -2.887252
v -0.195430 1.314724 -2.984152
v 0.075507 1.223946 -2.985218
v 0.197889 1.492442 -2.976704
v -0.075508 1.223946 -2.985218
v -0.083571 1.610158 -2.873122
v -0.196344 1.495316 -2.878125
v 0.193709 1.304820 -2.886109
v 0.083571 1.610158 -2.873122
v 0.125714 1.354595 -3.142798
v -0.050153 1.537834 -3.135004
v -0.127295 1.468915 -3.138006
v -0.125714 1.354595 -3.142798
v -0.197889 1.492442 -2.976704
v -0.077966 1.599582 -2.972036
v 0.195430 1.314724 -2.984152
v 0.077966 1.599582 -2.972036
v -0.055486 1.392309 -3.271216
v 0.021687 1.360669 -3.271517
v 0.055772 1.443878 -3.269117
v -0.021688 1.360669 -3.271517
v 0.050153 1.537834 -3.135004
v -0.048572 1.290241 -3.143484
v 0.127295 1.468915 -3.138007
v 0.048571 1.290241 -3.143484
v -0.009731 1.430640 -3.327853
v -0.010017 1.409097 -3.328501
v 0.009731 1.430640 -3.327853
v 0.010017 1.409097 -3.328501
v -0.055773 1.443878 -3.269117
v -0.021974 1.474074 -3.267801
v 0.055486 1.392309 -3.271216
v 0.021974 1.474074 -3.267801
v -0.210286 1.389000 -2.882623
v -0.149597 1.246327 -2.887885
v -0.083615 1.205462 -2.916980
v -0.086337 1.617548 -2.902382
v 0.146930 1.573983 -2.973203
v -0.215193 1.498905 -2.907551
v 0.218252 1.393257 -2.980900
v -0.212471 1.302105 -2.915799
v -0.000000 1.212661 -2.984361
v 0.083615 1.205462 -2.916980
v 0.086337 1.617548 -2.902382
v 0.215193 1.498905 -2.907551
v 0.212470 1.302105 -2.915799
v -0.143242 1.257926 -2.985809
v 0.210286 1.389000 -2.882623
v -0.000000 1.608887 -2.873122
v 0.149597 1.246327 -2.887885
v -0.000000 1.209751 -2.886333
v 0.153550 1.582718 -2.874372
v -0.153550 1.582718 -2.874372
v 0.075237 1.590090 -2.864058
v 0.157047 1.315202 -2.875751
v -0.159419 1.486701 -2.868563
v -0.075237 1.590090 -2.864058
v -0.072865 1.243724 -2.876779
v 0.072864 1.243724 -2.876779
v -0.157047 1.315202 -2.875751
v 0.159419 1.486700 -2.868563
v -0.062023 1.257285 -3.068532
v -0.064043 1.568823 -3.057703
v -0.000000 1.537072 -3.135004
v -0.162550 1.480816 -3.061538
v -0.094515 1.521367 -3.135755
v -0.160530 1.334835 -3.067656
v -0.092143 1.316568 -3.143863
v 0.062023 1.257285 -3.068532
v 0.064043 1.568823 -3.057703
v 0.162550 1.480816 -3.061538
v 0.160530 1.334835 -3.067656
v -0.140395 1.405113 -3.140706
v 0.143242 1.257926 -2.985809
v -0.218252 1.393257 -2.980900
v -0.146930 1.573983 -2.973203
v -0.000000 1.598397 -2.972036
v -0.035133 1.324230 -3.210878
v -0.036172 1.506343 -3.204762
v 0.041410 1.466859 -3.268130
v -0.091808 1.456636 -3.206928
v 0.061613 1.415554 -3.270299
v -0.090770 1.373815 -3.210383
v -0.000000 1.355202 -3.271275
v 0.035132 1.324230 -3.210878
v 0.036171 1.506343 -3.204762
v 0.091808 1.456636 -3.206928
v 0.090769 1.373815 -3.210383
v -0.040981 1.374046 -3.271683
v 0.092143 1.316568 -3.143863
v 0.140394 1.405113 -3.140706
v 0.094515 1.521367 -3.135755
v -0.000000 1.280002 -3.142932
v -0.012046 1.391608 -3.314393
v -0.011760 1.446887 -3.312654
v -0.000000 1.408427 -3.328415
v -0.026107 1.434070 -3.313212
v -0.000000 1.430519 -3.327809
v -0.026393 1.405571 -3.314266
v -0.010834 1.419865 -3.328201
v 0.012046 1.391608 -3.314393
v 0.011760 1.446887 -3.312654
v 0.026107 1.434070 -3.313212
v 0.026393 1.405571 -3.314266
v 0.010834 1.419865 -3.328201
v 0.040981 1.374046 -3.271683
v -0.061614 1.415554 -3.270299
v -0.041410 1.466859 -3.268130
v -0.000000 1.473740 -3.267801
v -0.163299 1.390987 -2.872612
v -0.157636 1.240178 -2.917634
v -0.000000 1.194907 -2.916031
v -0.161720 1.589200 -2.903674
v -0.000000 1.616235 -2.902382
v -0.066608 1.345412 -3.211152
v -0.235772 1.389071 -2.912197
v 0.157636 1.240178 -2.917634
v 0.161720 1.589200 -2.903674
v 0.235772 1.389071 -2.912197
v 0.130342 1.264423 -2.877350
v -0.000000 1.240895 -2.875952
v -0.130342 1.264423 -2.877350
v 0.163298 1.390987 -2.872612
v 0.133901 1.565387 -2.865184
v -0.000000 1.588946 -2.864058
v -0.133901 1.565387 -2.865184
v -0.117662 1.287434 -3.069017
v -0.000000 1.246523 -3.067827
v -0.120691 1.547795 -3.058662
v -0.000000 1.567849 -3.057703
v -0.025610 1.391425 -3.303348
v -0.179277 1.399344 -3.064984
v 0.117662 1.287434 -3.069017
v 0.120691 1.547795 -3.058662
v 0.179277 1.399344 -3.064984
v -0.000000 1.315445 -3.210480
v -0.068167 1.494466 -3.205303
v -0.000000 1.505793 -3.204762
v -0.101281 1.410528 -3.208874
v 0.066608 1.345412 -3.211152
v 0.068166 1.494466 -3.205303
v 0.101281 1.410528 -3.208874
v -0.000000 1.389465 -3.314269
v -0.025515 1.449186 -3.301246
v -0.000000 1.446715 -3.312643
v -0.000000 1.419605 -3.328125
v -0.028946 1.419047 -3.313802
v 0.025610 1.391425 -3.303348
v 0.025515 1.449186 -3.301246
v 0.028946 1.419047 -3.313802
vn 0.1214 0.9813 -0.1494
vn 0.1236 0.9892 -0.0794
vn 0.1236 0.9922 -0.0167
vn 0.1198 0.9852 0.1225
vn 0.1052 0.9415 0.3202
vn 0.0823 0.8580 0.5070
vn -0.0760 0.1528 0.9853
vn -0.1893 -0.9091 0.3712
vn -0.1715 -0.9848 0.0287
vn -0.1683 -0.9856 -0.0135
vn -0.1691 -0.9854 0.0178
vn -0.1725 -0.9750 -0.1401
vn -0.1738 -0.9295 -0.3252
vn -0.1517 -0.5326 -0.8327
vn 0.0487 0.7308 -0.6808
vn 0.1115 0.9559 -0.2716
vn 0.0486 0.8889 0.4554
vn -0.1709 -0.9852 0.0103
vn 0.0647 0.9921 0.1070
vn -0.1800 -0.9830 0.0361
vn -0.1660 -0.5744 -0.8016
vn 0.0665 0.9688 -0.2386
vn 0.0687 0.9952 -0.0693
vn -0.1156 0.1632 0.9798
vn -0.1649 -0.9788 -0.1218
vn 0.0586 0.9575 0.2825
vn -0.2255 -0.9742 -0.0122
vn 0.0109 0.7754 -0.6314
vn 0.0665 0.9977 -0.0146
vn -0.1895 -0.9256 0.3276
vn -0.1636 -0.9442 -0.2858
vn 0.0711 0.9889 -0.1306
vn 0.0604 0.9938 0.0936
vn -0.1468 -0.9834 -0.1069
vn 0.0614 0.9666 0.2490
vn -0.1411 -0.9570 -0.2536
vn 0.0620 0.9113 0.4070
vn -0.1329 -0.6116 -0.7799
vn -0.0768 0.1666 0.9830
vn 0.0315 0.8124 -0.5822
vn -0.1611 -0.9420 0.2944
vn 0.0671 0.9912 -0.1142
vn -0.1479 -0.9888 0.0218
vn 0.0628 0.9962 -0.0606
vn 0.0674 0.9754 -0.2098
vn -0.1453 -0.9893 -0.0102
vn 0.0600 0.9981 -0.0127
vn -0.1464 -0.9891 0.0135
vn -0.1109 0.1704 0.9791
vn 0.0146 0.8557 -0.5173
vn -0.1436 -0.9574 0.2505
vn 0.0566 0.9938 -0.0954
vn -0.1232 -0.9922 0.0182
vn 0.0545 0.9972 -0.0505
vn 0.0541 0.9829 -0.1763
vn -0.1204 -0.9927 -0.0086
vn 0.0528 0.9985 -0.0106
vn -0.1214 -0.9925 0.0113
vn 0.0519 0.9956 0.0781
vn -0.1236 -0.9883 -0.0896
vn 0.0488 0.9766 0.2097
vn -0.1239 -0.9690 -0.2140
vn 0.0437 0.9362 0.3486
vn -0.1423 -0.6597 -0.7379
vn -0.1391 -0.9903 -0.0066
vn 0.0391 0.9992 -0.0083
vn -0.1402 -0.9901 0.0088
vn 0.0411 0.9973 0.0608
vn -0.1396 -0.9878 -0.0695
vn 0.0486 0.9852 0.1643
vn -0.1314 -0.9770 -0.1676
vn 0.0596 0.9590 0.2771
vn -0.1426 -0.7221 -0.6770
vn -0.1060 0.1656 0.9805
vn 0.0304 0.9033 -0.4279
vn -0.1533 -0.9683 0.1974
vn 0.0497 0.9960 -0.0743
vn -0.1414 -0.9898 0.0140
vn 0.0429 0.9983 -0.0393
vn 0.0543 0.9890 -0.1378
vn -0.1087 -0.9867 -0.1211
vn 0.0428 0.9784 0.2021
vn -0.1592 -0.7900 -0.5921
vn -0.1684 0.1581 0.9730
vn 0.0166 0.9451 -0.3263
vn -0.1267 -0.9813 0.1451
vn 0.0518 0.9972 -0.0530
vn -0.1068 -0.9942 0.0103
vn 0.0500 0.9984 -0.0280
vn 0.0501 0.9938 -0.0991
vn -0.1044 -0.9945 -0.0048
vn 0.0485 0.9988 -0.0058
vn -0.1052 -0.9944 0.0063
vn 0.0478 0.9979 0.0435
vn -0.1073 -0.9930 -0.0501
vn 0.0459 0.9919 0.1183
vn -0.0449 -0.9980 -0.0446
vn -0.0414 0.9936 0.1053
vn -0.0635 -0.9921 -0.1078
vn -0.0706 0.9811 0.1804
vn -0.2380 -0.8098 -0.5363
vn -0.4328 0.1490 0.8891
vn -0.1167 0.9490 -0.2928
vn -0.0951 -0.9871 0.1289
vn -0.0211 0.9987 -0.0471
vn -0.0399 -0.9992 0.0092
vn -0.0172 0.9995 -0.0248
vn -0.0346 0.9955 -0.0882
vn -0.0347 -0.9994 -0.0043
vn -0.0168 0.9998 -0.0052
vn -0.0359 -0.9993 0.0056
vn -0.0224 0.9990 0.0386
vn 0.0876 0.9857 -0.1437
vn 0.0718 0.9878 -0.1379
vn -0.1727 -0.9341 -0.3126
vn -0.1716 -0.9384 -0.3000
vn -0.1970 -0.9128 0.3578
vn -0.1998 -0.9178 0.3431
vn 0.0864 0.9961 -0.0160
vn 0.0687 0.9975 -0.0154
vn 0.0140 0.7447 -0.6673
vn -0.0003 0.7581 -0.6521
vn -0.1025 -0.9946 -0.0144
vn -0.9555 -0.2947 0.0127
vn 0.0710 0.9483 0.3092
vn 0.0558 0.9531 0.2974
vn -0.1711 -0.9760 -0.1344
vn -0.1703 -0.9770 -0.1286
vn -0.1132 0.1561 0.9812
vn -0.1320 0.1580 0.9786
vn 0.0877 0.9932 -0.0764
vn 0.0706 0.9948 -0.0732
vn 0.0790 0.9618 -0.2620
vn 0.0645 0.9657 -0.2516
vn -0.1686 -0.5428 -0.8228
vn -0.1777 -0.5577 -0.8108
vn -0.1585 -0.9867 0.0369
vn -0.1730 -0.9811 0.0861
vn 0.0830 0.9895 0.1180
vn 0.0658 0.9914 0.1131
vn -0.1590 -0.9872 0.0128
vn -0.1656 -0.9862 -0.0069
vn 0.0527 0.8690 0.4920
vn 0.0405 0.8785 0.4760
vn 0.9379 -0.3132 -0.1491
vn -0.1731 -0.8636 0.4735
vn 0.7306 -0.6790 -0.0717
vn -0.0462 -0.2744 -0.9605
vn 0.9582 -0.2452 -0.1471
vn 0.0758 0.6700 -0.7385
vn -0.9960 0.0713 0.0542
vn -0.1531 -0.8382 0.5234
vn -0.9977 -0.0512 -0.0440
vn 0.0405 0.5873 -0.8083
vn -0.9992 0.0350 0.0214
vn -0.1456 -0.8586 0.4915
vn -0.1643 -0.8664 -0.4715
vn -0.1188 -0.7870 0.6054
vn 0.9286 -0.3183 -0.1905
vn -0.0291 0.1808 -0.9831
vn -0.1214 0.9813 -0.1494
vn -0.1236 0.9892 -0.0794
vn -0.1236 0.9922 -0.0167
vn -0.1198 0.9852 0.1225
vn -0.1052 0.9415 0.3202
vn -0.0823 0.8580 0.5070
vn 0.0760 0.1528 0.9853
vn 0.1893 -0.9091 0.3712
vn 0.1715 -0.9848 0.0287
vn 0.1683 -0.9856 -0.0135
vn 0.1691 -0.9854 0.0178
vn 0.1725 -0.9750 -0.1401
vn 0.1738 -0.9295 -0.3252
vn 0.1517 -0.5326 -0.8327
vn -0.0487 0.7308 -0.6808
vn -0.1115 0.9559 -0.2716
vn -0.0486 0.8889 0.4554
vn 0.1709 -0.9852 0.0103
vn -0.0647 0.9921 0.1070
vn 0.1800 -0.9830 0.0361
vn 0.1660 -0.5744 -0.8016
vn -0.0665 0.9688 -0.2386
vn -0.0687 0.9952 -0.0693
vn 0.1156 0.1632 0.9798
vn 0.1649 -0.9788 -0.1218
vn -0.0586 0.9575 0.2825
vn 0.2255 -0.9742 -0.0122
vn -0.0109 0.7754 -0.6314
vn -0.0665 0.9977 -0.0146
vn 0.1895 -0.9256 0.3276
vn 0.1636 -0.9442 -0.2858
vn -0.0711 0.9889 -0.1306
vn -0.0604 0.9938 0.0936
vn 0.1468 -0.9834 -0.1069
vn -0.0614 0.9666 0.2490
vn 0.1411 -0.9570 -0.2536
vn -0.0620 0.9113 0.4070
vn 0.1329 -0.6116 -0.7799
vn 0.0768 0.1666 0.9830
vn -0.0315 0.8124 -0.5822
vn 0.1611 -0.9420 0.2944
vn -0.0671 0.9912 -0.1142
vn 0.1479 -0.9888 0.0218
vn -0.0628 0.9962 -0.0606
vn -0.0674 0.9754 -0.2098
vn 0.1453 -0.9893 -0.0102
vn -0.0600 0.9981 -0.0127
vn 0.1464 -0.9891 0.0135
vn 0.1109 0.1704 0.9791
vn -0.0146 0.8557 -0.5173
vn 0.1436 -0.9574 0.2505
vn -0.0566 0.9938 -0.0954
vn 0.1232 -0.9922 0.0182
vn -0.0545 0.9972 -0.0505
vn -0.0541 0.9829 -0.1763
vn 0.1204 -0.9927 -0.0086
vn -0.0528 0.9985 -0.0106
vn 0.1214 -0.9925 0.0113
vn -0.0519 0.9956 0.0781
vn 0.1236 -0.9883 -0.0896
vn -0.0488 0.9766 0.2097
vn 0.1239 -0.9690 -0.2140
vn -0.0437 0.9362 0.3486
vn 0.1423 -0.6597 -0.7379
vn 0.1391 -0.9903 -0.0066
vn -0.0391 0.9992 -0.0083
vn 0.1402 -0.9901 0.0088
vn -0.0411 0.9973 0.0608
vn 0.1396 -0.9878 -0.0695
vn -0.0486 0.9852 0.1643
vn 0.1314 -0.9770 -0.1676
vn -0.0596 0.9590 0.2771
vn 0.1426 -0.7221 -0.6770
vn 0.1060 0.1656 0.9805
vn -0.0304 0.9033 -0.4279
vn 0.1533 -0.9683 0.1974
vn -0.0497 0.9960 -0.0743
vn 0.1414 -0.9898 0.0140
vn -0.0429 0.9983 -0.0393
vn -0.0543 0.9890 -0.1378
vn 0.1087 -0.9867 -0.1211
vn -0.0428 0.9784 0.2021
vn 0.1592 -0.7900 -0.5921
vn 0.1684 0.1581 0.9730
vn -0.0166 0.9451 -0.3263
vn 0.1267 -0.9813 0.1451
vn -0.0518 0.9972 -0.0530
vn 0.1068 -0.9942 0.0103
vn -0.0500 0.9984 -0.0280
vn -0.0501 0.9938 -0.0991
vn 0.1044 -0.9945 -0.0048
vn -0.0485 0.9988 -0.0058
vn 0.1052 -0.9944 0.0063
vn -0.0478 0.9979 0.0435
vn 0.1073 -0.9930 -0.0501
vn -0.0459 0.9919 0.1183
vn 0.0449 -0.9980 -0.0446
vn 0.0414 0.9936 0.1053
vn 0.0635 -0.9921 -0.1078
vn 0.0706 0.9811 0.1804
vn 0.2380 -0.8098 -0.5363
vn 0.4328 0.1490 0.8891
vn 0.1167 0.9490 -0.2928
vn 0.0951 -0.9871 0.1289
vn 0.0211 0.9987 -0.0471
vn 0.0399 -0.9992 0.0092
vn 0.0172 0.9995 -0.0248
vn 0.0346 0.9955 -0.0882
vn 0.0347 -0.9994 -0.0043
vn 0.0168 0.9998 -0.0052
vn 0.0359 -0.9993 0.0056
vn 0.0224 0.9990 0.0386
vn -0.0876 0.9857 -0.1437
vn -0.0718 0.9878 -0.1379
vn 0.1727 -0.9341 -0.3126
vn 0.1716 -0.9384 -0.3000
vn 0.1970 -0.9128 0.3578
vn 0.1998 -0.9178 0.3431
vn -0.0864 0.9961 -0.0160
vn -0.0687 0.9975 -0.0154
vn -0.0140 0.7447 -0.6673
vn 0.0003 0.7581 -0.6521
vn 0.1025 -0.9946 -0.0144
vn 0.9555 -0.2947 0.0127
vn -0.0710 0.9483 0.3092
vn -0.0558 0.9531 0.2974
vn 0.1711 -0.9760 -0.1344
vn 0.1703 -0.9770 -0.1286
vn 0.1132 0.1561 0.9812
vn 0.1320 0.1580 0.9786
vn -0.0877 0.9932 -0.0764
vn -0.0706 0.9948 -0.0732
vn -0.0790 0.9618 -0.2620
vn -0.0645 0.9657 -0.2516
vn 0.1686 -0.5428 -0.8228
vn 0.1777 -0.5577 -0.8108
vn 0.1585 -0.9867 0.0369
vn 0.1730 -0.9811 0.0861
vn -0.0830 0.9895 0.1180
vn -0.0658 0.9914 0.1131
vn 0.1590 -0.9872 0.0128
vn 0.1656 -0.9862 -0.0069
vn -0.0527 0.8690 0.4920
vn -0.0405 0.8785 0.4760
vn -0.9379 -0.3132 -0.1491
vn 0.1731 -0.8636 0.4735
vn -0.7306 -0.6790 -0.0717
vn 0.0462 -0.2744 -0.9605
vn -0.9582 -0.2452 -0.1471
vn -0.0758 0.6700 -0.7385
vn 0.9960 0.0713 0.0542
vn 0.1531 -0.8382 0.5234
vn 0.9977 -0.0512 -0.0440
vn -0.0404 0.5873 -0.8083
vn 0.9992 0.0350 0.0214
vn 0.1456 -0.8586 0.4915
vn 0.1643 -0.8664 -0.4715
vn 0.1188 -0.7870 0.6053
vn -0.9286 -0.3183 -0.1905
vn 0.0291 0.1808 -0.9831
vn 0.1229 0.9807 -0.1519
vn 0.1191 0.9748 -0.1887
vn 0.1119 0.9829 -0.1463
vn 0.1227 0.9858 -0.1143
vn 0.1238 0.9909 -0.0523
vn 0.1253 0.9888 -0.0807
vn 0.1134 0.9905 -0.0777
vn 0.1225 0.9914 0.0462
vn 0.1254 0.9920 -0.0168
vn 0.1130 0.9935 -0.0163
vn 0.1145 0.9706 0.2116
vn 0.1214 0.9846 0.1255
vn 0.1094 0.9867 0.1200
vn 0.0939 0.9018 0.4219
vn 0.1060 0.9386 0.3284
vn 0.0957 0.9445 0.3142
vn 0.0540 0.7554 0.6531
vn 0.0824 0.8524 0.5163
vn 0.0745 0.8634 0.4989
vn -0.1820 -0.6505 0.7374
vn -0.0890 0.0669 0.9938
vn -0.0865 0.1546 0.9842
vn -0.1790 -0.9738 0.1401
vn -0.1890 -0.9080 0.3740
vn -0.1915 -0.9113 0.3645
vn -0.1688 -0.9856 -0.0093
vn -0.1717 -0.9847 0.0303
vn -0.1711 -0.9849 0.0282
vn -0.1687 -0.9856 0.0088
vn -0.1685 -0.9856 -0.0138
vn -0.1673 -0.9858 -0.0130
vn -0.1706 -0.9846 -0.0391
vn -0.1693 -0.9854 0.0180
vn -0.1683 -0.9856 0.0173
vn -0.1733 -0.9571 -0.2323
vn -0.1726 -0.9747 -0.1421
vn -0.1721 -0.9755 -0.1371
vn -0.1734 -0.8549 -0.4889
vn -0.1739 -0.9285 -0.3281
vn -0.1735 -0.9319 -0.3187
vn -0.0533 0.2033 -0.9777
vn -0.1533 -0.5570 -0.8162
vn -0.1567 -0.5380 -0.8282
vn 0.0456 0.7095 -0.7032
vn 0.1025 0.9584 -0.2663
vn 0.0692 0.9898 -0.1242
vn 0.0653 0.9957 -0.0659
vn 0.0627 0.9979 -0.0139
vn 0.0624 0.9929 0.1017
vn 0.0612 0.9611 0.2692
vn 0.0584 0.8979 0.4364
vn -0.0873 0.1644 0.9825
vn -0.1726 -0.9332 0.3151
vn -0.1561 -0.9875 0.0236
vn -0.1535 -0.9881 -0.0108
vn -0.1547 -0.9879 0.0144
vn -0.1554 -0.9810 -0.1159
vn -0.1505 -0.9500 -0.2735
vn -0.1432 -0.5895 -0.7950
vn 0.0679 0.9715 -0.2272
vn 0.0238 0.7691 0.6386
vn 0.0536 0.9253 0.3754
vn -0.1686 -0.9849 -0.0380
vn -0.1995 -0.9799 -0.0037
vn 0.0589 0.9073 -0.4163
vn 0.0789 0.9758 0.2040
vn 0.0655 0.9970 0.0402
vn -0.1225 -0.9925 0.0058
vn -0.1733 -0.9774 0.1212
vn -0.0867 0.2094 -0.9740
vn -0.1665 -0.8833 -0.4382
vn 0.0864 0.9796 -0.1816
vn 0.0871 0.9949 -0.0503
vn 0.0699 0.9925 -0.0998
vn -0.2038 -0.6607 0.7224
vn -0.1720 -0.9596 -0.2228
vn 0.0628 0.9926 -0.1038
vn 0.0598 0.9967 -0.0550
vn 0.0577 0.9983 -0.0115
vn 0.0573 0.9947 0.0850
vn 0.0560 0.9722 0.2274
vn 0.0532 0.9254 0.3752
vn -0.0912 0.1707 0.9811
vn -0.1510 -0.9506 0.2711
vn -0.1340 -0.9908 0.0199
vn -0.1313 -0.9913 -0.0093
vn -0.1323 -0.9911 0.0123
vn -0.1338 -0.9862 -0.0974
vn -0.1314 -0.9638 -0.2319
vn -0.1364 -0.6362 -0.7594
vn 0.0239 0.8362 -0.5479
vn 0.0614 0.9848 0.1627
vn 0.0597 0.9976 0.0352
vn -0.1443 -0.9733 -0.1787
vn -0.1472 -0.9887 -0.0297
vn 0.0616 0.9409 0.3330
vn -0.1399 -0.9076 -0.3959
vn 0.0479 0.8347 0.5485
vn -0.0562 0.2382 -0.9696
vn -0.1642 -0.7323 0.6608
vn -0.1527 -0.9825 0.1072
vn 0.0647 0.9941 -0.0872
vn 0.0690 0.9871 -0.1446
vn -0.1460 -0.9893 -0.0070
vn 0.0612 0.9973 -0.0399
vn -0.1455 -0.9893 0.0067
vn 0.0510 0.9949 -0.0865
vn 0.0466 0.9979 -0.0458
vn 0.0438 0.9990 -0.0096
vn 0.0443 0.9965 0.0708
vn 0.0463 0.9806 0.1906
vn 0.0489 0.9465 0.3190
vn -0.1122 0.1667 0.9796
vn -0.1482 -0.9624 0.2277
vn -0.1314 -0.9912 0.0164
vn -0.1288 -0.9916 -0.0077
vn -0.1298 -0.9915 0.0103
vn -0.1307 -0.9881 -0.0810
vn -0.1270 -0.9727 -0.1944
vn -0.1433 -0.6863 -0.7131
vn 0.0191 0.8764 -0.4812
vn -0.1662 -0.7797 0.6036
vn 0.0267 0.8755 0.4824
vn 0.0436 0.9561 -0.2899
vn -0.0836 0.2573 -0.9627
vn -0.1297 -0.9875 0.0899
vn 0.0555 0.9958 -0.0728
vn 0.0572 0.9910 -0.1209
vn -0.1211 -0.9926 -0.0059
vn 0.0536 0.9980 -0.0332
vn -0.1207 -0.9927 0.0056
vn 0.0522 0.9982 0.0293
vn -0.1225 -0.9922 -0.0248
vn 0.0511 0.9894 0.1361
vn -0.1236 -0.9809 -0.1501
vn 0.0462 0.9581 0.2826
vn -0.1286 -0.9317 -0.3396
vn 0.0561 0.9965 -0.0616
vn 0.0507 0.9982 -0.0326
vn 0.0476 0.9988 -0.0068
vn 0.0491 0.9975 0.0505
vn 0.0545 0.9891 0.1369
vn 0.0627 0.9705 0.2327
vn -0.1138 0.1624 0.9801
vn -0.1437 -0.9756 0.1658
vn -0.1319 -0.9912 0.0117
vn -0.1298 -0.9915 -0.0055
vn -0.1307 -0.9914 0.0073
vn -0.1306 -0.9897 -0.0578
vn -0.1248 -0.9823 -0.1399
vn -0.1439 -0.7633 -0.6298
vn 0.0370 0.9290 -0.3681
vn -0.1392 -0.9903 0.0043
vn -0.1400 -0.9901 -0.0046
vn 0.0391 0.9990 0.0228
vn 0.0405 0.9988 -0.0259
vn -0.1409 -0.9898 -0.0192
vn 0.0447 0.9933 0.1062
vn -0.1359 -0.9838 -0.1169
vn 0.0537 0.9734 0.2229
vn -0.1308 -0.9537 -0.2709
vn 0.0530 0.9179 0.3932
vn -0.0776 0.2732 -0.9588
vn -0.1711 -0.8356 0.5220
vn 0.0498 0.9721 -0.2291
vn -0.1450 -0.9870 0.0696
vn 0.0459 0.9973 -0.0567
vn 0.0534 0.9941 -0.0943
vn 0.0172 0.9987 -0.0488
vn 0.0187 0.9995 -0.0257
vn 0.0184 0.9998 -0.0053
vn 0.0149 0.9991 0.0401
vn 0.0035 0.9940 0.1094
vn -0.0141 0.9822 0.1871
vn -0.2997 0.1567 0.9411
vn -0.1101 -0.9847 0.1350
vn -0.0712 -0.9974 0.0097
vn -0.0674 -0.9977 -0.0044
vn -0.0683 -0.9976 0.0058
vn -0.0742 -0.9962 -0.0464
vn -0.0851 -0.9901 -0.1119
vn -0.2023 -0.8005 -0.5642
vn 0.0088 0.9958 -0.0917
vn -0.1156 -0.9732 -0.1989
vn -0.1078 -0.9906 -0.0842
vn 0.0283 0.9549 0.2956
vn 0.0443 0.9859 0.1614
vn -0.1303 0.2812 -0.9508
vn -0.1676 -0.8918 0.4203
vn -0.1125 -0.9924 0.0508
vn 0.0508 0.9979 -0.0404
vn 0.0524 0.9964 -0.0674
vn -0.1050 -0.9945 -0.0032
vn 0.0491 0.9986 -0.0184
vn -0.1046 -0.9945 0.0031
vn 0.0480 0.9987 0.0163
vn -0.1062 -0.9942 -0.0139
vn 0.0474 0.9960 0.0761
vn -0.0338 0.9984 -0.0457
vn -0.0294 0.9993 -0.0242
vn -0.0288 0.9996 -0.0054
vn -0.0347 0.9987 0.0364
vn -0.0545 0.9936 0.0992
vn -0.0865 0.9811 0.1729
vn -0.4757 0.2034 0.8558
vn -0.0797 -0.9908 0.1098
vn -0.0280 -0.9996 0.0066
vn -0.0236 -0.9997 -0.0040
vn -0.0248 -0.9997 0.0057
vn -0.0340 -0.9986 -0.0414
vn -0.0540 -0.9933 -0.1022
vn -0.2218 -0.8526 -0.4732
vn -0.1251 0.9572 -0.2608
vn -0.0528 -0.9958 -0.0750
vn -0.0385 -0.9992 -0.0124
vn -0.0553 0.9881 0.1438
vn -0.0296 0.9973 0.0677
vn -0.0902 -0.9801 -0.1770
vn -0.1118 0.9578 0.2646
vn -0.3654 0.2726 -0.8900
vn -0.2149 -0.9027 0.3728
vn -0.0556 -0.9974 0.0452
vn -0.0188 0.9992 -0.0359
vn -0.0247 0.9979 -0.0599
vn -0.0354 -0.9994 -0.0029
vn -0.0166 0.9997 -0.0163
vn -0.0354 -0.9994 0.0027
vn -0.0186 0.9997 0.0145
vn 0.0252 0.7993 0.6005
vn 0.0124 0.7828 0.6222
vn 0.0619 0.9108 0.4083
vn 0.0481 0.9179 0.3938
vn -0.1640 -0.9859 -0.0345
vn -0.1680 -0.9851 -0.0369
vn -0.1289 -0.9917 -0.0026
vn -0.1468 -0.9547 -0.2589
vn 0.0503 0.9224 -0.3829
vn 0.0448 0.9147 -0.4017
vn 0.0629 0.9806 0.1855
vn 0.0625 0.9787 0.1957
vn 0.0851 0.9954 0.0445
vn 0.0674 0.9968 0.0426
vn -0.2116 -0.9773 0.0079
vn -0.1775 -0.9524 0.2480
vn -0.1802 -0.9744 0.1346
vn -0.1801 -0.9753 0.1282
vn -0.0891 0.2221 -0.9710
vn -0.1035 0.2128 -0.9716
vn -0.1759 -0.8632 -0.4731
vn -0.1764 -0.8721 -0.4565
vn 0.0715 0.9837 -0.1652
vn 0.0713 0.9821 -0.1743
vn 0.0676 0.9967 -0.0457
vn 0.0697 0.9964 -0.0483
vn 0.0877 0.9901 -0.1099
vn 0.0712 0.9919 -0.1054
vn -0.2017 -0.6926 0.6925
vn -0.2149 -0.6746 0.7062
vn -0.1643 -0.9654 -0.2027
vn -0.1710 -0.9619 -0.2133
vn 0.0715 0.9874 -0.1410
vn 0.0721 0.9883 -0.1346
vn -0.1720 -0.9363 -0.3061
vn -0.1712 -0.9405 -0.2936
vn -0.2004 -0.9152 0.3495
vn -0.1992 -0.9205 0.3362
vn 0.0687 0.9975 -0.0157
vn 0.0687 0.9975 -0.0150
vn 0.2664 -0.9637 -0.0187
vn -0.6009 -0.7993 0.0053
vn 0.0549 0.9512 0.3036
vn 0.0567 0.9551 0.2909
vn -0.1704 -0.9766 -0.1314
vn -0.1702 -0.9774 -0.1256
vn -0.1322 0.1565 0.9788
vn -0.1318 0.1595 0.9784
vn 0.0705 0.9947 -0.0749
vn 0.0707 0.9949 -0.0715
vn 0.0637 0.9643 -0.2569
vn 0.0652 0.9671 -0.2459
vn -0.1775 -0.5515 -0.8151
vn -0.1780 -0.5644 -0.8061
vn -0.1457 -0.9872 0.0647
vn -0.2007 -0.9773 0.0678
vn 0.0656 0.9911 0.1156
vn 0.0660 0.9917 0.1104
vn -0.1526 -0.9883 0.0015
vn -0.1799 -0.9837 -0.0011
vn 0.0388 0.8740 0.4844
vn 0.0423 0.8832 0.4671
vn 0.0780 0.5862 -0.8064
vn -0.1559 -0.8202 0.5504
vn 0.9079 -0.3998 -0.1259
vn -0.9989 0.0266 0.0394
vn -0.8896 -0.1648 -0.4260
vn -0.7276 -0.6077 0.3182
vn 0.4432 -0.8552 0.2688
vn 0.6521 -0.6060 -0.4555
vn 0.0557 0.6470 -0.7605
vn -0.1523 -0.8545 0.4966
vn 0.9510 -0.2684 -0.1532
vn -0.9974 0.0588 0.0415
vn 0.6608 -0.7158 0.2258
vn 0.8385 0.1589 -0.5213
vn -0.7857 0.5025 -0.3607
vn -0.8427 -0.3977 0.3630
vn 0.0316 0.5230 -0.8518
vn -0.1268 -0.7878 0.6027
vn 0.9694 -0.2078 -0.1307
vn -0.9979 0.0598 0.0239
vn 0.7095 -0.6746 0.2040
vn 0.8332 0.1667 -0.5273
vn -0.8147 0.4113 -0.4087
vn -0.8575 -0.4019 0.3213
vn -0.1182 -0.4660 -0.8769
vn -0.1630 -0.9759 0.1450
vn 0.5809 -0.7164 -0.3864
vn -0.8090 -0.5160 -0.2815
vn -0.8181 0.1410 -0.5575
vn -0.8597 -0.3744 0.3474
vn 0.7301 -0.6360 0.2499
vn 0.7488 -0.0797 -0.6579
vn -0.1229 0.9807 -0.1519
vn -0.1191 0.9748 -0.1887
vn -0.1119 0.9829 -0.1463
vn -0.1227 0.9858 -0.1143
vn -0.1238 0.9909 -0.0523
vn -0.1253 0.9888 -0.0807
vn -0.1134 0.9905 -0.0777
vn -0.1225 0.9914 0.0462
vn -0.1254 0.9920 -0.0168
vn -0.1130 0.9935 -0.0163
vn -0.1145 0.9706 0.2116
vn -0.1214 0.9846 0.1255
vn -0.1094 0.9867 0.1200
vn -0.0939 0.9018 0.4219
vn -0.1060 0.9386 0.3284
vn -0.0957 0.9445 0.3142
vn -0.0540 0.7554 0.6531
vn -0.0824 0.8524 0.5163
vn -0.0745 0.8634 0.4989
vn 0.1820 -0.6505 0.7374
vn 0.0890 0.0669 0.9938
vn 0.0865 0.1546 0.9842
vn 0.1790 -0.9738 0.1401
vn 0.1890 -0.9080 0.3740
vn 0.1915 -0.9113 0.3645
vn 0.1688 -0.9856 -0.0093
vn 0.1717 -0.9847 0.0303
vn 0.1711 -0.9849 0.0282
vn 0.1687 -0.9856 0.0088
vn 0.1685 -0.9856 -0.0138
vn 0.1673 -0.9858 -0.0130
vn 0.1706 -0.9846 -0.0391
vn 0.1693 -0.9854 0.0180
vn 0.1683 -0.9856 0.0173
vn 0.1733 -0.9571 -0.2323
vn 0.1726 -0.9747 -0.1421
vn 0.1721 -0.9755 -0.1371
vn 0.1734 -0.8549 -0.4889
vn 0.1739 -0.9285 -0.3281
vn 0.1735 -0.9319 -0.3187
vn 0.0533 0.2033 -0.9777
vn 0.1533 -0.5570 -0.8162
vn 0.1567 -0.5380 -0.8282
vn -0.0922 0.8983 -0.4295
vn -0.0456 0.7095 -0.7032
vn -0.0394 0.7381 -0.6736
vn -0.0692 0.9898 -0.1242
vn -0.0653 0.9957 -0.0659
vn -0.0627 0.9979 -0.0139
vn -0.0624 0.9929 0.1017
vn -0.0612 0.9611 0.2692
vn -0.0584 0.8979 0.4364
vn 0.0873 0.1644 0.9825
vn 0.1726 -0.9332 0.3151
vn 0.1561 -0.9875 0.0236
vn 0.1535 -0.9881 -0.0108
vn 0.1547 -0.9879 0.0144
vn 0.1554 -0.9810 -0.1159
vn 0.1505 -0.9500 -0.2735
vn 0.1432 -0.5895 -0.7950
vn -0.0253 0.7902 -0.6124
vn -0.0238 0.7691 0.6386
vn -0.0536 0.9253 0.3754
vn 0.1686 -0.9849 -0.0380
vn 0.1995 -0.9799 -0.0037
vn -0.0789 0.9758 0.2040
vn -0.0655 0.9970 0.0402
vn 0.1225 -0.9925 0.0058
vn 0.1733 -0.9774 0.1212
vn 0.0867 0.2094 -0.9740
vn 0.1665 -0.8833 -0.4382
vn -0.0864 0.9796 -0.1816
vn -0.0871 0.9949 -0.0503
vn -0.0699 0.9925 -0.0998
vn 0.2038 -0.6607 0.7224
vn 0.1720 -0.9596 -0.2228
vn -0.0628 0.9926 -0.1038
vn -0.0598 0.9967 -0.0550
vn -0.0577 0.9983 -0.0115
vn -0.0573 0.9947 0.0850
vn -0.0560 0.9722 0.2274
vn -0.0532 0.9254 0.3752
vn 0.0912 0.1707 0.9811
vn 0.1510 -0.9506 0.2711
vn 0.1340 -0.9908 0.0199
vn 0.1313 -0.9913 -0.0093
vn 0.1323 -0.9911 0.0123
vn 0.1338 -0.9862 -0.0974
vn 0.1314 -0.9638 -0.2319
vn 0.1364 -0.6362 -0.7594
vn -0.0615 0.9796 -0.1914
vn -0.0614 0.9848 0.1627
vn -0.0597 0.9976 0.0352
vn 0.1443 -0.9733 -0.1787
vn 0.1472 -0.9887 -0.0297
vn -0.0616 0.9409 0.3330
vn 0.1399 -0.9076 -0.3959
vn -0.0479 0.8347 0.5485
vn 0.0562 0.2382 -0.9696
vn 0.1642 -0.7323 0.6608
vn 0.1527 -0.9825 0.1072
vn -0.0647 0.9941 -0.0872
vn -0.0690 0.9871 -0.1446
vn 0.1460 -0.9893 -0.0070
vn -0.0612 0.9973 -0.0399
vn 0.1455 -0.9893 0.0067
vn -0.0510 0.9949 -0.0865
vn -0.0466 0.9979 -0.0458
vn -0.0438 0.9990 -0.0096
vn -0.0443 0.9965 0.0708
vn -0.0463 0.9806 0.1906
vn -0.0489 0.9465 0.3190
vn 0.1122 0.1667 0.9796
vn 0.1482 -0.9624 0.2277
vn 0.1314 -0.9912 0.0164
vn 0.1288 -0.9916 -0.0077
vn 0.1298 -0.9915 0.0103
vn 0.1307 -0.9881 -0.0810
vn 0.1270 -0.9727 -0.1944
vn 0.1433 -0.6863 -0.7131
vn -0.0519 0.9858 -0.1600
vn 0.1662 -0.7797 0.6036
vn -0.0267 0.8755 0.4824
vn 0.0836 0.2573 -0.9627
vn 0.1297 -0.9875 0.0899
vn -0.0555 0.9958 -0.0728
vn -0.0572 0.9910 -0.1209
vn -0.0436 0.9561 -0.2899
vn 0.1211 -0.9926 -0.0059
vn -0.0536 0.9980 -0.0332
vn 0.1207 -0.9927 0.0056
vn -0.0522 0.9982 0.0293
vn 0.1225 -0.9922 -0.0248
vn -0.0511 0.9894 0.1361
vn 0.1236 -0.9809 -0.1501
vn -0.0462 0.9581 0.2826
vn 0.1286 -0.9317 -0.3396
vn -0.0561 0.9965 -0.0616
vn -0.0507 0.9982 -0.0326
vn -0.0476 0.9988 -0.0068
vn -0.0491 0.9975 0.0505
vn -0.0545 0.9891 0.1369
vn -0.0627 0.9705 0.2327
vn 0.1138 0.1624 0.9801
vn 0.1437 -0.9756 0.1658
vn 0.1319 -0.9912 0.0117
vn 0.1298 -0.9915 -0.0055
vn 0.1307 -0.9914 0.0073
vn 0.1306 -0.9897 -0.0578
vn 0.1248 -0.9823 -0.1399
vn 0.1439 -0.7633 -0.6298
vn -0.0370 0.9290 -0.3681
vn 0.1392 -0.9903 0.0043
vn 0.1400 -0.9901 -0.0046
vn -0.0391 0.9990 0.0228
vn -0.0405 0.9988 -0.0259
vn 0.1409 -0.9898 -0.0192
vn -0.0447 0.9933 0.1062
vn 0.1359 -0.9838 -0.1169
vn -0.0537 0.9734 0.2229
vn 0.1308 -0.9537 -0.2709
vn -0.0530 0.9179 0.3932
vn 0.0776 0.2732 -0.9588
vn 0.1711 -0.8356 0.5220
vn 0.1450 -0.9870 0.0696
vn -0.0459 0.9973 -0.0567
vn -0.0534 0.9941 -0.0943
vn -0.0172 0.9987 -0.0488
vn -0.0187 0.9995 -0.0257
vn -0.0184 0.9998 -0.0053
vn -0.0149 0.9991 0.0401
vn -0.0035 0.9940 0.1094
vn 0.0141 0.9822 0.1871
vn 0.2997 0.1567 0.9411
vn 0.1101 -0.9847 0.1350
vn 0.0712 -0.9974 0.0097
vn 0.0674 -0.9977 -0.0044
vn 0.0683 -0.9976 0.0058
vn 0.0742 -0.9962 -0.0464
vn 0.0851 -0.9901 -0.1119
vn 0.2023 -0.8005 -0.5642
vn 0.0509 0.9509 -0.3053
vn 0.1156 -0.9732 -0.1989
vn 0.1078 -0.9906 -0.0842
vn -0.0283 0.9549 0.2956
vn -0.0443 0.9859 0.1614
vn 0.1303 0.2812 -0.9508
vn 0.1676 -0.8918 0.4203
vn -0.0419 0.9851 -0.1668
vn 0.1125 -0.9924 0.0508
vn -0.0508 0.9979 -0.0404
vn -0.0524 0.9964 -0.0674
vn 0.1050 -0.9945 -0.0032
vn -0.0491 0.9986 -0.0184
vn 0.1046 -0.9945 0.0031
vn -0.0480 0.9987 0.0163
vn 0.1062 -0.9942 -0.0139
vn -0.0474 0.9960 0.0761
vn 0.0338 0.9984 -0.0457
vn 0.0294 0.9993 -0.0242
vn 0.0288 0.9996 -0.0054
vn 0.0347 0.9987 0.0364
vn 0.0545 0.9936 0.0992
vn 0.0865 0.9811 0.1729
vn 0.4757 0.2034 0.8558
vn 0.0797 -0.9908 0.1098
vn 0.0280 -0.9996 0.0066
vn 0.0236 -0.9997 -0.0040
vn 0.0248 -0.9997 0.0057
vn 0.0340 -0.9986 -0.0414
vn 0.0540 -0.9933 -0.1022
vn 0.2218 -0.8526 -0.4732
vn 0.0470 0.9955 -0.0821
vn 0.0528 -0.9958 -0.0750
vn 0.0385 -0.9992 -0.0124
vn 0.0553 0.9881 0.1438
vn 0.0296 0.9973 0.0677
vn 0.0902 -0.9801 -0.1770
vn 0.1118 0.9578 0.2646
vn 0.3654 0.2726 -0.8900
vn 0.2149 -0.9027 0.3728
vn 0.0556 -0.9974 0.0452
vn 0.0188 0.9992 -0.0359
vn 0.0247 0.9979 -0.0599
vn 0.0354 -0.9994 -0.0029
vn 0.0166 0.9997 -0.0163
vn 0.0354 -0.9994 0.0027
vn 0.0186 0.9997 0.0145
vn -0.0252 0.7993 0.6005
vn -0.0124 0.7828 0.6222
vn -0.0619 0.9108 0.4083
vn -0.0481 0.9179 0.3938
vn 0.1640 -0.9859 -0.0345
vn 0.1680 -0.9851 -0.0369
vn 0.1289 -0.9917 -0.0026
vn 0.1468 -0.9547 -0.2589
vn -0.0589 0.9073 -0.4163
vn -0.0629 0.9806 0.1855
vn -0.0625 0.9787 0.1957
vn -0.0851 0.9954 0.0445
vn -0.0674 0.9968 0.0426
vn 0.2116 -0.9773 0.0079
vn 0.1775 -0.9524 0.2480
vn 0.1802 -0.9744 0.1346
vn 0.1801 -0.9753 0.1282
vn 0.0891 0.2221 -0.9710
vn 0.1035 0.2128 -0.9716
vn 0.1759 -0.8632 -0.4731
vn 0.1764 -0.8721 -0.4565
vn -0.0715 0.9837 -0.1652
vn -0.0713 0.9821 -0.1743
vn -0.0676 0.9967 -0.0457
vn -0.0697 0.9964 -0.0483
vn -0.0877 0.9901 -0.1099
vn -0.0712 0.9919 -0.1054
vn 0.2017 -0.6926 0.6925
vn 0.2149 -0.6746 0.7062
vn 0.1643 -0.9654 -0.2027
vn 0.1710 -0.9619 -0.2133
vn -0.0715 0.9874 -0.1410
vn -0.0721 0.9883 -0.1346
vn 0.1720 -0.9363 -0.3061
vn 0.1712 -0.9405 -0.2936
vn 0.2004 -0.9152 0.3495
vn 0.1992 -0.9205 0.3362
vn -0.0687 0.9975 -0.0157
vn -0.0687 0.9975 -0.0150
vn 0.0021 0.7513 -0.6600
vn -0.2664 -0.9637 -0.0187
vn 0.6009 -0.7993 0.0053
vn -0.0549 0.9512 0.3036
vn -0.0567 0.9551 0.2909
vn 0.1704 -0.9766 -0.1314
vn 0.1702 -0.9774 -0.1256
vn 0.1322 0.1565 0.9788
vn 0.1318 0.1595 0.9784
vn -0.0705 0.9947 -0.0749
vn -0.0707 0.9949 -0.0715
vn -0.0652 0.9671 -0.2459
vn 0.1775 -0.5515 -0.8151
vn 0.1780 -0.5644 -0.8061
vn 0.1457 -0.9872 0.0647
vn 0.2007 -0.9773 0.0678
vn -0.0656 0.9911 0.1156
vn -0.0660 0.9917 0.1104
vn 0.1526 -0.9883 0.0015
vn 0.1799 -0.9837 -0.0011
vn -0.0388 0.8740 0.4844
vn -0.0423 0.8832 0.4671
vn -0.0780 0.5862 -0.8064
vn 0.1559 -0.8202 0.5504
vn -0.9079 -0.3998 -0.1259
vn 0.9989 0.0266 0.0394
vn 0.8896 -0.1648 -0.4260
vn 0.7276 -0.6077 0.3182
vn -0.4432 -0.8552 0.2688
vn -0.6521 -0.6060 -0.4555
vn -0.0557 0.6470 -0.7605
vn 0.1523 -0.8545 0.4966
vn -0.9510 -0.2684 -0.1532
vn 0.9974 0.0588 0.0415
vn -0.6608 -0.7158 0.2258
vn -0.8385 0.1589 -0.5213
vn 0.7857 0.5025 -0.3607
vn 0.8427 -0.3977 0.3630
vn -0.0316 0.5230 -0.8518
vn 0.1268 -0.7878 0.6027
vn -0.9694 -0.2078 -0.1307
vn 0.9979 0.0598 0.0239
vn -0.7095 -0.6746 0.2040
vn -0.8332 0.1667 -0.5273
vn 0.8147 0.4113 -0.4087
vn 0.8575 -0.4019 0.3213
vn 0.1182 -0.4660 -0.8769
vn 0.1630 -0.9759 0.1450
vn -0.5809 -0.7164 -0.3864
vn 0.8090 -0.5160 -0.2815
vn 0.8181 0.1410 -0.5575
vn 0.8597 -0.3744 0.3474
vn -0.7301 -0.6360 0.2499
vn -0.7488 -0.0797 -0.6579
vn 0.0922 0.8983 -0.4295
vn 0.0394 0.7381 -0.6736
vn 0.1123 0.9536 -0.2793
vn 0.0253 0.7902 -0.6124
vn 0.0615 0.9796 -0.1914
vn 0.0583 0.9384 -0.3406
vn 0.0519 0.9858 -0.1600
vn 0.0593 0.9916 -0.1146
vn -0.0509 0.9509 -0.3053
vn 0.0419 0.9851 -0.1668
vn -0.0470 0.9955 -0.0821
vn -0.0577 0.9872 -0.1487
vn -0.0021 0.7513 -0.6600
vn 0.0016 0.7653 -0.6436
vn -0.1123 0.9536 -0.2793
vn -0.1025 0.9584 -0.2663
vn -0.0679 0.9715 -0.2272
vn -0.0503 0.9224 -0.3829
vn -0.0239 0.8362 -0.5479
vn -0.0583 0.9384 -0.3406
vn -0.0191 0.8764 -0.4812
vn -0.0593 0.9916 -0.1146
vn -0.0498 0.9721 -0.2291
vn -0.0088 0.9958 -0.0917
vn 0.1251 0.9572 -0.2608
vn 0.0577 0.9872 -0.1487
vn -0.0448 0.9147 -0.4017
vn -0.0016 0.7653 -0.6436
vn -0.0637 0.9643 -0.2569
vn 0.1204 0.9739 -0.1923
vn 0.1099 0.9766 -0.1848
vn 0.1243 0.9854 -0.1163
vn 0.1128 0.9873 -0.1119
vn 0.1255 0.9907 -0.0531
vn 0.1134 0.9922 -0.0512
vn 0.1242 0.9911 0.0475
vn 0.1118 0.9927 0.0452
vn 0.1158 0.9692 0.2172
vn 0.1045 0.9727 0.2074
vn 0.0944 0.8976 0.4305
vn 0.0853 0.9060 0.4145
vn 0.0514 0.7395 0.6712
vn 0.0461 0.7625 0.6453
vn -0.1820 -0.6637 0.7255
vn -0.1885 -0.6562 0.7307
vn -0.1792 -0.9732 0.1444
vn -0.1793 -0.9742 0.1373
vn -0.1690 -0.9856 -0.0091
vn -0.1681 -0.9857 -0.0089
vn -0.1689 -0.9856 0.0088
vn -0.1676 -0.9858 0.0086
vn -0.1707 -0.9845 -0.0402
vn -0.1700 -0.9847 -0.0385
vn -0.1734 -0.9564 -0.2349
vn -0.1729 -0.9583 -0.2274
vn -0.1733 -0.8546 -0.4895
vn -0.1742 -0.8593 -0.4809
vn -0.0616 0.1426 -0.9879
vn -0.0626 0.2067 -0.9764
vn 0.0919 0.8916 -0.4435
vn 0.0831 0.9026 -0.4223
vn 0.0707 0.9851 -0.1570
vn 0.0671 0.9932 -0.0948
vn 0.0638 0.9970 -0.0434
vn 0.0621 0.9973 0.0382
vn 0.0625 0.9823 0.1764
vn 0.0597 0.9315 0.3587
vn 0.0412 0.8134 0.5802
vn -0.1768 -0.7093 0.6824
vn -0.1621 -0.9800 0.1156
vn -0.1540 -0.9880 -0.0075
vn -0.1540 -0.9880 0.0073
vn -0.1555 -0.9873 -0.0324
vn -0.1532 -0.9691 -0.1934
vn -0.1501 -0.8939 -0.4224
vn -0.0653 0.2287 -0.9713
vn 0.0565 0.9288 -0.3662
vn 0.0639 0.9893 -0.1315
vn 0.0612 0.9950 -0.0792
vn 0.0586 0.9976 -0.0362
vn 0.0572 0.9979 0.0320
vn 0.0573 0.9873 0.1480
vn 0.0546 0.9507 0.3054
vn 0.0376 0.8574 0.5133
vn -0.1638 -0.7571 0.6324
vn -0.1396 -0.9853 0.0979
vn -0.1320 -0.9912 -0.0064
vn -0.1315 -0.9913 0.0060
vn -0.1333 -0.9907 -0.0271
vn -0.1327 -0.9777 -0.1630
vn -0.1334 -0.9211 -0.3657
vn -0.0680 0.2492 -0.9660
vn 0.0517 0.9483 -0.3131
vn 0.0531 0.9926 -0.1097
vn 0.0486 0.9966 -0.0660
vn 0.0449 0.9985 -0.0301
vn 0.0435 0.9987 0.0265
vn 0.0456 0.9913 0.1235
vn 0.0474 0.9651 0.2577
vn 0.0365 0.8942 0.4461
vn -0.1695 -0.8040 0.5699
vn -0.1365 -0.9873 0.0810
vn -0.1295 -0.9916 -0.0054
vn -0.1290 -0.9916 0.0050
vn -0.1307 -0.9912 -0.0224
vn -0.1290 -0.9823 -0.1360
vn -0.1294 -0.9416 -0.3108
vn -0.0833 0.2643 -0.9608
vn 0.0441 0.9634 -0.2644
vn 0.0589 0.9952 -0.0783
vn 0.0531 0.9975 -0.0470
vn 0.0488 0.9986 -0.0214
vn 0.0475 0.9987 0.0189
vn 0.0517 0.9948 0.0883
vn 0.0583 0.9807 0.1864
vn 0.0559 0.9404 0.3354
vn -0.1657 -0.8703 0.4639
vn -0.1353 -0.9891 0.0581
vn -0.1306 -0.9914 -0.0038
vn -0.1299 -0.9915 0.0036
vn -0.1314 -0.9912 -0.0160
vn -0.1279 -0.9870 -0.0974
vn -0.1255 -0.9655 -0.2282
vn -0.0830 0.2796 -0.9565
vn 0.0550 0.9799 -0.1919
vn 0.0153 0.9980 -0.0621
vn 0.0181 0.9991 -0.0372
vn 0.0188 0.9997 -0.0169
vn 0.0172 0.9997 0.0151
vn 0.0107 0.9975 0.0703
vn -0.0049 0.9888 0.1492
vn -0.0436 0.9602 0.2757
vn -0.1936 -0.8987 0.3936
vn -0.0824 -0.9955 0.0474
vn -0.0680 -0.9977 -0.0029
vn -0.0678 -0.9977 0.0028
vn -0.0702 -0.9974 -0.0130
vn -0.0787 -0.9939 -0.0778
vn -0.1028 -0.9775 -0.1844
vn -0.2476 0.2792 -0.9278
vn -0.0074 0.9879 -0.1547
vn -0.0376 0.9976 -0.0576
vn -0.0312 0.9989 -0.0347
vn -0.0286 0.9995 -0.0161
vn -0.0306 0.9994 0.0133
vn -0.0421 0.9971 0.0635
vn -0.0700 0.9880 0.1374
vn -0.1225 0.9629 0.2406
vn -0.1925 -0.9283 0.3180
vn -0.0421 -0.9984 0.0366
vn -0.0240 -0.9997 -0.0035
vn -0.0243 -0.9997 0.0030
vn -0.0273 -0.9996 -0.0105
vn -0.0427 -0.9965 -0.0714
vn -0.0795 -0.9835 -0.1623
vn -0.3988 0.3378 -0.8526
vn -0.0697 0.9882 -0.1363
vn 0.0147 0.7898 0.6132
vn 0.0102 0.7760 0.6306
vn 0.0468 0.9147 0.4014
vn 0.0495 0.9212 0.3858
vn -0.1684 -0.9851 -0.0360
vn -0.1678 -0.9851 -0.0374
vn 0.0698 -0.9874 -0.1423
vn -0.4135 -0.8936 -0.1747
vn 0.0461 0.9181 -0.3937
vn 0.0435 0.9114 -0.4092
vn 0.0629 0.9795 0.1912
vn 0.0620 0.9778 0.2000
vn 0.0674 0.9968 0.0435
vn 0.0675 0.9969 0.0416
vn -0.3698 -0.9163 0.1540
vn 0.0135 -0.9910 0.1335
vn -0.1804 -0.9748 0.1310
vn -0.1798 -0.9757 0.1252
vn -0.1031 0.2160 -0.9709
vn -0.1039 0.2097 -0.9722
vn -0.1768 -0.8679 -0.4643
vn -0.1759 -0.8765 -0.4482
vn 0.0718 0.9828 -0.1702
vn 0.0709 0.9815 -0.1781
vn 0.0697 0.9965 -0.0471
vn 0.0696 0.9964 -0.0494
vn 0.0711 0.9916 -0.1078
vn 0.0714 0.9921 -0.1029
vn -0.2149 -0.6815 0.6996
vn -0.2148 -0.6681 0.7124
vn -0.1707 -0.9630 -0.2085
vn -0.1712 -0.9608 -0.2180
vn 0.8321 0.0266 -0.5540
vn -0.7953 0.4500 -0.4062
vn -0.8244 -0.4282 0.3701
vn 0.6203 -0.7360 0.2711
vn 0.8354 0.1854 -0.5174
vn -0.7997 0.4689 -0.3750
vn -0.8525 -0.3980 0.3388
vn 0.6860 -0.6992 0.2014
vn 0.8275 0.1485 -0.5414
vn -0.8153 0.3816 -0.4355
vn -0.8716 -0.3237 0.3681
vn 0.7630 -0.5898 0.2647
vn 0.5429 -0.5216 -0.6581
vn -0.7467 -0.3410 -0.5711
vn -0.7750 -0.6303 0.0462
vn 0.5431 -0.8382 -0.0491
vn -0.1204 0.9739 -0.1923
vn -0.1099 0.9766 -0.1848
vn -0.1243 0.9854 -0.1163
vn -0.1128 0.9873 -0.1119
vn -0.1255 0.9907 -0.0531
vn -0.1134 0.9922 -0.0512
vn -0.1242 0.9911 0.0475
vn -0.1118 0.9927 0.0452
vn -0.1158 0.9692 0.2172
vn -0.1045 0.9727 0.2074
vn -0.0944 0.8976 0.4305
vn -0.0853 0.9060 0.4145
vn -0.0514 0.7395 0.6712
vn -0.0461 0.7625 0.6453
vn 0.1820 -0.6637 0.7255
vn 0.1885 -0.6562 0.7307
vn 0.1792 -0.9732 0.1444
vn 0.1793 -0.9742 0.1373
vn 0.1690 -0.9856 -0.0091
vn 0.1681 -0.9857 -0.0089
vn 0.1689 -0.9856 0.0088
vn 0.1676 -0.9858 0.0086
vn 0.1707 -0.9845 -0.0402
vn 0.1700 -0.9847 -0.0385
vn 0.1734 -0.9564 -0.2349
vn 0.1729 -0.9583 -0.2274
vn 0.1733 -0.8546 -0.4895
vn 0.1742 -0.8593 -0.4809
vn 0.0616 0.1426 -0.9879
vn 0.0626 0.2067 -0.9764
vn -0.0919 0.8916 -0.4435
vn -0.0831 0.9026 -0.4223
vn -0.0707 0.9851 -0.1570
vn -0.0671 0.9932 -0.0948
vn -0.0638 0.9970 -0.0434
vn -0.0621 0.9973 0.0382
vn -0.0625 0.9823 0.1764
vn -0.0597 0.9315 0.3587
vn -0.0412 0.8134 0.5802
vn 0.1768 -0.7093 0.6824
vn 0.1621 -0.9800 0.1156
vn 0.1540 -0.9880 -0.0075
vn 0.1540 -0.9880 0.0073
vn 0.1555 -0.9873 -0.0324
vn 0.1532 -0.9691 -0.1934
vn 0.1501 -0.8939 -0.4224
vn 0.0653 0.2287 -0.9713
vn -0.0565 0.9288 -0.3662
vn -0.0639 0.9893 -0.1315
vn -0.0612 0.9950 -0.0792
vn -0.0586 0.9976 -0.0362
vn -0.0572 0.9979 0.0320
vn -0.0573 0.9873 0.1480
vn -0.0546 0.9507 0.3054
vn -0.0376 0.8574 0.5133
vn 0.1638 -0.7571 0.6324
vn 0.1396 -0.9853 0.0979
vn 0.1320 -0.9912 -0.0064
vn 0.1315 -0.9913 0.0060
vn 0.1333 -0.9907 -0.0271
vn 0.1327 -0.9777 -0.1630
vn 0.1334 -0.9211 -0.3657
vn 0.0680 0.2492 -0.9660
vn -0.0517 0.9483 -0.3131
vn -0.0531 0.9926 -0.1097
vn -0.0486 0.9966 -0.0660
vn -0.0449 0.9985 -0.0301
vn -0.0435 0.9987 0.0265
vn -0.0456 0.9913 0.1235
vn -0.0474 0.9651 0.2577
vn -0.0365 0.8942 0.4461
vn 0.1695 -0.8040 0.5699
vn 0.1365 -0.9873 0.0810
vn 0.1295 -0.9916 -0.0054
vn 0.1290 -0.9916 0.0050
vn 0.1307 -0.9912 -0.0224
vn 0.1290 -0.9823 -0.1360
vn 0.1294 -0.9416 -0.3108
vn 0.0833 0.2643 -0.9608
vn -0.0441 0.9634 -0.2644
vn -0.0589 0.9952 -0.0783
vn -0.0531 0.9975 -0.0470
vn -0.0488 0.9986 -0.0214
vn -0.0475 0.9987 0.0189
vn -0.0517 0.9948 0.0883
vn -0.0583 0.9807 0.1864
vn -0.0559 0.9404 0.3354
vn 0.1657 -0.8703 0.4639
vn 0.1353 -0.9891 0.0581
vn 0.1306 -0.9914 -0.0038
vn 0.1299 -0.9915 0.0036
vn 0.1314 -0.9912 -0.0160
vn 0.1279 -0.9870 -0.0974
vn 0.1255 -0.9655 -0.2282
vn 0.0830 0.2796 -0.9565
vn -0.0550 0.9799 -0.1919
vn -0.0153 0.9980 -0.0621
vn -0.0181 0.9991 -0.0372
vn -0.0188 0.9997 -0.0169
vn -0.0172 0.9997 0.0151
vn -0.0107 0.9975 0.0703
vn 0.0049 0.9888 0.1492
vn 0.0436 0.9602 0.2757
vn 0.1936 -0.8987 0.3936
vn 0.0824 -0.9955 0.0474
vn 0.0680 -0.9977 -0.0029
vn 0.0678 -0.9977 0.0028
vn 0.0702 -0.9974 -0.0130
vn 0.0787 -0.9939 -0.0778
vn 0.1028 -0.9775 -0.1844
vn 0.2476 0.2792 -0.9278
vn 0.0074 0.9879 -0.1547
vn 0.0376 0.9976 -0.0576
vn 0.0312 0.9989 -0.0347
vn 0.0286 0.9995 -0.0161
vn 0.0306 0.9994 0.0133
vn 0.0421 0.9971 0.0635
vn 0.0700 0.9880 0.1374
vn 0.1225 0.9629 0.2406
vn 0.1925 -0.9283 0.3180
vn 0.0421 -0.9984 0.0366
vn 0.0240 -0.9997 -0.0035
vn 0.0243 -0.9997 0.0030
vn 0.0273 -0.9996 -0.0105
vn 0.0427 -0.9965 -0.0714
vn 0.0795 -0.9835 -0.1623
vn 0.3988 0.3378 -0.8526
vn 0.0697 0.9882 -0.1363
vn -0.0147 0.7898 0.6132
vn -0.0102 0.7760 0.6306
vn -0.0468 0.9147 0.4014
vn -0.0495 0.9212 0.3858
vn 0.1684 -0.9851 -0.0360
vn 0.1678 -0.9851 -0.0374
vn -0.0698 -0.9874 -0.1423
vn 0.4135 -0.8936 -0.1747
vn -0.0461 0.9181 -0.3937
vn -0.0435 0.9114 -0.4092
vn -0.0629 0.9795 0.1912
vn -0.0620 0.9778 0.2000
vn -0.0674 0.9968 0.0435
vn -0.0675 0.9969 0.0416
vn 0.3698 -0.9163 0.1540
vn -0.0135 -0.9910 0.1335
vn 0.1804 -0.9748 0.1310
vn 0.1798 -0.9757 0.1252
vn 0.1031 0.2160 -0.9709
vn 0.1039 0.2097 -0.9722
vn 0.1768 -0.8679 -0.4643
vn 0.1759 -0.8765 -0.4482
vn -0.0718 0.9828 -0.1702
vn -0.0709 0.9815 -0.1781
vn -0.0697 0.9965 -0.0471
vn -0.0696 0.9964 -0.0494
vn -0.0711 0.9916 -0.1078
vn -0.0714 0.9921 -0.1029
vn 0.2149 -0.6815 0.6996
vn 0.2148 -0.6681 0.7124
vn 0.1707 -0.9630 -0.2085
vn 0.1712 -0.9608 -0.2180
vn -0.8321 0.0266 -0.5540
vn 0.7953 0.4500 -0.4062
vn 0.8244 -0.4282 0.3701
vn -0.6203 -0.7360 0.2711
vn -0.8354 0.1854 -0.5174
vn 0.7997 0.4689 -0.3750
vn 0.8525 -0.3980 0.3388
vn -0.6860 -0.6992 0.2014
vn -0.8275 0.1485 -0.5414
vn 0.8153 0.3816 -0.4355
vn 0.8716 -0.3237 0.3681
vn -0.7630 -0.5898 0.2647
vn -0.5429 -0.5216 -0.6581
vn 0.7467 -0.3410 -0.5711
vn 0.7750 -0.6303 0.0462
vn -0.5431 -0.8382 -0.0491
vn -0.0232 0.9997 -0.0041
vn -0.0294 0.9988 0.0400
vn -0.0238 0.9946 0.1013
vn -0.0241 0.9867 0.1610
vn -0.0119 0.9612 0.2754
vn -0.0030 0.9469 0.3214
vn 0.0262 0.9506 0.3094
vn 0.1101 0.9697 0.2182
vn 0.1865 0.9808 0.0570
vn 0.1213 0.9904 -0.0670
vn 0.0605 0.9862 -0.1541
vn -0.0524 0.9677 -0.2468
vn -0.2199 0.9263 -0.3059
vn -0.3581 0.8046 -0.4736
vn -0.5077 0.6232 -0.5949
vn -0.8771 0.3172 -0.3607
vn -0.6689 0.5359 -0.5151
vn -0.5786 0.7749 -0.2545
vn -0.4600 0.6709 0.5816
vn -0.6168 -0.2545 0.7448
vn -0.6443 -0.3662 0.6714
vn -0.5856 -0.5843 0.5618
vn -0.4963 -0.8053 0.3242
vn -0.2824 -0.9552 0.0881
vn -0.2327 -0.9674 0.0997
vn -0.1997 -0.9758 0.0886
vn -0.2006 -0.9780 0.0563
vn -0.2010 -0.9796 0.0084
vn -0.1982 -0.9802 -0.0036
vn -0.1973 -0.9803 -0.0026
vn -0.1961 -0.9776 -0.0767
vn -0.1908 -0.9708 -0.1453
vn -0.1296 -0.9321 -0.3381
vn -0.1954 -0.7302 -0.6548
vn -0.0960 0.9684 -0.2300
vn -0.0334 0.9968 -0.0720
vn -0.0260 0.9981 -0.0567
vn -0.0210 0.9819 -0.1884
vn -0.0185 0.9904 -0.1373
vn -0.0194 0.9957 -0.0909
vn -0.8002 -0.5940 0.0829
vn -0.5724 -0.8198 0.0153
vn -0.5489 -0.8331 -0.0685
vn -0.7139 -0.6904 0.1168
vn -0.5757 -0.8176 0.0018
vn -0.5706 -0.8199 0.0463
vn -0.5675 -0.8230 0.0222
vn -0.9241 -0.3781 0.0545
vn -0.8918 -0.4401 0.1049
vn -0.9073 -0.4193 0.0336
vn -0.9186 -0.3951 0.0025
vn -0.8699 -0.4700 0.1497
vn -0.8656 -0.5005 -0.0109
vn -0.9131 -0.4068 0.0257
vn -0.9967 -0.0791 0.0177
vn -0.9593 -0.2554 0.1201
vn -0.9984 -0.0562 -0.0110
vn -0.9890 -0.0973 0.1113
vn -0.9508 -0.2794 0.1338
vn -0.9497 0.2830 0.1343
vn -0.6585 0.6851 0.3113
vn -0.7149 0.6803 0.1615
vn -0.5022 0.8382 0.2125
vn -0.2389 0.9708 0.0212
vn -0.2052 0.9441 0.2580
vn -0.1275 0.9558 0.2650
vn -0.2358 0.9687 0.0781
vn -0.2374 0.9166 0.3215
vn -0.2811 0.9592 0.0307
vn -0.9076 -0.4197 0.0016
vn -0.5703 -0.8214 -0.0005
vn -0.2002 -0.9797 -0.0052
vn -0.2195 0.9641 0.1494
vn -0.7091 0.7000 0.0848
vn -0.9969 -0.0791 -0.0014
vn -0.9212 -0.3890 -0.0087
vn -0.5769 -0.8168 0.0082
vn -0.2001 -0.9795 0.0228
vn -0.7439 0.6494 0.1575
vn -0.7654 0.6318 0.1223
vn -0.2481 0.9549 0.1629
vn -0.2311 0.9698 0.0783
vn -0.9441 -0.3120 0.1067
vn -0.8652 -0.4910 0.1022
vn -0.7585 -0.6460 0.0859
vn -0.2292 -0.9682 0.1003
vn -0.9516 0.2736 0.1402
vn -0.2296 -0.9682 0.0991
vn -0.9416 -0.3165 0.1152
vn -0.8722 -0.4791 0.0986
vn -0.7777 -0.6233 0.0820
vn -0.9887 -0.0766 0.1290
vn -0.2218 0.9160 0.3343
vn -0.5410 0.7995 0.2612
vn -0.9437 0.2851 0.1680
vn -0.9731 -0.1463 0.1782
vn -0.8879 -0.3802 0.2590
vn -0.6117 -0.7661 0.1972
vn -0.2307 -0.9682 0.0966
vn -0.0059 0.9333 0.3592
vn -0.7985 0.5942 0.0966
vn -0.9608 0.2415 0.1364
vn -0.2686 0.9633 -0.0011
vn -0.9855 -0.0518 0.1613
vn -0.9714 -0.1900 0.1423
vn -0.9190 -0.3803 0.1036
vn -0.9864 -0.0756 0.1460
vn -0.9955 -0.0200 0.0923
vn -0.9501 -0.3058 0.0620
vn -0.9998 -0.0187 -0.0063
vn -0.9994 0.0045 -0.0347
vn -0.9390 -0.3134 0.1416
vn -0.9852 0.1717 -0.0020
vn -0.9881 0.0259 0.1518
vn -0.9467 -0.1673 0.2752
vn -0.9814 0.1817 -0.0627
vn -0.9870 0.0176 0.1600
vn -0.9726 -0.0468 0.2279
vn -0.9613 0.2140 -0.1736
vn -0.9912 0.0601 0.1181
vn -0.9771 -0.0002 0.2127
vn -0.9324 0.2871 -0.2194
vn -0.9860 0.1554 0.0612
vn -0.9838 0.0709 0.1647
vn -0.8393 0.5387 0.0733
vn -0.3485 0.9351 -0.0643
vn -0.4641 0.8783 -0.1147
vn -0.6997 0.7136 -0.0343
vn -0.8564 0.5132 -0.0556
vn -0.6092 0.7751 -0.1677
vn -0.6550 0.6660 -0.3569
vn -0.8694 0.4349 -0.2347
vn -0.8050 0.4793 -0.3495
vn -0.6146 0.5954 -0.5175
vn -0.6452 0.4775 -0.5964
vn -0.7683 0.4243 -0.4793
vn -0.8120 0.3638 -0.4565
vn -0.6417 0.4331 -0.6330
vn -0.8748 0.4156 -0.2491
vn -0.7165 0.5076 -0.4784
vn -0.5554 0.8275 -0.0830
vn -0.5599 0.8198 0.1199
vn -0.9056 0.4154 -0.0852
vn -0.9450 0.3216 0.0599
vn -0.4030 -0.1275 0.9063
vn -0.9193 0.0270 0.3927
vn -0.5326 -0.1923 0.8243
vn -0.8953 -0.0656 0.4405
vn -0.5732 -0.2089 0.7923
vn -0.8737 -0.1107 0.4738
vn -0.8769 -0.1646 0.4517
vn -0.8859 -0.2709 0.3765
vn -0.8067 -0.5214 0.2781
vn -0.5140 -0.8403 0.1723
vn -0.7546 -0.6280 0.1905
vn -0.8417 0.4584 -0.2854
vn -0.9309 0.2912 -0.2204
vn -0.9536 0.2394 -0.1825
vn -0.9754 0.2119 -0.0616
vn -0.9764 0.2133 -0.0340
vn -0.9827 0.1851 0.0031
vn -0.9811 0.1665 0.0988
vn -0.9688 0.2102 0.1311
vn -0.9867 -0.0660 0.1483
vn -0.9873 0.0556 0.1485
vn -0.9556 0.2621 0.1350
vn -0.9908 -0.0680 0.1166
vn -1.0000 -0.0000 -0.0000
vn -0.9901 0.0155 0.1396
vn -0.9885 0.1457 -0.0415
vn -0.9940 -0.0203 0.1073
vn -0.9997 -0.0053 0.0236
vn -0.6977 0.6285 -0.3438
vn -0.1317 0.9718 -0.1955
vn -0.8893 -0.4549 0.0466
vn -0.5590 -0.8286 0.0289
vn -0.1980 -0.9798 0.0300
vn -0.9994 -0.0150 0.0324
vn -0.5793 -0.8151 0.0046
vn -0.9227 -0.3854 0.0050
vn -0.9950 -0.0926 0.0384
vn -0.9966 0.0712 0.0410
vn -0.6697 0.7416 0.0395
vn -0.2256 0.9657 0.1285
vn -0.2008 -0.9795 0.0153
vn -0.0242 0.9916 0.1271
vn -0.8408 0.5289 0.1154
vn -0.6746 0.4964 -0.5463
vn -0.7593 0.3819 -0.5270
vn -0.8290 0.3706 -0.4188
vn -0.8763 0.3930 -0.2787
vn -0.8858 0.4108 -0.2160
vn -0.8095 0.5824 -0.0744
vn -0.8671 0.4969 0.0348
vn -0.6081 0.7939 0.0011
vn -0.5318 0.8458 0.0436
vn -0.7431 0.6289 0.2284
vn -0.4876 0.8676 0.0978
vn -0.4801 0.8626 0.1591
vn -0.7401 0.6466 0.1848
vn -0.6444 0.5112 -0.5687
vn -0.3321 0.9414 0.0597
vn -0.7966 0.4987 -0.3417
vn -0.9091 0.1732 0.3787
vn -0.3373 0.0133 0.9413
vn -0.9792 0.1808 0.0917
vn -0.9550 0.2960 -0.0216
vn -0.7052 0.5078 -0.4948
vn -0.8252 0.4922 -0.2771
vn -0.5507 0.4765 -0.6853
vn -0.6096 0.4931 -0.6207
vn -0.5851 0.6109 -0.5333
vn -0.5307 0.7526 -0.3898
vn -0.3967 0.8846 -0.2451
vn -0.2285 0.9564 -0.1819
vn -0.1101 0.9874 -0.1139
vn -0.0330 0.9988 -0.0364
vn -0.3527 0.8897 0.2899
vn 0.0131 0.9977 0.0665
vn -0.0424 0.9825 0.1812
vn -0.2977 0.9469 0.1218
vn -0.3456 0.8726 0.3452
vn -0.2943 0.9267 0.2337
vn -0.2817 0.9304 0.2345
vn -0.1980 -0.9800 0.0219
vn -0.1803 0.9832 -0.0282
vn -0.9027 -0.4281 0.0440
vn -0.5654 -0.8243 0.0288
vn -0.5623 -0.8264 0.0288
vn -0.8965 -0.4408 0.0452
vn -0.1278 0.9867 -0.1009
vn -0.1979 -0.9798 0.0300
vn -0.5687 -0.8225 0.0006
vn -0.9088 -0.4171 -0.0006
vn -0.2710 0.9623 0.0245
vn -0.1990 -0.9800 -0.0058
vn -0.0338 0.9992 0.0227
vn -0.3898 0.8587 0.3326
vn -0.7375 0.6165 0.2758
vn -0.9831 0.0752 0.1669
vn -0.0066 0.9356 0.3530
vn -0.5691 -0.8180 0.0844
vn -0.9358 -0.3356 0.1076
vn -0.9859 -0.0848 0.1440
vn -0.9484 0.2379 0.2097
vn -0.5868 0.7499 0.3056
vn -0.2759 0.8976 0.3438
vn -0.2119 -0.9721 0.1007
vn -0.1632 0.9828 -0.0862
vn -0.2450 0.9652 -0.0917
vn -0.5922 0.7213 -0.3591
vn -0.7276 0.6562 -0.2001
vn -0.4969 0.8423 -0.2088
vn -0.9425 0.2751 -0.1895
vn -0.8832 0.4430 -0.1539
vn -0.9579 0.2674 -0.1043
vn -0.9873 0.0670 -0.1443
vn -0.9089 -0.1290 -0.3967
vn -0.5746 -0.5694 -0.5879
vn -0.9057 -0.3772 -0.1934
vn -0.5177 -0.8143 -0.2624
vn -0.5524 -0.8161 -0.1699
vn -0.5743 -0.7818 -0.2428
vn -0.8399 -0.5156 -0.1696
vn -0.8757 -0.4408 -0.1969
vn -0.9933 -0.0146 -0.1144
vn -0.9880 0.0426 -0.1487
vn -0.9732 0.2154 -0.0811
vn -0.9635 0.2481 -0.1003
vn 0.5574 0.7754 -0.2968
vn -0.6108 -0.4829 -0.6275
vn -0.7829 0.1763 -0.5966
vn -0.1919 -0.7237 -0.6629
vn -0.5632 -0.7470 -0.3533
vn -0.9142 -0.2898 -0.2834
vn -0.9555 0.2776 -0.0996
vn -0.9863 0.0855 -0.1413
vn -0.1194 -0.9287 -0.3510
vn -0.5543 -0.8323 -0.0018
vn -0.8838 -0.4672 0.0242
vn -0.1536 0.9645 -0.2149
vn -0.0251 0.9801 -0.1967
vn -0.1980 -0.9797 0.0300
vn -0.8338 -0.5521 -0.0055
vn -0.8582 -0.5112 -0.0458
vn -0.8625 -0.0402 -0.5045
vn -0.8203 -0.2985 0.4879
vn -0.8169 0.1807 -0.5477
vn -0.7953 -0.2723 0.5416
vn -0.4329 0.6006 -0.6722
vn -0.7095 0.2455 0.6606
vn -0.4466 0.6538 -0.6109
vn -0.8433 -0.5261 0.1098
vn -0.3292 0.8764 0.3514
vn -0.6146 0.3856 -0.6882
vn -0.7885 -0.1691 0.5913
vn -0.8251 -0.5565 0.0977
vn -0.8351 -0.5501 0.0020
vn -0.4398 0.6305 -0.6396
vn -0.6084 0.5280 0.5925
vn -0.1873 0.9477 -0.2583
vn -0.1262 0.9917 0.0237
vn -0.1543 0.9826 0.1031
vn -0.1302 0.9889 -0.0716
vn -0.8303 -0.5523 0.0745
vn -0.1279 0.9917 0.0111
vn -0.8288 -0.5511 0.0970
vn -0.1162 0.9932 0.0019
vn -0.1367 0.9901 0.0329
vn -0.8210 -0.5625 0.0983
vn -0.1601 0.9668 -0.1990
vn -0.3963 -0.9127 0.0993
vn -0.8063 -0.5819 0.1064
vn -0.7613 -0.6407 0.0995
vn -0.3225 0.9465 -0.0144
vn -0.2845 0.9581 0.0343
vn -0.2561 0.9635 0.0782
vn -0.2018 0.9635 0.1760
vn -0.1338 0.9383 0.3188
vn -0.0709 0.8833 0.4635
vn 0.2398 0.1361 0.9612
vn 0.2703 -0.9389 0.2129
vn 0.1922 -0.9798 -0.0551
vn 0.1776 -0.9804 -0.0850
vn 0.1875 -0.9803 -0.0626
vn 0.0979 -0.9816 -0.1638
vn -0.0196 -0.9612 -0.2750
vn -0.4181 -0.7043 -0.5737
vn -0.6630 0.6142 -0.4279
vn -0.3994 0.9112 -0.1013
vn 0.0770 0.9488 0.3065
vn 0.0033 -0.9983 -0.0582
vn -0.5346 0.6503 -0.5398
vn -0.0222 0.9991 0.0358
vn 0.1119 -0.9531 0.2812
vn -0.0980 0.9929 -0.0674
vn -0.1940 -0.9470 -0.2562
vn 0.1099 0.8771 0.4676
vn 0.0113 -0.9994 -0.0321
vn 0.0273 0.9889 0.1459
vn 0.0220 -0.9994 -0.0250
vn -0.4901 -0.6719 -0.5552
vn -0.1917 0.9669 -0.1684
vn -0.0529 0.9985 -0.0131
vn 0.2482 0.1541 0.9564
vn -0.0817 -0.9864 -0.1427
vn -0.1234 0.9864 -0.1083
vn -0.0095 -0.9995 -0.0288
vn -0.0310 0.9990 -0.0321
vn -0.3199 0.9143 -0.2483
vn -0.0420 -0.9958 -0.0811
vn 0.0267 0.9988 0.0401
vn -0.0324 -0.9988 -0.0369
vn 0.0984 0.9723 0.2120
vn -0.1943 -0.9655 -0.1732
vn 0.1283 0.8789 0.4595
vn -0.3533 -0.8927 -0.2798
vn 0.1007 0.7274 0.6787
vn -0.6215 -0.6233 -0.4746
vn 0.0975 0.1135 0.9887
vn -0.7452 0.3549 -0.5646
vn 0.0552 -0.8872 0.4581
vn 0.0548 0.8798 -0.4721
vn -0.1439 -0.8779 0.4567
vn -0.9367 -0.3225 -0.1363
vn 0.1036 0.3394 -0.9349
vn -0.9926 -0.0646 -0.1027
vn 0.9899 -0.0261 0.1392
vn -0.9853 -0.1252 -0.1165
vn -0.1611 -0.9220 0.3521
vn -0.1432 -0.9450 0.2940
vn -0.0001 0.9059 -0.4235
vn -0.1643 -0.9606 0.2242
vn -0.0988 -0.5790 -0.8093
vn -0.9527 -0.1442 -0.2676
vn -0.0102 0.7190 -0.6950
vn 0.8771 0.3172 -0.3607
vn 0.6689 0.5359 -0.5151
vn -0.5118 0.1849 -0.8390
vn -0.1236 0.7056 -0.6977
vn -0.0940 -0.5228 -0.8473
vn -0.4578 -0.1440 -0.8773
vn -0.7294 0.6829 -0.0406
vn -0.7216 0.6901 0.0551
vn -0.9897 0.1432 -0.0000
vn -0.9927 0.1202 -0.0036
vn -0.9944 0.1048 -0.0096
vn -0.7600 0.6495 -0.0225
vn -0.9872 0.1577 -0.0218
vn -0.7937 0.6055 -0.0582
vn -0.9932 0.1163 -0.0047
vn -0.7212 0.6883 -0.0787
vn -0.7204 0.6899 -0.0704
vn -0.9939 0.1100 -0.0031
vn -0.9916 0.1290 0.0023
vn -0.7307 0.6812 0.0455
vn -0.9990 0.0441 -0.0023
vn -0.4484 0.8917 0.0616
vn -0.6753 0.7368 0.0339
vn -0.9711 0.1948 -0.1378
vn -0.9904 0.1353 -0.0276
vn -0.9993 0.0383 -0.0031
vn -0.5792 0.8128 -0.0623
vn -0.8209 0.5661 -0.0759
vn -0.9992 0.0399 -0.0031
vn -0.4548 0.8897 -0.0402
vn -0.9977 0.0673 0.0001
vn -0.9992 0.0387 -0.0027
vn -0.5001 0.8624 -0.0788
vn -0.4929 0.8676 0.0652
vn -0.9990 0.0403 -0.0188
vn -0.6676 0.7443 0.0204
vn -0.7976 0.6017 -0.0427
vn -0.9835 0.1765 -0.0394
vn -0.7610 0.6470 -0.0473
vn -0.9939 0.1020 -0.0430
vn -0.9992 -0.0405 0.0045
vn -0.9982 -0.0465 0.0378
vn -0.9740 0.1740 -0.1453
vn -0.6264 0.7777 -0.0527
vn -0.9993 -0.0384 -0.0009
vn -0.9966 0.0783 -0.0272
vn -0.9997 -0.0229 -0.0024
vn -0.7960 0.5942 -0.1154
vn -0.5799 0.8147 0.0083
vn -0.3599 0.9320 0.0421
vn -0.3657 0.9306 0.0157
vn -0.3341 0.9422 0.0269
vn -0.3918 0.9190 0.0449
vn -0.9992 -0.0394 0.0057
vn -0.9994 -0.0343 0.0046
vn -0.5110 0.8578 0.0554
vn -0.3297 0.9428 0.0492
vn -0.9993 -0.0366 -0.0005
vn -0.5284 0.8394 -0.1271
vn -0.7500 0.6290 -0.2047
vn -0.9982 -0.0061 -0.0596
vn -0.9790 0.1909 -0.0714
vn -0.7680 0.6372 -0.0644
vn -0.9935 0.1007 -0.0537
vn 0.0232 0.9997 -0.0041
vn 0.0294 0.9988 0.0400
vn 0.0238 0.9946 0.1013
vn 0.0241 0.9867 0.1610
vn 0.0119 0.9612 0.2754
vn 0.0030 0.9469 0.3214
vn -0.0262 0.9506 0.3094
vn -0.1101 0.9697 0.2182
vn -0.1865 0.9808 0.0570
vn -0.1213 0.9904 -0.0670
vn -0.0605 0.9862 -0.1541
vn 0.0524 0.9677 -0.2468
vn 0.2199 0.9263 -0.3059
vn 0.3581 0.8046 -0.4736
vn 0.5077 0.6232 -0.5949
vn 0.5786 0.7749 -0.2545
vn 0.4600 0.6709 0.5816
vn 0.6168 -0.2545 0.7448
vn 0.6443 -0.3662 0.6714
vn 0.5856 -0.5843 0.5618
vn 0.4963 -0.8053 0.3242
vn 0.2824 -0.9552 0.0881
vn 0.2327 -0.9674 0.0997
vn 0.1997 -0.9758 0.0886
vn 0.2006 -0.9780 0.0563
vn 0.2010 -0.9796 0.0084
vn 0.1982 -0.9802 -0.0036
vn 0.1973 -0.9803 -0.0026
vn 0.1961 -0.9776 -0.0767
vn 0.1908 -0.9708 -0.1453
vn 0.1296 -0.9321 -0.3381
vn 0.1954 -0.7302 -0.6548
vn 0.0960 0.9684 -0.2300
vn 0.0334 0.9968 -0.0720
vn 0.0260 0.9981 -0.0567
vn 0.0210 0.9819 -0.1884
vn 0.0185 0.9904 -0.1373
vn 0.0194 0.9957 -0.0909
vn 0.8002 -0.5940 0.0829
vn 0.5724 -0.8198 0.0153
vn 0.5489 -0.8331 -0.0685
vn 0.7139 -0.6904 0.1168
vn 0.5757 -0.8176 0.0018
vn 0.5706 -0.8199 0.0463
vn 0.5675 -0.8230 0.0222
vn 0.9241 -0.3781 0.0545
vn 0.8918 -0.4401 0.1049
vn 0.9073 -0.4193 0.0336
vn 0.9186 -0.3951 0.0025
vn 0.8699 -0.4700 0.1497
vn 0.8656 -0.5005 -0.0109
vn 0.9131 -0.4068 0.0257
vn 0.9967 -0.0791 0.0177
vn 0.9593 -0.2554 0.1201
vn 0.9984 -0.0562 -0.0110
vn 0.9890 -0.0973 0.1113
vn 0.9508 -0.2794 0.1338
vn 0.9497 0.2830 0.1343
vn 0.6585 0.6851 0.3113
vn 0.7149 0.6803 0.1615
vn 0.5022 0.8382 0.2125
vn 0.2389 0.9708 0.0212
vn 0.2052 0.9441 0.2580
vn 0.1275 0.9558 0.2650
vn 0.2358 0.9687 0.0781
vn 0.2374 0.9166 0.3215
vn 0.2811 0.9592 0.0307
vn 0.9076 -0.4197 0.0016
vn 0.5703 -0.8214 -0.0005
vn 0.2002 -0.9797 -0.0052
vn 0.2195 0.9641 0.1494
vn 0.7091 0.7000 0.0848
vn 0.9969 -0.0791 -0.0014
vn 0.9212 -0.3890 -0.0087
vn 0.5769 -0.8168 0.0082
vn 0.2001 -0.9795 0.0228
vn 0.7439 0.6494 0.1575
vn 0.7654 0.6318 0.1223
vn 0.2481 0.9549 0.1629
vn 0.2311 0.9698 0.0783
vn 0.9441 -0.3120 0.1067
vn 0.8652 -0.4910 0.1022
vn 0.7585 -0.6460 0.0859
vn 0.2292 -0.9682 0.1003
vn 0.9516 0.2736 0.1402
vn 0.2296 -0.9682 0.0991
vn 0.9416 -0.3165 0.1152
vn 0.8722 -0.4791 0.0986
vn 0.7777 -0.6233 0.0820
vn 0.9887 -0.0766 0.1290
vn 0.2218 0.9160 0.3343
vn 0.5410 0.7995 0.2612
vn 0.9437 0.2851 0.1680
vn 0.9731 -0.1463 0.1782
vn 0.8879 -0.3802 0.2590
vn 0.6117 -0.7661 0.1972
vn 0.2307 -0.9682 0.0966
vn 0.0059 0.9333 0.3592
vn 0.7985 0.5942 0.0966
vn 0.9608 0.2415 0.1364
vn 0.2686 0.9633 -0.0011
vn 0.9855 -0.0518 0.1613
vn 0.9714 -0.1900 0.1423
vn 0.9190 -0.3803 0.1036
vn 0.9864 -0.0756 0.1460
vn 0.9955 -0.0200 0.0923
vn 0.9501 -0.3058 0.0620
vn 0.9998 -0.0187 -0.0063
vn 0.9994 0.0045 -0.0347
vn 0.9390 -0.3134 0.1416
vn 0.9851 0.1717 -0.0020
vn 0.9881 0.0259 0.1518
vn 0.9467 -0.1673 0.2752
vn 0.9814 0.1817 -0.0627
vn 0.9870 0.0176 0.1600
vn 0.9726 -0.0468 0.2279
vn 0.9613 0.2140 -0.1736
vn 0.9912 0.0601 0.1181
vn 0.9771 -0.0002 0.2127
vn 0.9324 0.2871 -0.2194
vn 0.9860 0.1554 0.0612
vn 0.9838 0.0709 0.1647
vn 0.8393 0.5387 0.0733
vn 0.3485 0.9351 -0.0643
vn 0.4641 0.8783 -0.1147
vn 0.6997 0.7136 -0.0343
vn 0.8564 0.5132 -0.0556
vn 0.6092 0.7751 -0.1677
vn 0.6550 0.6660 -0.3569
vn 0.8694 0.4349 -0.2347
vn 0.8050 0.4793 -0.3495
vn 0.6146 0.5954 -0.5175
vn 0.6452 0.4775 -0.5964
vn 0.7683 0.4243 -0.4793
vn 0.8120 0.3638 -0.4565
vn 0.6417 0.4331 -0.6330
vn 0.8748 0.4156 -0.2491
vn 0.7165 0.5076 -0.4784
vn 0.5554 0.8275 -0.0830
vn 0.5599 0.8198 0.1199
vn 0.9056 0.4154 -0.0852
vn 0.9450 0.3216 0.0599
vn 0.4030 -0.1275 0.9063
vn 0.9193 0.0270 0.3927
vn 0.5326 -0.1923 0.8243
vn 0.8953 -0.0656 0.4405
vn 0.5732 -0.2089 0.7923
vn 0.8737 -0.1107 0.4738
vn 0.8769 -0.1646 0.4517
vn 0.8859 -0.2709 0.3765
vn 0.8067 -0.5214 0.2781
vn 0.5140 -0.8403 0.1723
vn 0.7546 -0.6280 0.1905
vn 0.8417 0.4584 -0.2854
vn 0.9309 0.2912 -0.2204
vn 0.9536 0.2394 -0.1825
vn 0.9754 0.2119 -0.0616
vn 0.9764 0.2133 -0.0340
vn 0.9827 0.1851 0.0031
vn 0.9811 0.1665 0.0988
vn 0.9688 0.2102 0.1311
vn 0.9867 -0.0660 0.1483
vn 0.9873 0.0556 0.1485
vn 0.9556 0.2621 0.1350
vn 0.9908 -0.0680 0.1166
vn 1.0000 -0.0000 -0.0000
vn 0.9901 0.0155 0.1396
vn 0.9885 0.1457 -0.0415
vn 0.9940 -0.0203 0.1073
vn 0.9997 -0.0053 0.0236
vn 0.6977 0.6285 -0.3438
vn 0.1317 0.9718 -0.1955
vn 0.8893 -0.4549 0.0466
vn 0.5590 -0.8286 0.0289
vn 0.1980 -0.9798 0.0300
vn 0.9994 -0.0150 0.0324
vn 0.5793 -0.8151 0.0046
vn 0.9227 -0.3854 0.0050
vn 0.9950 -0.0926 0.0384
vn 0.9966 0.0712 0.0410
vn 0.6697 0.7416 0.0395
vn 0.2256 0.9657 0.1285
vn 0.2008 -0.9795 0.0153
vn 0.0242 0.9916 0.1271
vn 0.8408 0.5289 0.1154
vn 0.6746 0.4964 -0.5463
vn 0.7593 0.3819 -0.5270
vn 0.8290 0.3706 -0.4188
vn 0.8763 0.3930 -0.2787
vn 0.8858 0.4108 -0.2160
vn 0.8095 0.5824 -0.0744
vn 0.8671 0.4969 0.0348
vn 0.6081 0.7939 0.0011
vn 0.5318 0.8458 0.0436
vn 0.7431 0.6289 0.2284
vn 0.4876 0.8676 0.0978
vn 0.4801 0.8626 0.1591
vn 0.7401 0.6466 0.1848
vn 0.8559 0.3379 -0.3914
vn 0.6444 0.5112 -0.5687
vn 0.3321 0.9414 0.0597
vn 0.7966 0.4987 -0.3417
vn 0.9091 0.1732 0.3787
vn 0.3373 0.0133 0.9413
vn 0.9792 0.1808 0.0917
vn 0.9549 0.2960 -0.0216
vn 0.7052 0.5078 -0.4948
vn 0.8252 0.4922 -0.2771
vn 0.5507 0.4765 -0.6853
vn 0.6096 0.4931 -0.6207
vn 0.5851 0.6109 -0.5333
vn 0.5307 0.7526 -0.3898
vn 0.3967 0.8846 -0.2451
vn 0.2285 0.9564 -0.1819
vn 0.1101 0.9874 -0.1139
vn 0.0330 0.9988 -0.0364
vn 0.3527 0.8897 0.2899
vn -0.0131 0.9977 0.0665
vn 0.0424 0.9825 0.1812
vn 0.2977 0.9469 0.1218
vn 0.3456 0.8726 0.3452
vn 0.2943 0.9267 0.2337
vn 0.2817 0.9304 0.2345
vn 0.1980 -0.9800 0.0219
vn 0.1803 0.9832 -0.0282
vn 0.9027 -0.4281 0.0440
vn 0.5654 -0.8243 0.0288
vn 0.5623 -0.8264 0.0288
vn 0.8965 -0.4408 0.0452
vn 0.1278 0.9867 -0.1009
vn 0.1979 -0.9798 0.0300
vn 0.5687 -0.8225 0.0006
vn 0.9088 -0.4171 -0.0006
vn 0.2710 0.9623 0.0245
vn 0.1990 -0.9800 -0.0058
vn 0.0338 0.9992 0.0227
vn 0.3898 0.8587 0.3326
vn 0.7375 0.6165 0.2758
vn 0.9831 0.0752 0.1669
vn 0.0066 0.9356 0.3530
vn 0.5691 -0.8180 0.0844
vn 0.9358 -0.3356 0.1076
vn 0.9859 -0.0848 0.1440
vn 0.9484 0.2379 0.2097
vn 0.5868 0.7499 0.3056
vn 0.2759 0.8976 0.3438
vn 0.2119 -0.9721 0.1007
vn 0.1632 0.9828 -0.0862
vn 0.2450 0.9652 -0.0917
vn 0.5922 0.7213 -0.3591
vn 0.7276 0.6562 -0.2001
vn 0.4969 0.8423 -0.2088
vn 0.9425 0.2751 -0.1895
vn 0.8832 0.4430 -0.1539
vn 0.9579 0.2674 -0.1043
vn 0.9873 0.0670 -0.1443
vn 0.9089 -0.1290 -0.3967
vn 0.5746 -0.5694 -0.5879
vn 0.9057 -0.3772 -0.1934
vn 0.5177 -0.8143 -0.2624
vn 0.5524 -0.8161 -0.1699
vn 0.5743 -0.7818 -0.2428
vn 0.8399 -0.5156 -0.1696
vn 0.8757 -0.4408 -0.1969
vn 0.9933 -0.0146 -0.1144
vn 0.9880 0.0426 -0.1487
vn 0.9732 0.2154 -0.0811
vn 0.9635 0.2481 -0.1003
vn -0.5574 0.7754 -0.2968
vn 0.6108 -0.4829 -0.6275
vn 0.7829 0.1763 -0.5966
vn 0.1919 -0.7237 -0.6629
vn 0.5632 -0.7470 -0.3533
vn 0.9142 -0.2898 -0.2834
vn 0.9555 0.2776 -0.0996
vn 0.9863 0.0855 -0.1413
vn 0.1194 -0.9287 -0.3510
vn 0.5543 -0.8323 -0.0018
vn 0.8838 -0.4672 0.0242
vn 0.1536 0.9645 -0.2149
vn 0.0251 0.9801 -0.1967
vn 0.1980 -0.9797 0.0300
vn 0.8338 -0.5521 -0.0055
vn 0.8582 -0.5112 -0.0458
vn 0.8625 -0.0402 -0.5045
vn 0.8203 -0.2985 0.4879
vn 0.8169 0.1807 -0.5477
vn 0.7953 -0.2723 0.5416
vn 0.4329 0.6006 -0.6722
vn 0.7095 0.2455 0.6606
vn 0.4466 0.6537 -0.6109
vn 0.8433 -0.5261 0.1098
vn 0.3292 0.8764 0.3514
vn 0.6146 0.3856 -0.6882
vn 0.7885 -0.1691 0.5913
vn 0.8251 -0.5565 0.0977
vn 0.8351 -0.5501 0.0020
vn 0.4398 0.6305 -0.6396
vn 0.6084 0.5280 0.5925
vn 0.1873 0.9477 -0.2583
vn 0.1262 0.9917 0.0237
vn 0.1543 0.9826 0.1031
vn 0.1302 0.9889 -0.0716
vn 0.8303 -0.5523 0.0745
vn 0.1279 0.9917 0.0111
vn 0.8288 -0.5511 0.0970
vn 0.1162 0.9932 0.0019
vn 0.1367 0.9901 0.0329
vn 0.8210 -0.5625 0.0983
vn 0.1601 0.9668 -0.1990
vn 0.3963 -0.9127 0.0993
vn 0.8063 -0.5819 0.1064
vn 0.7613 -0.6407 0.0995
vn 0.3225 0.9465 -0.0144
vn 0.2845 0.9581 0.0343
vn 0.2561 0.9635 0.0782
vn 0.2018 0.9635 0.1760
vn 0.1338 0.9383 0.3188
vn 0.0709 0.8833 0.4635
vn -0.2398 0.1361 0.9612
vn -0.2703 -0.9389 0.2129
vn -0.1922 -0.9798 -0.0551
vn -0.1776 -0.9804 -0.0850
vn -0.1875 -0.9803 -0.0626
vn -0.0979 -0.9816 -0.1638
vn 0.0196 -0.9612 -0.2750
vn 0.4181 -0.7043 -0.5737
vn 0.6630 0.6142 -0.4279
vn 0.3994 0.9112 -0.1013
vn -0.0770 0.9488 0.3065
vn -0.0033 -0.9983 -0.0582
vn 0.5346 0.6503 -0.5398
vn 0.0222 0.9991 0.0358
vn -0.1119 -0.9531 0.2812
vn 0.0980 0.9929 -0.0674
vn 0.1940 -0.9470 -0.2562
vn -0.1099 0.8771 0.4676
vn -0.0113 -0.9994 -0.0321
vn -0.0273 0.9889 0.1459
vn -0.0220 -0.9994 -0.0250
vn 0.4901 -0.6720 -0.5552
vn 0.1917 0.9669 -0.1684
vn 0.0529 0.9985 -0.0131
vn -0.2482 0.1541 0.9564
vn 0.0817 -0.9864 -0.1427
vn 0.1234 0.9864 -0.1083
vn 0.0095 -0.9995 -0.0288
vn 0.0310 0.9990 -0.0321
vn 0.3199 0.9143 -0.2483
vn 0.0420 -0.9958 -0.0811
vn -0.0267 0.9988 0.0401
vn 0.0324 -0.9988 -0.0369
vn -0.0984 0.9723 0.2120
vn 0.1943 -0.9655 -0.1732
vn -0.1283 0.8789 0.4595
vn 0.3533 -0.8927 -0.2798
vn -0.1007 0.7274 0.6788
vn 0.6215 -0.6233 -0.4746
vn -0.0975 0.1135 0.9887
vn 0.7452 0.3549 -0.5646
vn -0.0552 -0.8872 0.4581
vn -0.0548 0.8798 -0.4721
vn 0.1439 -0.8779 0.4567
vn 0.9367 -0.3225 -0.1363
vn -0.1036 0.3394 -0.9349
vn 0.9926 -0.0646 -0.1027
vn 0.9853 -0.1252 -0.1165
vn 0.1611 -0.9220 0.3521
vn 0.1432 -0.9450 0.2940
vn 0.0001 0.9059 -0.4235
vn 0.1643 -0.9606 0.2242
vn 0.0988 -0.5790 -0.8093
vn 0.9527 -0.1442 -0.2676
vn 0.0102 0.7190 -0.6950
vn -0.8559 0.3379 -0.3914
vn 0.5118 0.1849 -0.8390
vn 0.1236 0.7056 -0.6977
vn 0.0940 -0.5228 -0.8473
vn 0.4578 -0.1440 -0.8773
vn 0.7294 0.6829 -0.0406
vn 0.7216 0.6901 0.0551
vn 0.9897 0.1432 -0.0000
vn 0.9927 0.1202 -0.0036
vn 0.9944 0.1048 -0.0096
vn 0.7600 0.6495 -0.0225
vn 0.9872 0.1577 -0.0218
vn 0.7937 0.6055 -0.0582
vn 0.9932 0.1163 -0.0047
vn 0.7212 0.6883 -0.0787
vn 0.7204 0.6899 -0.0704
vn 0.9939 0.1100 -0.0031
vn 0.9916 0.1290 0.0023
vn 0.7307 0.6812 0.0455
vn 0.9990 0.0441 -0.0023
vn 0.4484 0.8917 0.0616
vn 0.6753 0.7368 0.0339
vn 0.9711 0.1948 -0.1378
vn 0.9904 0.1353 -0.0276
vn 0.9993 0.0383 -0.0031
vn 0.5792 0.8128 -0.0623
vn 0.8209 0.5661 -0.0759
vn 0.9992 0.0399 -0.0031
vn 0.4548 0.8897 -0.0402
vn 0.9977 0.0673 0.0001
vn 0.9992 0.0387 -0.0027
vn 0.5001 0.8624 -0.0788
vn 0.4929 0.8676 0.0652
vn 0.9990 0.0403 -0.0188
vn 0.6676 0.7443 0.0204
vn 0.7976 0.6017 -0.0427
vn 0.9835 0.1765 -0.0394
vn 0.7610 0.6470 -0.0473
vn 0.9939 0.1020 -0.0430
vn 0.9992 -0.0405 0.0045
vn 0.9982 -0.0465 0.0378
vn 0.9740 0.1740 -0.1453
vn 0.6264 0.7777 -0.0527
vn 0.9993 -0.0384 -0.0009
vn 0.9966 0.0783 -0.0272
vn 0.9997 -0.0229 -0.0024
vn 0.7960 0.5942 -0.1154
vn 0.5799 0.8147 0.0083
vn 0.3599 0.9320 0.0421
vn 0.3657 0.9306 0.0157
vn 0.3341 0.9422 0.0269
vn 0.3918 0.9190 0.0449
vn 0.9992 -0.0394 0.0057
vn 0.9994 -0.0343 0.0046
vn 0.5110 0.8578 0.0554
vn 0.3297 0.9428 0.0492
vn 0.9993 -0.0366 -0.0005
vn 0.5284 0.8394 -0.1271
vn 0.7500 0.6290 -0.2047
vn 0.9982 -0.0061 -0.0596
vn 0.9790 0.1909 -0.0714
vn 0.7680 0.6372 -0.0644
vn 0.9935 0.1007 -0.0537
vn -0.0000 1.0000 -0.0023
vn -0.0191 0.9990 -0.0411
vn -0.1178 0.9930 -0.0023
vn -0.0304 0.9994 0.0136
vn -0.0269 0.9969 0.0734
vn -0.0000 0.9997 0.0249
vn -0.1346 0.9903 0.0344
vn -0.0232 0.9932 0.1143
vn -0.0000 0.9948 0.1020
vn -0.1161 0.9886 0.0954
vn -0.0199 0.9746 0.2230
vn -0.0000 0.9920 0.1263
vn -0.1134 0.9810 0.1577
vn -0.0049 0.9529 0.3033
vn -0.0000 0.9607 0.2777
vn -0.0985 0.9581 0.2689
vn -0.0045 0.9417 0.3365
vn -0.0000 0.9470 0.3212
vn -0.1037 0.9410 0.3220
vn 0.0614 0.9618 0.2667
vn -0.0000 0.9359 0.3522
vn -0.0312 0.9576 0.2863
vn 0.1643 0.9750 0.1495
vn -0.0000 0.9732 0.2298
vn 0.0707 0.9776 0.1981
vn 0.1629 0.9865 -0.0196
vn -0.0000 0.9984 0.0574
vn 0.1529 0.9864 0.0606
vn 0.0892 0.9901 -0.1084
vn -0.0000 0.9974 -0.0727
vn 0.0844 0.9950 -0.0532
vn 0.0184 0.9792 -0.2023
vn -0.0000 0.9864 -0.1642
vn 0.0065 0.9908 -0.1349
vn -0.1293 0.9536 -0.2718
vn -0.0000 0.9639 -0.2662
vn -0.1199 0.9697 -0.2130
vn -0.2919 0.8758 -0.3844
vn -0.2043 0.9260 -0.3175
vn -0.2826 0.9179 -0.2786
vn -0.4511 0.7019 -0.5512
vn -0.3258 0.8123 -0.4839
vn -0.4360 0.7883 -0.4343
vn -0.6169 0.5123 -0.5974
vn -0.0000 0.7117 -0.7025
vn -0.6006 0.5970 -0.5319
vn -0.6527 0.5719 -0.4970
vn -0.0000 0.5974 -0.8019
vn -0.7801 0.4178 -0.4657
vn -0.8973 0.2744 -0.3459
vn -0.4982 0.4951 -0.7119
vn -0.6805 0.5831 -0.4439
vn -0.0000 0.6915 -0.7223
vn -0.7010 0.5112 -0.4972
vn -0.5470 0.8175 -0.1804
vn -0.6837 0.6543 -0.3232
vn -0.7461 0.6046 -0.2789
vn -0.3668 0.3680 0.8544
vn -0.0000 0.9969 -0.0783
vn -0.7795 0.4356 0.4502
vn -0.6367 -0.3001 0.7103
vn -0.0000 0.0107 0.9999
vn -0.7664 -0.2158 0.6050
vn -0.6214 -0.4644 0.6310
vn -0.5641 -0.3735 0.7364
vn -0.7977 -0.3138 0.5149
vn -0.4662 -0.7640 0.4460
vn -0.4850 -0.5995 0.6367
vn -0.7441 -0.5310 0.4054
vn -0.5318 -0.8167 0.2241
vn -0.0000 -0.9186 0.3953
vn -0.7212 -0.6407 0.2634
vn -0.2457 -0.9648 0.0937
vn -0.0000 -0.9806 0.1961
vn -0.6030 -0.7904 0.1082
vn -0.2331 -0.9675 0.0978
vn -0.0000 -0.9950 0.1000
vn -0.5556 -0.8266 0.0895
vn -0.2002 -0.9771 0.0718
vn -0.0000 -0.9952 0.0982
vn -0.4058 -0.9100 0.0849
vn -0.2003 -0.9789 0.0400
vn -0.0000 -0.9984 0.0574
vn -0.4066 -0.9121 0.0527
vn -0.2007 -0.9797 -0.0016
vn -0.0000 -0.9997 0.0233
vn -0.4072 -0.9133 0.0073
vn -0.1981 -0.9802 0.0062
vn -0.0000 -1.0000 -0.0056
vn -0.3998 -0.9166 -0.0019
vn -0.1974 -0.9792 -0.0478
vn -0.0000 -0.9998 0.0223
vn -0.3985 -0.9172 -0.0036
vn -0.1865 -0.9729 -0.1365
vn -0.0000 -0.9969 -0.0785
vn -0.4033 -0.9121 -0.0736
vn -0.1998 -0.9769 0.0756
vn -0.0000 -0.9898 -0.1428
vn -0.4096 -0.8988 -0.1561
vn -0.0762 -0.6532 -0.7533
vn -0.6878 -0.6823 -0.2476
vn -0.1441 -0.8665 -0.4779
vn -0.0000 -0.9313 -0.3643
vn -0.1215 -0.6522 -0.7482
vn -0.1389 0.9151 -0.3785
vn -0.4234 -0.6230 -0.6577
vn -0.0511 0.9903 -0.1292
vn -0.0000 0.9778 -0.2095
vn -0.3357 0.8953 -0.2928
vn -0.0285 0.9979 -0.0575
vn -0.0000 0.9975 -0.0705
vn -0.1166 0.9901 -0.0780
vn -0.0000 0.9984 -0.0560
vn -0.0858 0.9944 -0.0624
vn -0.0171 0.9995 -0.0284
vn -0.0191 0.9863 -0.1637
vn -0.0000 0.9808 -0.1953
vn -0.0779 0.9783 -0.1921
vn -0.0193 0.9924 -0.1214
vn -0.0000 0.9905 -0.1377
vn -0.0732 0.9890 -0.1288
vn -0.0000 0.9959 -0.0900
vn -0.0938 0.9925 -0.0787
vn -0.8271 -0.5539 0.0950
vn -0.7831 -0.6152 0.0906
vn -0.7758 -0.6296 0.0406
vn -0.7868 -0.6173 0.0002
vn -0.7765 -0.6301 0.0012
vn -0.7439 -0.6682 0.0120
vn -0.7422 -0.6634 0.0948
vn -0.8088 -0.5802 0.0962
vn -0.5785 -0.8157 0.0024
vn -0.5713 -0.8201 0.0323
vn -0.5515 -0.8330 -0.0443
vn -0.5682 -0.8212 0.0534
vn -0.5682 -0.8228 0.0090
vn -0.9058 -0.4105 0.1050
vn -0.9768 -0.1706 0.1292
vn -0.9736 -0.2114 0.0862
vn -0.9704 -0.2401 0.0271
vn -0.9263 -0.3767 -0.0027
vn -0.9147 -0.4039 0.0152
vn -0.9600 -0.2798 -0.0006
vn -0.9195 -0.3918 0.0306
vn -0.9322 -0.3560 0.0658
vn -0.8660 -0.4864 0.1162
vn -0.9050 -0.4113 0.1088
vn -0.8796 -0.4757 0.0004
vn -0.9089 -0.4168 0.0131
vn -0.9193 -0.3928 0.0256
vn -0.9736 -0.2002 0.1098
vn -0.9880 -0.0028 0.1545
vn -0.9918 -0.0247 0.1254
vn -0.9994 -0.0143 0.0323
vn -0.9962 0.0838 -0.0222
vn -0.9964 -0.0464 -0.0715
vn -0.9641 -0.1560 0.2149
vn -0.9936 -0.0906 0.0676
vn -0.9875 -0.0909 0.1288
vn -0.9505 -0.2914 0.1078
vn -0.9980 -0.0516 -0.0372
vn -0.9597 -0.2429 0.1410
vn -0.8689 0.4288 0.2472
vn -0.9463 0.3134 0.0799
vn -0.9848 0.1343 -0.1100
vn -0.9691 -0.1084 0.2217
vn -0.9854 0.0531 0.1616
vn -0.9509 0.2784 0.1355
vn -0.9837 0.1740 -0.0448
vn -0.4788 0.8159 0.3240
vn -0.4857 0.8028 0.3459
vn -0.4568 0.8894 0.0163
vn -0.6158 0.7184 0.3236
vn -0.8296 0.4553 0.3230
vn -0.4880 0.8526 0.1868
vn -0.5049 0.8604 0.0692
vn -0.3545 0.9310 0.0869
vn -0.7760 -0.6307 0.0064
vn -0.7822 -0.6229 0.0109
vn -0.4051 -0.9143 -0.0033
vn -0.4019 -0.9157 -0.0038
vn -0.4600 0.8605 -0.2189
vn -0.0000 -1.0000 -0.0062
vn -0.4050 -0.9141 0.0205
vn -0.3810 0.8564 0.3486
vn -0.8681 0.4727 0.1517
vn -0.3579 0.9199 0.1600
vn -0.9742 -0.2256 0.0091
vn -0.7760 -0.6308 0.0016
vn -0.2579 0.9658 0.0259
vn -0.9319 -0.3589 0.0519
vn -0.3490 0.9307 0.1092
vn -0.8809 0.4547 0.1314
vn -0.9087 -0.4173 0.0136
vn -0.5724 -0.8199 0.0008
vn -0.1995 -0.9799 -0.0057
vn -0.0000 -0.9999 0.0159
vn -0.2642 0.9631 0.0520
vn -0.9997 -0.0080 0.0218
vn -0.4663 0.8597 0.2084
vn -0.2125 0.9312 0.2962
vn -0.0852 0.9707 0.2248
vn -0.7172 0.6878 0.1121
vn -0.9970 -0.0768 -0.0016
vn -0.9197 -0.3925 -0.0089
vn -0.5747 -0.8183 0.0082
vn -0.2004 -0.9796 0.0153
vn -0.4797 0.8679 0.1287
vn -0.2122 0.9556 0.2045
vn -0.2338 0.9646 0.1217
vn -0.2432 0.9693 0.0367
vn -0.0000 -0.9947 0.1029
vn -0.5623 -0.8222 0.0889
vn -0.8428 -0.5308 0.0892
vn -0.9068 -0.4076 0.1071
vn -0.9704 -0.2080 0.1226
vn -0.9413 -0.3195 0.1093
vn -0.8675 -0.4879 0.0975
vn -0.7692 -0.6336 0.0827
vn -0.2311 -0.9677 0.1003
vn -0.9533 0.2687 0.1383
vn -0.0000 -0.9946 0.1038
vn -0.5729 -0.8146 0.0907
vn -0.8661 -0.4916 0.0905
vn -0.9220 -0.3682 0.1198
vn -0.9728 -0.1814 0.1441
vn -0.2275 -0.9686 0.1006
vn -0.9447 -0.3035 0.1243
vn -0.8802 -0.4637 0.1013
vn -0.7878 -0.6107 0.0804
vn -0.9877 -0.0731 0.1385
vn -0.0000 0.9468 0.3219
vn -0.0987 0.9303 0.3534
vn -0.0000 -0.9952 0.0976
vn -0.5270 -0.8442 0.0977
vn -0.8039 -0.5772 0.1436
vn -0.9214 -0.3641 0.1362
vn -0.9836 -0.1431 0.1095
vn -0.8653 0.4747 0.1612
vn -0.3909 0.8930 0.2232
vn -0.1726 0.9370 0.3036
vn -0.5206 0.8201 0.2375
vn -0.9469 0.2859 0.1469
vn -0.9670 -0.2047 0.1518
vn -0.8745 -0.4342 0.2162
vn -0.6655 -0.7280 0.1649
vn -0.2232 -0.9698 0.0986
vn 0.0035 0.9401 0.3409
vn -0.5670 0.8235 0.0212
vn -0.3956 0.9182 0.0196
vn -0.8990 0.4213 0.1197
vn -0.9643 0.2274 0.1357
vn -0.3042 0.9520 -0.0344
vn -0.9361 -0.3428 0.0790
vn -0.9850 -0.1106 0.1323
vn -0.9746 0.1888 0.1207
vn -0.9207 0.3759 0.1051
vn -0.9798 -0.1218 0.1584
vn -0.9511 -0.2843 0.1210
vn -0.8808 -0.4631 0.0984
vn -0.9503 -0.3002 0.0820
vn -0.9997 0.0220 0.0073
vn -0.9855 0.1604 0.0554
vn -0.9368 0.3436 0.0660
vn -0.9914 -0.0319 0.1268
vn -0.9884 -0.1355 0.0691
vn -0.8700 -0.4873 0.0752
vn -0.9356 -0.2705 0.2271
vn -0.9989 0.0023 0.0477
vn -0.9761 0.2152 -0.0293
vn -0.9265 0.3750 -0.0323
vn -0.9988 0.0146 -0.0461
vn -0.9897 -0.1348 0.0488
vn -0.8536 -0.4844 0.1916
vn -0.9630 -0.0846 0.2559
vn -0.9839 0.0242 0.1773
vn -0.9789 0.2021 -0.0317
vn -0.9374 0.3215 -0.1338
vn -0.9926 0.0998 0.0699
vn -0.9723 -0.0639 0.2249
vn -0.9202 -0.2381 0.3107
vn -0.9755 -0.0237 0.2187
vn -0.9898 0.0322 0.1390
vn -0.9661 0.2262 -0.1241
vn -0.9355 0.3055 -0.1772
vn -0.9940 0.0898 0.0631
vn -0.9820 -0.0114 0.1884
vn -0.9394 -0.1075 0.3256
vn -0.9800 0.0313 0.1964
vn -0.9902 0.1027 0.0944
vn -0.9417 0.2604 -0.2132
vn -0.8998 0.3081 -0.3089
vn -0.9913 0.1311 -0.0111
vn -0.9864 0.0297 0.1614
vn -0.9438 -0.0520 0.3265
vn -0.9848 0.1208 0.1251
vn -0.9753 0.2199 0.0201
vn -0.9012 0.3619 -0.2387
vn -0.8797 0.3309 -0.3414
vn -0.9726 0.2227 -0.0662
vn -0.9874 0.1137 0.1104
vn -0.9608 0.0087 0.2770
vn -0.4763 0.8786 -0.0338
vn -0.5840 0.8081 -0.0763
vn -0.7170 0.6861 -0.1235
vn -0.6529 0.7573 -0.0176
vn -0.4018 0.9112 -0.0913
vn -0.5352 0.8341 -0.1339
vn -0.7503 0.6594 -0.0470
vn -0.8601 0.4885 -0.1472
vn -0.6576 0.7118 -0.2466
vn -0.7668 0.5623 -0.3096
vn -0.6926 0.5563 -0.4591
vn -0.6948 0.4601 -0.5528
vn -0.6261 0.6364 -0.4506
vn -0.8415 0.4540 -0.2929
vn -0.7827 0.4591 -0.4203
vn -0.6273 0.5339 -0.5670
vn -0.6522 0.4437 -0.6146
vn -0.7598 0.3969 -0.5149
vn -0.6922 0.4107 -0.5934
vn -0.7382 0.4168 -0.5304
vn -0.6353 0.4537 -0.6249
vn -0.7812 0.4914 -0.3851
vn -0.9231 0.3634 -0.1259
vn -0.0000 0.7579 0.6524
vn -0.0000 0.9881 0.1535
vn -0.7984 0.5951 -0.0913
vn -0.8298 0.5525 0.0789
vn -0.5605 0.8281 0.0024
vn -0.5334 0.7861 0.3124
vn -0.9296 0.3680 -0.0195
vn -0.9477 0.2624 0.1817
vn -0.4456 -0.2030 0.8719
vn -0.7391 -0.0699 0.6700
vn -0.4548 -0.1569 0.8766
vn -0.9104 -0.0265 0.4129
vn -0.7398 -0.1433 0.6574
vn -0.4954 -0.2190 0.8406
vn -0.5524 -0.2000 0.8093
vn -0.8813 -0.0900 0.4640
vn -0.7427 -0.1687 0.6480
vn -0.5430 -0.2628 0.7976
vn -0.5943 -0.2261 0.7718
vn -0.8728 -0.1336 0.4694
vn -0.8828 -0.2099 0.4203
vn -0.8683 -0.3749 0.3249
vn -0.7916 -0.5685 0.2238
vn -0.0000 -0.9959 0.0905
vn -0.6836 -0.7096 0.1707
vn -0.4604 -0.8777 0.1333
vn -0.7399 -0.6576 0.1418
vn -0.0000 0.9643 -0.2649
vn -0.7511 0.5610 -0.3480
vn -0.9666 -0.0173 0.2556
vn -0.9963 -0.0074 0.0851
vn -0.9212 0.0134 0.3887
vn -0.9929 -0.0501 0.1080
vn -0.9896 -0.0755 0.1227
vn -0.9580 0.2531 0.1352
vn -0.9920 0.0174 0.1249
vn -0.9861 -0.0574 0.1560
vn -0.9847 -0.0572 0.1646
vn -0.9940 -0.0814 0.0725
vn -0.9951 0.0976 -0.0183
vn -0.9835 0.1802 -0.0165
vn -0.9733 0.1944 -0.1224
vn -0.9472 0.2471 -0.2046
vn -0.9104 0.3429 -0.2315
vn -0.8088 0.4967 -0.3149
vn -0.9262 0.2952 -0.2344
vn -0.9536 0.2323 -0.1914
vn -0.9769 0.2016 -0.0710
vn -0.9813 0.1920 -0.0158
vn -0.9992 0.0355 0.0175
vn -0.9914 0.0022 0.1307
vn -0.9867 0.0609 0.1506
vn -0.9865 0.0751 0.1458
vn -0.9728 0.1413 0.1836
vn -0.9878 0.0804 0.1336
vn -0.9878 0.0895 0.1272
vn -0.9993 -0.0132 0.0338
vn -0.9896 0.1282 -0.0658
vn -0.9862 0.1189 0.1152
vn -0.9285 -0.3687 0.0438
vn -0.6448 0.7087 -0.2865
vn -0.0000 -0.9995 0.0306
vn -0.3993 -0.9164 0.0279
vn -0.7624 -0.6461 0.0360
vn -0.9149 -0.3989 0.0614
vn -0.9258 -0.3781 0.0014
vn -0.1128 0.9928 -0.0402
vn -0.8927 -0.4482 0.0460
vn -0.5606 -0.8276 0.0289
vn -0.0000 0.9868 0.1617
vn -0.1123 0.9853 0.1291
vn -0.4066 -0.9135 0.0133
vn -0.7825 -0.6226 -0.0013
vn -0.9735 -0.2285 -0.0065
vn -0.4693 0.8769 0.1038
vn -0.0000 -1.0000 0.0086
vn -0.5786 -0.8156 0.0074
vn -0.9222 -0.3866 -0.0093
vn -0.9967 -0.0814 -0.0006
vn -0.6914 0.7205 0.0535
vn -0.2247 0.9655 0.1316
vn -0.2011 -0.9795 0.0153
vn -0.0249 0.9906 0.1346
vn -0.6541 0.5529 -0.5163
vn -0.7407 0.4286 -0.5174
vn -0.6962 0.6753 0.2434
vn -0.6364 0.6286 0.4471
vn -0.6601 0.7251 0.1964
vn -0.7395 0.6511 0.1709
vn -0.7803 0.6159 0.1083
vn -0.7532 0.6427 0.1400
vn -0.7425 0.6378 0.2048
vn -0.8189 0.5675 0.0856
vn -0.8568 0.5124 0.0571
vn -0.8643 0.5030 0.0027
vn -0.8659 0.4782 -0.1469
vn -0.8913 0.3851 -0.2394
vn -0.8528 0.3859 -0.3519
vn -0.8138 0.3615 -0.4550
vn -0.7868 0.4185 -0.4536
vn -0.7866 0.6105 0.0926
vn -0.6828 0.5192 -0.5140
vn -0.7932 0.3681 -0.4850
vn -0.8045 0.3963 -0.4425
vn -0.8546 0.4271 -0.2955
vn -0.8862 0.4085 -0.2185
vn -0.8354 0.5468 -0.0561
vn -0.7916 0.6110 0.0037
vn -0.7326 0.6796 0.0379
vn -0.6706 0.7385 0.0701
vn -0.6524 0.7005 0.2893
vn -0.6281 0.7703 0.1101
vn -0.6098 0.7765 0.1588
vn -0.6932 0.7187 0.0543
vn -0.6165 0.7614 0.2005
vn -0.6717 0.7222 0.1652
vn -0.7351 0.6209 0.2723
vn -0.6898 0.5074 -0.5165
vn -0.0000 -0.1363 0.9907
vn -0.1357 0.9905 0.0214
vn -0.2638 0.9046 0.3349
vn -0.2229 0.9692 0.1048
vn -0.3017 0.9045 0.3014
vn -0.2691 0.9421 0.2000
vn -0.2873 0.9421 0.1731
vn -0.0041 0.9918 0.1279
vn -0.0013 0.9999 0.0100
vn -0.3231 0.9089 0.2639
vn -0.0692 0.9947 -0.0761
vn -0.1620 0.9754 -0.1498
vn -0.3074 0.9285 -0.2081
vn -0.4807 0.8210 -0.3081
vn -0.5563 0.6845 -0.4711
vn -0.6219 0.5329 -0.5739
vn -0.5651 0.4779 -0.6726
vn -0.5496 0.4914 -0.6756
vn -0.7513 0.5045 -0.4256
vn -0.8686 0.4632 -0.1761
vn -0.9709 0.2376 0.0305
vn -0.9719 0.1120 0.2070
vn -0.7175 0.0648 0.6935
vn -0.8556 0.4366 -0.2779
vn -0.3112 0.9467 0.0827
vn -0.6983 0.5134 -0.4988
vn -0.6309 0.5265 -0.5698
vn -0.2901 0.9506 0.1103
vn -0.1922 0.9532 -0.2333
vn -0.8070 0.4928 -0.3255
vn -0.9243 0.0649 0.3760
vn -0.3574 -0.1140 0.9270
vn -0.9729 0.2211 0.0673
vn -0.9387 0.3396 -0.0593
vn -0.6852 0.5318 -0.4977
vn -0.8510 0.4525 -0.2666
vn -0.6148 0.4482 -0.6490
vn -0.6239 0.4835 -0.6140
vn -0.5899 0.6082 -0.5312
vn -0.6000 0.7113 -0.3661
vn -0.5136 0.8330 -0.2055
vn -0.3453 0.9265 -0.1498
vn -0.2271 0.9696 -0.0908
vn -0.1491 0.9886 -0.0193
vn -0.3491 0.8749 0.3358
vn -0.1121 0.9911 0.0718
vn -0.1462 0.9746 0.1695
vn -0.2613 0.9554 0.1374
vn -0.2876 0.9574 0.0275
vn -0.2990 0.8955 0.3297
vn -0.2664 0.9615 0.0674
vn -0.2114 0.9456 0.2473
vn -0.2443 0.9377 0.2473
vn -0.1565 0.9856 -0.0643
vn -0.3993 -0.9166 0.0208
vn -0.7749 -0.6314 0.0275
vn -0.9239 -0.3799 0.0455
vn -0.2606 0.9644 0.0440
vn -0.1484 0.9869 -0.0639
vn -0.9047 -0.4238 0.0436
vn -0.5664 -0.8236 0.0287
vn -0.3992 -0.9164 0.0279
vn -0.7697 -0.6375 0.0354
vn -0.9202 -0.3868 0.0597
vn -0.2015 0.9791 0.0275
vn -0.5640 -0.8253 0.0288
vn -0.9000 -0.4337 0.0445
vn -0.1239 0.9807 -0.1513
vn -0.2138 0.9769 0.0042
vn -0.0000 0.9991 0.0433
vn -0.0000 -1.0000 -0.0040
vn -0.3017 0.9529 0.0300
vn -0.5693 -0.8221 -0.0012
vn -0.9082 -0.4185 -0.0037
vn -0.2796 0.9598 0.0241
vn -0.1985 -0.9801 -0.0058
vn -0.0318 0.9992 0.0257
vn -0.0000 0.9329 0.3601
vn -0.4491 -0.8840 0.1295
vn -0.7631 -0.5923 0.2585
vn -0.9460 -0.2411 0.2167
vn -0.9865 -0.0478 0.1568
vn -0.8647 0.4611 0.1994
vn -0.4371 0.8561 0.2759
vn -0.1236 0.9275 0.3529
vn -0.0000 -0.9959 0.0903
vn -0.9756 0.1595 0.1512
vn -0.6360 0.7313 0.2462
vn -0.2972 0.9034 0.3090
vn -0.3771 0.8719 0.3124
vn -0.7408 0.6219 0.2538
vn -0.9834 0.0787 0.1635
vn -0.0075 0.9314 0.3639
vn -0.5808 -0.7989 0.1562
vn -0.9185 -0.3396 0.2026
vn -0.9804 -0.1005 0.1695
vn -0.9435 0.2705 0.1916
vn -0.5621 0.7770 0.2832
vn -0.2622 0.9005 0.3468
vn -0.2029 -0.9742 0.0987
vn -0.2805 0.6605 -0.6965
vn -0.7646 0.5672 -0.3059
vn -0.3045 0.9415 -0.1446
vn -0.8061 0.5313 -0.2606
vn -0.5846 0.7948 -0.1630
vn -0.4447 0.8877 -0.1189
vn -0.1997 0.9769 -0.0756
vn -0.3532 0.9173 -0.1841
vn -0.6965 0.6831 -0.2197
vn -0.7535 0.4425 -0.4862
vn -0.9225 0.3582 -0.1438
vn -0.9262 0.1999 -0.3196
vn -0.9658 0.1901 -0.1763
vn -0.9743 0.1944 -0.1135
vn -0.9771 -0.1260 -0.1716
vn -0.9564 0.2732 -0.1031
vn -0.9868 0.0765 -0.1428
vn -0.7771 -0.4284 -0.4610
vn -0.9141 -0.3274 -0.2393
vn -0.6490 0.3885 -0.6542
vn -0.5460 -0.7941 -0.2670
vn -0.5268 -0.7976 -0.2938
vn -0.4717 -0.2387 -0.8488
vn -0.6843 -0.7080 -0.1747
vn -0.7068 -0.6760 -0.2083
vn -0.0000 -0.7725 -0.6350
vn -0.7128 -0.6999 -0.0448
vn -0.5457 -0.8301 -0.1144
vn -0.8465 -0.5279 -0.0687
vn 0.1040 -0.8817 0.4601
vn -0.7241 -0.6524 -0.2238
vn -0.5706 -0.7956 -0.2033
vn -0.9675 0.1787 -0.1787
vn -0.9867 0.1393 -0.0833
vn -0.9785 0.1755 -0.1082
vn -0.9534 -0.2591 -0.1543
vn -0.9663 -0.1773 -0.1867
vn -0.9908 -0.1124 -0.0755
vn 0.1144 0.8102 -0.5749
vn -0.8549 -0.4728 -0.2138
vn -0.9877 0.0305 -0.1536
vn -0.9877 0.0564 -0.1461
vn -0.9639 0.2450 -0.1044
vn -0.9610 0.2572 -0.1017
vn 0.5128 0.7911 -0.3335
vn -0.7309 -0.1314 -0.6697
vn -0.6890 0.2213 -0.6902
vn -0.0000 -0.7078 -0.7064
vn -0.4383 -0.6847 -0.5823
vn -0.6002 -0.2824 -0.7483
vn -0.0000 -0.5391 -0.8422
vn -0.2434 -0.6902 -0.6815
vn -0.9741 0.1992 -0.1072
vn -0.9767 -0.0739 -0.2016
vn -0.9399 0.2468 -0.2359
vn -0.7595 -0.5506 -0.3464
vn -0.0000 -0.9427 -0.3338
vn -0.9100 -0.2849 -0.3012
vn -0.9543 0.2832 -0.0960
vn -0.9863 0.0899 -0.1385
vn -0.3626 -0.8671 -0.3416
vn -0.5982 -0.6784 -0.4265
vn -0.1169 -0.9498 -0.2901
vn -0.3349 -0.8896 -0.3107
vn -0.3995 -0.9163 0.0279
vn -0.0000 0.9824 -0.1870
vn -0.0897 0.9754 -0.2014
vn -0.7544 -0.6554 0.0366
vn -0.9088 -0.4125 0.0632
vn -0.0000 -1.0000 -0.0027
vn -0.1659 0.9669 -0.1941
vn -0.5577 -0.8295 0.0289
vn -0.8862 -0.4608 0.0471
vn -0.1406 0.9677 -0.2094
vn -0.0232 0.9802 -0.1967
vn -0.9801 -0.1984 -0.0011
vn -0.5111 0.7861 -0.3475
vn -0.2503 0.9657 0.0693
vn -0.2597 0.9650 0.0360
vn -0.8320 -0.5541 0.0270
vn -0.9077 -0.3192 -0.2724
vn -0.8368 0.1039 -0.5375
vn -0.8542 -0.4288 0.2940
vn -0.7811 0.2608 -0.5673
vn -0.4256 0.6382 -0.6415
vn -0.7599 0.0239 0.6496
vn -0.3040 0.8603 -0.4092
vn -0.8363 -0.5470 0.0378
vn -0.4662 0.7330 0.4953
vn -0.8228 -0.5597 0.0982
vn -0.1652 0.9609 -0.2223
vn -0.1300 0.9912 0.0251
vn -0.1200 0.9923 -0.0294
vn -0.8301 -0.5492 0.0967
vn -0.8341 -0.5515 -0.0130
vn -0.8198 -0.5642 0.0977
vn -0.7912 -0.2452 0.5603
vn -0.7969 -0.2474 0.5511
vn -0.4641 0.5032 -0.7290
vn -0.6808 0.3640 0.6356
vn -0.4709 0.5912 -0.6547
vn -0.2279 0.9538 0.1957
vn -0.8272 -0.5534 0.0973
vn -0.1272 0.9917 0.0177
vn -0.1383 0.9888 0.0553
vn -0.1462 0.9798 -0.1362
vn -0.1195 0.9928 0.0103
vn 0.0698 0.9610 -0.2678
vn -0.7774 -0.6192 0.1101
vn 0.1798 0.9663 -0.1841
vn -0.5146 0.3400 0.7872
vn -0.3261 0.6070 -0.7248
vn -0.6640 -0.2231 0.7137
vn -0.4038 0.5790 -0.7083
vn -0.5855 0.1102 0.8032
vn -0.3134 0.5642 -0.7638
vn -0.6726 -0.3325 0.6611
vn -0.4698 0.1942 -0.8611
vn -0.5609 -0.0178 -0.8277
vn -0.6289 -0.7694 0.1117
vn -0.0000 -0.9973 0.0731
vn -0.3355 -0.9381 0.0860
vn -0.7901 -0.6052 0.0970
vn -0.3648 0.9310 -0.0122
vn -0.3462 0.9372 -0.0419
vn -0.2066 0.9777 -0.0372
vn -0.3027 0.9530 0.0101
vn -0.2716 0.9609 0.0532
vn -0.3261 0.9446 0.0371
vn -0.1673 0.9858 0.0128
vn -0.2305 0.9654 0.1223
vn -0.2974 0.9514 0.0800
vn -0.1393 0.9886 0.0577
vn -0.1707 0.9558 0.2396
vn -0.2411 0.9542 0.1772
vn -0.0890 0.9834 0.1581
vn -0.0996 0.9130 0.3956
vn -0.1689 0.9320 0.3206
vn -0.0308 0.9519 0.3048
vn -0.0149 0.8053 0.5926
vn -0.0994 0.8782 0.4679
vn 0.0177 0.8910 0.4537
vn 0.3341 -0.7376 0.5869
vn 0.2633 0.0457 0.9636
vn 0.2474 0.1303 0.9601
vn 0.2203 -0.9751 0.0275
vn 0.2927 -0.9362 0.1946
vn 0.1916 -0.9530 0.2348
vn 0.1802 -0.9802 -0.0823
vn 0.2185 -0.9739 -0.0613
vn 0.1084 -0.9933 -0.0407
vn 0.1853 -0.9802 -0.0693
vn 0.2061 -0.9745 -0.0886
vn 0.0917 -0.9933 -0.0710
vn 0.1562 -0.9827 -0.0996
vn 0.2154 -0.9741 -0.0686
vn 0.1000 -0.9939 -0.0475
vn 0.0408 -0.9746 -0.2203
vn 0.1158 -0.9770 -0.1792
vn 0.0124 -0.9886 -0.1499
vn -0.1311 -0.9202 -0.3688
vn -0.0053 -0.9568 -0.2908
vn -0.0993 -0.9604 -0.2604
vn -0.7415 -0.0232 -0.6706
vn -0.4412 -0.6732 -0.5934
vn -0.4425 -0.6988 -0.5620
vn -0.5863 0.6561 -0.4752
vn -0.4523 0.8849 -0.1114
vn -0.0835 0.9925 -0.0898
vn -0.0212 0.9994 -0.0262
vn 0.0191 0.9993 0.0318
vn 0.0764 0.9833 0.1651
vn 0.1200 0.9257 0.3587
vn 0.1327 0.8276 0.5454
vn 0.1993 0.1552 0.9676
vn 0.0798 -0.9316 0.3547
vn -0.0081 -0.9997 -0.0221
vn -0.0313 -0.9975 -0.0626
vn -0.0227 -0.9993 -0.0303
vn -0.1420 -0.9777 -0.1545
vn -0.2733 -0.9235 -0.2691
vn -0.5525 -0.6421 -0.5315
vn -0.2170 0.9534 -0.2098
vn 0.0969 0.9148 0.3920
vn 0.0512 0.9747 0.2177
vn 0.0099 -0.9992 -0.0397
vn 0.0080 -0.9984 -0.0558
vn -0.6878 -0.0010 -0.7259
vn 0.0025 0.9964 0.0852
vn -0.0384 0.9992 0.0080
vn 0.0530 -0.9961 0.0704
vn 0.2075 -0.7160 0.6666
vn -0.0742 0.9964 -0.0402
vn -0.1272 0.9870 -0.0986
vn -0.2859 -0.8925 -0.3488
vn -0.1379 -0.9698 -0.2013
vn 0.1406 0.7861 0.6019
vn -0.0221 -0.9971 -0.0735
vn -0.1377 0.9840 -0.1131
vn -0.0328 0.9989 -0.0321
vn 0.0319 0.9984 0.0457
vn 0.1092 0.9675 0.2279
vn 0.1337 0.8634 0.4865
vn 0.0889 0.6808 0.7271
vn 0.0377 0.1680 0.9851
vn 0.0347 -0.8649 0.5008
vn -0.0143 -0.9987 -0.0480
vn -0.0488 -0.9947 -0.0909
vn -0.0370 -0.9985 -0.0399
vn -0.2186 -0.9592 -0.1792
vn -0.3940 -0.8749 -0.2818
vn -0.6621 -0.6020 -0.4463
vn -0.3324 0.9121 -0.2399
vn -0.0742 0.9947 -0.0705
vn -0.1851 0.9710 -0.1515
vn -0.5423 0.7327 -0.4113
vn -0.0307 -0.9963 -0.0803
vn 0.0197 -0.9899 0.1405
vn -0.0020 1.0000 -0.0014
vn -0.0328 -0.9982 -0.0498
vn 0.0662 0.9910 0.1162
vn -0.0946 -0.9913 -0.0912
vn 0.1181 0.9380 0.3259
vn -0.2787 -0.9318 -0.2325
vn 0.1215 0.8053 0.5803
vn -0.4554 -0.8187 -0.3497
vn 0.0854 0.5882 0.8042
vn -0.7813 -0.1815 -0.5971
vn 0.0889 -0.5603 0.8235
vn -0.1126 -0.8611 0.4959
vn -0.8924 -0.4123 -0.1831
vn 0.2698 0.3362 -0.9023
vn -0.6969 -0.6713 0.2523
vn -0.7244 0.0917 -0.6832
vn 0.9994 -0.0065 0.0347
vn -0.9884 -0.0976 -0.1161
vn -0.0096 0.8981 -0.4397
vn -0.1989 -0.9486 0.2460
vn 0.1930 0.8944 -0.4036
vn -0.7057 0.5592 -0.4350
vn 0.2359 -0.8658 0.4412
vn -0.7262 -0.6678 0.1632
vn -0.9931 -0.0454 -0.1080
vn 0.0086 0.8782 -0.4781
vn -0.1365 -0.9501 0.2803
vn -0.6643 0.6531 -0.3635
vn -0.7154 -0.6884 0.1196
vn 0.4691 0.8025 -0.3688
vn 0.4576 -0.8649 0.2063
vn 0.4275 -0.5300 -0.7324
vn -0.6429 -0.4303 -0.6336
vn -0.0474 0.1600 -0.9860
vn -0.1393 -0.9737 -0.1803
vn -0.6794 -0.7261 0.1060
vn 0.4583 -0.8379 0.2964
vn -0.5979 0.4884 -0.6356
vn 0.4321 0.6701 -0.6036
vn 0.7243 0.4109 -0.5536
vn 0.9615 0.2115 -0.1755
vn 0.6396 0.5487 -0.5384
vn 0.6675 0.5254 -0.5277
vn 0.9804 0.0737 -0.1825
vn -0.4032 0.5158 -0.7559
vn -0.4785 0.0281 -0.8776
vn -0.3170 -0.3867 -0.8660
vn -0.0000 0.7143 -0.6999
vn 0.2347 0.0005 -0.9721
vn 0.0453 -0.1001 -0.9939
vn 0.0563 0.1636 -0.9849
vn 0.1962 0.0919 -0.9763
vn -0.9943 0.1063 -0.0021
vn -0.6322 0.7729 0.0539
vn -0.7341 0.6788 0.0193
vn -0.7123 0.6991 0.0623
vn -0.9924 0.1234 -0.0001
vn -0.9898 0.1418 -0.0097
vn -0.9957 0.0928 -0.0060
vn -0.6678 0.7409 -0.0718
vn -0.9944 0.1060 -0.0039
vn -0.7379 0.6736 -0.0426
vn -0.9304 0.2024 -0.3056
vn -0.9951 0.0983 -0.0059
vn -0.6326 0.7732 -0.0440
vn -0.9920 0.1259 -0.0011
vn -0.6239 0.7802 -0.0456
vn -0.9930 0.1182 -0.0050
vn -0.7231 0.6862 -0.0787
vn -0.9954 0.0952 -0.0058
vn -0.6428 0.7613 -0.0854
vn -0.7185 0.6910 -0.0792
vn -0.9934 0.1142 -0.0048
vn -0.6395 0.7664 0.0601
vn -0.9813 -0.1802 0.0679
vn -0.9905 0.1372 0.0026
vn -0.7244 0.6875 0.0503
vn -0.9959 0.0895 -0.0145
vn -0.9227 0.3827 -0.0457
vn -0.7350 0.6780 0.0021
vn -0.9950 0.0989 -0.0104
vn -0.7473 0.6629 -0.0450
vn -0.8015 0.5963 -0.0448
vn -0.9855 0.1663 -0.0347
vn -0.7707 0.6366 -0.0276
vn -0.9941 0.1050 -0.0263
vn -1.0000 -0.0000 -0.0004
vn -0.5348 0.8448 -0.0159
vn -0.3883 0.9198 0.0558
vn -0.4612 0.8851 0.0633
vn -0.5603 0.8253 0.0704
vn -0.9947 0.1025 0.0004
vn -0.9993 0.0370 -0.0040
vn -0.9992 0.0386 -0.0028
vn -0.5348 0.8414 -0.0784
vn -0.6271 0.7789 -0.0123
vn -0.7598 0.6490 -0.0388
vn -0.9920 0.0927 -0.0861
vn -0.9922 0.1124 -0.0538
vn -0.7313 0.6775 -0.0791
vn -0.3236 0.9453 0.0404
vn -0.9991 -0.0415 0.0064
vn -0.5477 0.8356 -0.0425
vn -1.0000 0.0006 -0.0011
vn -0.9882 -0.0421 0.1471
vn -0.9657 0.1972 -0.1690
vn -0.8003 0.5841 -0.1352
vn -0.3531 0.9354 -0.0161
vn -0.9849 0.1727 -0.0108
vn -0.9954 0.0933 -0.0208
vn -0.9012 0.1612 -0.4024
vn -0.3488 0.9264 0.1421
vn -0.2179 0.9757 0.0238
vn -0.9779 -0.2060 0.0344
vn -0.5035 0.8353 -0.2208
vn -0.7144 0.5255 -0.4621
vn -0.2869 0.9494 -0.1276
vn -0.6147 0.5368 -0.5780
vn -0.3227 0.8943 -0.3100
vn -0.7815 0.3235 -0.5335
vn -0.3428 0.9375 0.0594
vn -0.6412 0.7666 -0.0349
vn -0.9909 0.1241 -0.0520
vn -0.9999 0.0104 -0.0000
vn -0.4168 0.9084 -0.0325
vn -0.9998 0.0134 -0.0153
vn -0.6234 0.7814 0.0271
vn -0.7813 0.6181 -0.0869
vn -0.7668 0.6413 -0.0260
vn -0.9991 0.0413 -0.0022
vn -0.9987 0.0511 -0.0045
vn -0.4467 0.8941 0.0310
vn -0.7581 0.6519 -0.0189
vn -0.9866 0.1408 -0.0827
vn -0.9147 0.3806 -0.1356
vn -0.9992 0.0388 -0.0031
vn -0.4735 0.8768 -0.0837
vn -0.9959 0.0759 -0.0488
vn -0.7192 0.6946 -0.0171
vn -0.9162 0.3977 -0.0485
vn -0.9938 0.1063 -0.0320
vn -0.9962 0.0662 -0.0563
vn -0.9993 -0.0383 0.0017
vn -0.8925 0.4250 -0.1510
vn -0.6919 0.7190 -0.0648
vn -0.9991 0.0397 0.0151
vn -0.9054 0.3944 -0.1571
vn -0.4638 0.8858 -0.0180
vn -0.9992 -0.0390 0.0086
vn -0.9995 -0.0309 0.0030
vn -0.7349 0.6614 -0.1502
vn -0.3700 0.9287 0.0231
vn -0.5710 0.8197 0.0447
vn -0.3584 0.9331 0.0301
vn -0.9993 -0.0371 0.0053
vn -0.4419 0.8956 0.0505
vn -0.3444 0.9376 0.0480
vn -0.9994 -0.0358 -0.0028
vn -0.9999 -0.0139 -0.0022
vn 0.0191 0.9990 -0.0411
vn 0.1178 0.9930 -0.0023
vn 0.0304 0.9994 0.0136
vn 0.0269 0.9969 0.0734
vn 0.1346 0.9903 0.0344
vn 0.0232 0.9932 0.1143
vn 0.1161 0.9886 0.0954
vn 0.0199 0.9746 0.2230
vn 0.1134 0.9810 0.1577
vn 0.0049 0.9529 0.3033
vn 0.0985 0.9581 0.2689
vn 0.0045 0.9417 0.3365
vn 0.1037 0.9410 0.3220
vn -0.0614 0.9618 0.2667
vn 0.0312 0.9576 0.2863
vn -0.1643 0.9750 0.1495
vn -0.0707 0.9776 0.1981
vn -0.1629 0.9865 -0.0196
vn -0.1529 0.9864 0.0606
vn -0.0892 0.9901 -0.1084
vn -0.0844 0.9950 -0.0532
vn -0.0184 0.9792 -0.2023
vn -0.0065 0.9908 -0.1349
vn 0.1293 0.9536 -0.2718
vn 0.1199 0.9697 -0.2130
vn 0.2919 0.8758 -0.3844
vn 0.2043 0.9260 -0.3175
vn 0.2826 0.9179 -0.2786
vn 0.4511 0.7019 -0.5512
vn 0.3258 0.8123 -0.4839
vn 0.4360 0.7883 -0.4343
vn 0.6169 0.5123 -0.5974
vn 0.6006 0.5970 -0.5319
vn 0.7801 0.4178 -0.4657
vn 0.6805 0.5831 -0.4439
vn 0.7010 0.5112 -0.4973
vn 0.5470 0.8175 -0.1804
vn 0.6837 0.6543 -0.3232
vn 0.7461 0.6046 -0.2789
vn 0.3668 0.3680 0.8544
vn 0.7795 0.4356 0.4502
vn 0.6367 -0.3001 0.7103
vn 0.7664 -0.2158 0.6050
vn 0.6214 -0.4644 0.6310
vn 0.5641 -0.3735 0.7364
vn 0.7977 -0.3138 0.5149
vn 0.4662 -0.7640 0.4460
vn 0.4850 -0.5995 0.6367
vn 0.7441 -0.5310 0.4054
vn 0.5318 -0.8167 0.2241
vn 0.7212 -0.6407 0.2634
vn 0.2457 -0.9648 0.0937
vn 0.6030 -0.7904 0.1082
vn 0.2331 -0.9675 0.0978
vn 0.5556 -0.8266 0.0895
vn 0.2002 -0.9771 0.0718
vn 0.4058 -0.9100 0.0849
vn 0.2003 -0.9789 0.0400
vn 0.4066 -0.9121 0.0527
vn 0.2007 -0.9797 -0.0016
vn 0.4072 -0.9133 0.0073
vn 0.1981 -0.9802 0.0062
vn 0.3998 -0.9166 -0.0019
vn 0.1974 -0.9792 -0.0478
vn 0.3985 -0.9172 -0.0036
vn 0.1865 -0.9729 -0.1365
vn 0.4033 -0.9121 -0.0736
vn 0.1998 -0.9769 0.0756
vn 0.4096 -0.8988 -0.1561
vn 0.0762 -0.6532 -0.7533
vn 0.6878 -0.6823 -0.2476
vn 0.1441 -0.8665 -0.4779
vn 0.1215 -0.6522 -0.7482
vn 0.1389 0.9151 -0.3785
vn 0.4234 -0.6230 -0.6577
vn 0.0511 0.9903 -0.1292
vn 0.3357 0.8953 -0.2928
vn 0.0285 0.9979 -0.0575
vn 0.1166 0.9901 -0.0780
vn 0.0543 0.6881 -0.7236
vn 0.0858 0.9944 -0.0624
vn 0.0191 0.9863 -0.1637
vn 0.0779 0.9783 -0.1921
vn 0.0193 0.9924 -0.1214
vn 0.0732 0.9890 -0.1288
vn 0.0938 0.9925 -0.0787
vn 0.8271 -0.5539 0.0950
vn 0.7831 -0.6152 0.0906
vn 0.7758 -0.6296 0.0406
vn 0.7868 -0.6173 0.0002
vn 0.7765 -0.6301 0.0012
vn 0.7439 -0.6682 0.0120
vn 0.7422 -0.6634 0.0948
vn 0.8088 -0.5802 0.0962
vn 0.5785 -0.8157 0.0024
vn 0.5713 -0.8201 0.0323
vn 0.5515 -0.8330 -0.0443
vn 0.5682 -0.8212 0.0534
vn 0.5682 -0.8228 0.0090
vn 0.9058 -0.4105 0.1050
vn 0.9768 -0.1706 0.1292
vn 0.9736 -0.2114 0.0862
vn 0.9704 -0.2401 0.0271
vn 0.9263 -0.3767 -0.0027
vn 0.9147 -0.4039 0.0152
vn 0.9600 -0.2798 -0.0006
vn 0.9195 -0.3918 0.0306
vn 0.9322 -0.3560 0.0658
vn 0.8660 -0.4864 0.1162
vn 0.9050 -0.4113 0.1088
vn 0.8796 -0.4757 0.0004
vn 0.9089 -0.4168 0.0131
vn 0.9193 -0.3928 0.0256
vn 0.9736 -0.2002 0.1098
vn 0.9880 -0.0028 0.1545
vn 0.9918 -0.0247 0.1254
vn 0.9994 -0.0143 0.0323
vn 0.9962 0.0838 -0.0222
vn 0.9964 -0.0464 -0.0715
vn 0.9641 -0.1560 0.2149
vn 0.9936 -0.0906 0.0676
vn 0.9875 -0.0909 0.1288
vn 0.9505 -0.2914 0.1078
vn 0.9980 -0.0516 -0.0372
vn 0.9597 -0.2429 0.1410
vn 0.8689 0.4288 0.2472
vn 0.9463 0.3134 0.0799
vn 0.9848 0.1343 -0.1100
vn 0.9691 -0.1084 0.2217
vn 0.9854 0.0531 0.1616
vn 0.9509 0.2784 0.1355
vn 0.9837 0.1740 -0.0448
vn 0.4788 0.8159 0.3240
vn 0.4857 0.8028 0.3459
vn 0.4568 0.8894 0.0163
vn 0.6158 0.7184 0.3236
vn 0.7262 0.6233 -0.2900
vn 0.8296 0.4553 0.3230
vn 0.4880 0.8526 0.1868
vn 0.5049 0.8604 0.0692
vn 0.3545 0.9310 0.0869
vn 0.7760 -0.6307 0.0064
vn 0.7822 -0.6229 0.0109
vn 0.4051 -0.9143 -0.0033
vn 0.4019 -0.9157 -0.0038
vn 0.4600 0.8605 -0.2189
vn 0.4050 -0.9141 0.0205
vn 0.3810 0.8564 0.3486
vn 0.8681 0.4727 0.1517
vn 0.3579 0.9199 0.1600
vn 0.9742 -0.2256 0.0091
vn 0.7760 -0.6308 0.0016
vn 0.2579 0.9658 0.0259
vn 0.9319 -0.3589 0.0519
vn 0.3490 0.9307 0.1092
vn 0.8809 0.4547 0.1314
vn 0.9087 -0.4173 0.0136
vn 0.5724 -0.8199 0.0008
vn 0.1995 -0.9799 -0.0057
vn 0.2642 0.9631 0.0520
vn 0.9997 -0.0080 0.0218
vn 0.4663 0.8597 0.2084
vn 0.2125 0.9312 0.2962
vn 0.0852 0.9707 0.2248
vn 0.7172 0.6878 0.1121
vn 0.9970 -0.0768 -0.0016
vn 0.9197 -0.3925 -0.0089
vn 0.5747 -0.8183 0.0082
vn 0.2004 -0.9796 0.0153
vn 0.4797 0.8679 0.1287
vn 0.2122 0.9556 0.2045
vn 0.2338 0.9646 0.1217
vn 0.2432 0.9693 0.0367
vn 0.5623 -0.8222 0.0889
vn 0.8428 -0.5308 0.0892
vn 0.9068 -0.4076 0.1071
vn 0.9704 -0.2080 0.1226
vn 0.9413 -0.3195 0.1093
vn 0.8675 -0.4879 0.0975
vn 0.7692 -0.6336 0.0827
vn 0.2311 -0.9677 0.1003
vn 0.9533 0.2687 0.1383
vn 0.5729 -0.8146 0.0907
vn 0.8661 -0.4916 0.0905
vn 0.9220 -0.3682 0.1198
vn 0.9728 -0.1814 0.1441
vn 0.2275 -0.9686 0.1006
vn 0.9447 -0.3035 0.1243
vn 0.8802 -0.4637 0.1013
vn 0.7878 -0.6107 0.0804
vn 0.9877 -0.0731 0.1385
vn 0.0987 0.9303 0.3534
vn 0.5270 -0.8442 0.0977
vn 0.8039 -0.5772 0.1436
vn 0.9214 -0.3641 0.1362
vn 0.9836 -0.1431 0.1095
vn 0.8653 0.4747 0.1612
vn 0.3909 0.8930 0.2232
vn 0.1726 0.9370 0.3036
vn 0.5206 0.8201 0.2375
vn 0.9469 0.2859 0.1469
vn 0.9670 -0.2047 0.1518
vn 0.8745 -0.4342 0.2162
vn 0.6655 -0.7280 0.1649
vn 0.2232 -0.9698 0.0986
vn -0.0035 0.9401 0.3409
vn 0.5670 0.8235 0.0212
vn 0.3956 0.9182 0.0196
vn 0.8990 0.4213 0.1197
vn 0.9643 0.2274 0.1357
vn 0.3042 0.9520 -0.0344
vn 0.9361 -0.3428 0.0790
vn 0.9850 -0.1106 0.1323
vn 0.9746 0.1888 0.1207
vn 0.9207 0.3759 0.1051
vn 0.9798 -0.1218 0.1584
vn 0.9511 -0.2843 0.1210
vn 0.8808 -0.4631 0.0984
vn 0.9503 -0.3002 0.0820
vn 0.9997 0.0220 0.0073
vn 0.9855 0.1604 0.0554
vn 0.9368 0.3436 0.0660
vn 0.9914 -0.0319 0.1268
vn 0.9884 -0.1355 0.0691
vn 0.8700 -0.4873 0.0752
vn 0.9356 -0.2705 0.2271
vn 0.9989 0.0023 0.0477
vn 0.9761 0.2152 -0.0293
vn 0.9265 0.3750 -0.0323
vn 0.9988 0.0146 -0.0461
vn 0.9897 -0.1348 0.0488
vn 0.8536 -0.4844 0.1916
vn 0.9630 -0.0846 0.2559
vn 0.9839 0.0242 0.1773
vn 0.9789 0.2021 -0.0317
vn 0.9374 0.3215 -0.1338
vn 0.9926 0.0998 0.0699
vn 0.9723 -0.0639 0.2249
vn 0.9202 -0.2381 0.3107
vn 0.9755 -0.0237 0.2187
vn 0.9898 0.0322 0.1390
vn 0.9661 0.2262 -0.1241
vn 0.9355 0.3055 -0.1772
vn 0.9940 0.0898 0.0631
vn 0.9820 -0.0114 0.1884
vn 0.9394 -0.1075 0.3256
vn 0.9800 0.0313 0.1964
vn 0.9902 0.1027 0.0944
vn 0.9417 0.2604 -0.2132
vn 0.8998 0.3081 -0.3089
vn 0.9913 0.1311 -0.0111
vn 0.9864 0.0297 0.1614
vn 0.9438 -0.0520 0.3265
vn 0.9848 0.1208 0.1251
vn 0.9753 0.2199 0.0201
vn 0.9012 0.3619 -0.2387
vn 0.8797 0.3309 -0.3414
vn 0.9726 0.2227 -0.0662
vn 0.9874 0.1137 0.1104
vn 0.9608 0.0087 0.2770
vn 0.4763 0.8786 -0.0338
vn 0.5840 0.8081 -0.0763
vn 0.7170 0.6861 -0.1235
vn 0.6529 0.7573 -0.0176
vn 0.4018 0.9112 -0.0913
vn 0.5352 0.8341 -0.1339
vn 0.7503 0.6594 -0.0470
vn 0.8601 0.4885 -0.1472
vn 0.6576 0.7118 -0.2466
vn 0.7668 0.5623 -0.3096
vn 0.6926 0.5563 -0.4591
vn 0.6948 0.4601 -0.5528
vn 0.6261 0.6364 -0.4506
vn 0.8415 0.4540 -0.2929
vn 0.7827 0.4591 -0.4203
vn 0.6273 0.5339 -0.5670
vn 0.6522 0.4437 -0.6146
vn 0.7598 0.3969 -0.5149
vn 0.6922 0.4107 -0.5934
vn 0.7382 0.4168 -0.5304
vn 0.6353 0.4537 -0.6249
vn 0.7812 0.4914 -0.3851
vn 0.9231 0.3634 -0.1259
vn 0.7984 0.5951 -0.0913
vn 0.8298 0.5525 0.0789
vn 0.5605 0.8281 0.0024
vn 0.5334 0.7861 0.3124
vn 0.9296 0.3680 -0.0195
vn 0.9477 0.2624 0.1817
vn 0.4456 -0.2030 0.8719
vn 0.7391 -0.0699 0.6700
vn 0.4548 -0.1569 0.8766
vn 0.9104 -0.0265 0.4129
vn 0.7398 -0.1433 0.6574
vn 0.4954 -0.2190 0.8406
vn 0.5524 -0.2000 0.8093
vn 0.8813 -0.0900 0.4640
vn 0.7427 -0.1687 0.6480
vn 0.5430 -0.2628 0.7976
vn 0.5943 -0.2261 0.7718
vn 0.8728 -0.1336 0.4694
vn 0.8828 -0.2099 0.4203
vn 0.8683 -0.3749 0.3249
vn 0.7916 -0.5685 0.2238
vn 0.6836 -0.7096 0.1707
vn 0.4604 -0.8777 0.1333
vn 0.7399 -0.6576 0.1418
vn 0.7511 0.5610 -0.3480
vn 0.9666 -0.0173 0.2556
vn 0.9963 -0.0074 0.0851
vn 0.9212 0.0134 0.3887
vn 0.9929 -0.0501 0.1080
vn 0.9896 -0.0755 0.1227
vn 0.9580 0.2531 0.1352
vn 0.9920 0.0174 0.1249
vn 0.9861 -0.0574 0.1560
vn 0.9847 -0.0572 0.1646
vn 0.9940 -0.0814 0.0725
vn 0.9951 0.0976 -0.0183
vn 0.9835 0.1802 -0.0165
vn 0.9733 0.1944 -0.1224
vn 0.9472 0.2471 -0.2046
vn 0.9104 0.3429 -0.2315
vn 0.8088 0.4967 -0.3149
vn 0.9262 0.2952 -0.2344
vn 0.9536 0.2323 -0.1914
vn 0.9769 0.2016 -0.0710
vn 0.9813 0.1920 -0.0158
vn 0.9992 0.0355 0.0175
vn 0.9914 0.0022 0.1307
vn 0.9867 0.0609 0.1506
vn 0.9865 0.0751 0.1458
vn 0.9728 0.1413 0.1836
vn 0.9878 0.0804 0.1336
vn 0.9878 0.0895 0.1272
vn 0.9993 -0.0132 0.0338
vn 0.9862 0.1189 0.1152
vn 0.9285 -0.3687 0.0438
vn 0.6448 0.7087 -0.2865
vn 0.3993 -0.9164 0.0279
vn 0.7624 -0.6461 0.0360
vn 0.9149 -0.3989 0.0614
vn 0.9258 -0.3781 0.0014
vn 0.8927 -0.4482 0.0460
vn 0.5606 -0.8276 0.0289
vn 0.1123 0.9853 0.1291
vn 0.4066 -0.9135 0.0133
vn 0.7825 -0.6226 -0.0013
vn 0.9735 -0.2285 -0.0065
vn 0.4693 0.8769 0.1038
vn 0.9675 -0.2325 -0.0992
vn 0.5786 -0.8156 0.0074
vn 0.9222 -0.3866 -0.0093
vn 0.9967 -0.0814 -0.0006
vn 0.6914 0.7205 0.0535
vn 0.2247 0.9655 0.1316
vn 0.2011 -0.9795 0.0153
vn 0.0249 0.9906 0.1346
vn 0.6541 0.5529 -0.5163
vn 0.7407 0.4286 -0.5174
vn 0.6962 0.6753 0.2434
vn 0.7107 0.6360 -0.3008
vn 0.6601 0.7251 0.1964
vn 0.7395 0.6511 0.1709
vn 0.7803 0.6159 0.1083
vn 0.7532 0.6427 0.1400
vn 0.7425 0.6378 0.2048
vn 0.8189 0.5675 0.0856
vn 0.8568 0.5124 0.0571
vn 0.8643 0.5030 0.0027
vn 0.8659 0.4782 -0.1469
vn 0.8913 0.3851 -0.2394
vn 0.8528 0.3859 -0.3519
vn 0.8138 0.3615 -0.4550
vn 0.7868 0.4185 -0.4536
vn 0.7866 0.6105 0.0926
vn 0.6828 0.5192 -0.5140
vn 0.7932 0.3681 -0.4850
vn 0.8045 0.3963 -0.4425
vn 0.8546 0.4271 -0.2955
vn 0.8862 0.4085 -0.2185
vn 0.8354 0.5468 -0.0561
vn 0.7916 0.6110 0.0037
vn 0.7326 0.6796 0.0379
vn 0.6706 0.7385 0.0701
vn 0.6524 0.7005 0.2893
vn 0.6281 0.7703 0.1101
vn 0.6098 0.7765 0.1588
vn 0.6165 0.7614 0.2005
vn 0.6717 0.7222 0.1652
vn 0.6898 0.5074 -0.5165
vn 0.1357 0.9905 0.0214
vn 0.2638 0.9046 0.3349
vn 0.2229 0.9692 0.1048
vn 0.3017 0.9045 0.3014
vn 0.2691 0.9421 0.2000
vn 0.2873 0.9421 0.1731
vn 0.0041 0.9918 0.1279
vn 0.0013 0.9999 0.0100
vn 0.3231 0.9089 0.2639
vn 0.0692 0.9947 -0.0761
vn 0.1620 0.9754 -0.1498
vn 0.3074 0.9285 -0.2081
vn 0.4807 0.8210 -0.3081
vn 0.5563 0.6845 -0.4711
vn 0.6219 0.5329 -0.5739
vn 0.5651 0.4779 -0.6726
vn 0.5496 0.4914 -0.6756
vn 0.7513 0.5045 -0.4256
vn 0.8686 0.4632 -0.1761
vn 0.9709 0.2376 0.0305
vn 0.9719 0.1120 0.2070
vn 0.7175 0.0648 0.6935
vn 0.8556 0.4366 -0.2779
vn 0.3112 0.9467 0.0826
vn 0.6983 0.5134 -0.4988
vn 0.6310 0.5265 -0.5698
vn 0.2901 0.9506 0.1103
vn 0.1922 0.9532 -0.2333
vn 0.8070 0.4928 -0.3255
vn 0.9243 0.0649 0.3760
vn 0.3574 -0.1140 0.9270
vn 0.9729 0.2211 0.0673
vn 0.9387 0.3396 -0.0593
vn 0.6853 0.5318 -0.4977
vn 0.8510 0.4525 -0.2666
vn 0.6148 0.4482 -0.6490
vn 0.6239 0.4835 -0.6140
vn 0.5899 0.6082 -0.5312
vn 0.6000 0.7113 -0.3661
vn 0.5136 0.8330 -0.2055
vn 0.3453 0.9265 -0.1498
vn 0.2271 0.9696 -0.0908
vn 0.1490 0.9886 -0.0193
vn 0.3491 0.8749 0.3358
vn 0.1121 0.9911 0.0718
vn 0.1462 0.9746 0.1695
vn 0.2613 0.9554 0.1374
vn 0.2876 0.9574 0.0275
vn 0.2990 0.8955 0.3297
vn 0.2664 0.9615 0.0674
vn 0.2114 0.9456 0.2473
vn 0.2443 0.9377 0.2473
vn 0.1565 0.9856 -0.0643
vn 0.3993 -0.9166 0.0208
vn 0.7749 -0.6314 0.0275
vn 0.9239 -0.3799 0.0455
vn 0.2606 0.9644 0.0440
vn 0.1484 0.9869 -0.0639
vn 0.9047 -0.4238 0.0436
vn 0.5664 -0.8236 0.0287
vn 0.3992 -0.9164 0.0279
vn 0.7697 -0.6375 0.0354
vn 0.9202 -0.3868 0.0597
vn 0.2015 0.9791 0.0275
vn 0.5640 -0.8253 0.0288
vn 0.9000 -0.4337 0.0445
vn 0.1239 0.9807 -0.1513
vn 0.2138 0.9769 0.0042
vn 0.3017 0.9529 0.0300
vn 0.5693 -0.8221 -0.0012
vn 0.9082 -0.4185 -0.0037
vn 0.2797 0.9598 0.0241
vn 0.1985 -0.9801 -0.0058
vn 0.0318 0.9992 0.0257
vn 0.4491 -0.8840 0.1295
vn 0.7631 -0.5923 0.2585
vn 0.9460 -0.2411 0.2167
vn 0.9865 -0.0478 0.1568
vn 0.8647 0.4611 0.1994
vn 0.4371 0.8561 0.2759
vn 0.1236 0.9275 0.3529
vn 0.9756 0.1595 0.1512
vn 0.6360 0.7313 0.2462
vn 0.2972 0.9034 0.3090
vn 0.3771 0.8719 0.3124
vn 0.7408 0.6219 0.2538
vn 0.9834 0.0787 0.1635
vn 0.0075 0.9314 0.3639
vn 0.5808 -0.7989 0.1562
vn 0.9185 -0.3396 0.2026
vn 0.9804 -0.1005 0.1695
vn 0.9435 0.2705 0.1916
vn 0.5621 0.7770 0.2832
vn 0.2622 0.9005 0.3468
vn 0.2029 -0.9742 0.0987
vn 0.7646 0.5672 -0.3059
vn 0.3045 0.9415 -0.1446
vn 0.8061 0.5313 -0.2606
vn 0.5846 0.7948 -0.1630
vn 0.4447 0.8877 -0.1189
vn 0.1997 0.9769 -0.0756
vn 0.3532 0.9173 -0.1841
vn 0.6965 0.6831 -0.2197
vn 0.7535 0.4425 -0.4862
vn 0.9225 0.3582 -0.1438
vn 0.9262 0.1999 -0.3196
vn 0.9658 0.1901 -0.1763
vn 0.9743 0.1944 -0.1135
vn 0.9771 -0.1260 -0.1716
vn 0.9564 0.2732 -0.1031
vn 0.9868 0.0765 -0.1428
vn 0.7771 -0.4284 -0.4610
vn 0.9141 -0.3274 -0.2393
vn 0.6490 0.3885 -0.6542
vn 0.5460 -0.7941 -0.2670
vn 0.5268 -0.7976 -0.2938
vn 0.4717 -0.2387 -0.8488
vn 0.6843 -0.7080 -0.1747
vn 0.7068 -0.6760 -0.2083
vn 0.7128 -0.6999 -0.0448
vn 0.5457 -0.8301 -0.1144
vn 0.8465 -0.5279 -0.0687
vn -0.1040 -0.8817 0.4601
vn 0.7241 -0.6524 -0.2238
vn 0.5706 -0.7956 -0.2033
vn 0.9696 0.1662 -0.1796
vn 0.9867 0.1393 -0.0833
vn 0.9785 0.1755 -0.1082
vn 0.9534 -0.2591 -0.1543
vn 0.9663 -0.1773 -0.1867
vn 0.9908 -0.1124 -0.0755
vn -0.1144 0.8102 -0.5749
vn 0.8549 -0.4728 -0.2138
vn 0.9877 0.0305 -0.1536
vn 0.9877 0.0564 -0.1461
vn 0.9639 0.2450 -0.1044
vn 0.9610 0.2572 -0.1017
vn -0.5128 0.7911 -0.3335
vn 0.7309 -0.1314 -0.6697
vn 0.6890 0.2213 -0.6902
vn 0.4383 -0.6847 -0.5823
vn 0.6002 -0.2824 -0.7483
vn 0.2434 -0.6902 -0.6815
vn 0.9741 0.1992 -0.1072
vn 0.9767 -0.0739 -0.2016
vn 0.7595 -0.5506 -0.3464
vn 0.9100 -0.2849 -0.3012
vn 0.9543 0.2832 -0.0960
vn 0.9863 0.0899 -0.1385
vn 0.3626 -0.8671 -0.3416
vn 0.5982 -0.6784 -0.4265
vn 0.1169 -0.9498 -0.2901
vn 0.3349 -0.8896 -0.3107
vn 0.3995 -0.9163 0.0279
vn 0.0897 0.9754 -0.2014
vn 0.7544 -0.6554 0.0366
vn 0.9088 -0.4125 0.0632
vn 0.1659 0.9669 -0.1941
vn 0.5577 -0.8295 0.0289
vn 0.8862 -0.4608 0.0471
vn 0.1406 0.9677 -0.2094
vn 0.0232 0.9802 -0.1967
vn 0.9801 -0.1984 -0.0011
vn 0.9842 -0.1748 0.0275
vn 0.8320 -0.5541 0.0270
vn 0.9077 -0.3192 -0.2724
vn 0.8368 0.1039 -0.5375
vn 0.8542 -0.4288 0.2940
vn 0.7811 0.2608 -0.5673
vn 0.4256 0.6382 -0.6416
vn 0.7599 0.0239 0.6496
vn 0.3040 0.8603 -0.4092
vn 0.8363 -0.5470 0.0378
vn 0.4662 0.7330 0.4953
vn 0.8228 -0.5597 0.0982
vn 0.1652 0.9609 -0.2223
vn 0.1300 0.9912 0.0251
vn 0.1200 0.9923 -0.0294
vn 0.8301 -0.5492 0.0967
vn 0.8341 -0.5515 -0.0130
vn 0.8198 -0.5642 0.0977
vn 0.7912 -0.2452 0.5603
vn 0.7969 -0.2474 0.5511
vn 0.4641 0.5032 -0.7290
vn 0.6808 0.3640 0.6356
vn 0.4709 0.5913 -0.6547
vn 0.2279 0.9538 0.1957
vn 0.8272 -0.5534 0.0973
vn 0.1272 0.9917 0.0177
vn 0.1383 0.9888 0.0553
vn 0.1462 0.9798 -0.1362
vn 0.1195 0.9928 0.0103
vn 0.7774 -0.6192 0.1101
vn -0.2740 0.9610 0.0365
vn -0.1798 0.9663 -0.1841
vn -0.2320 0.9657 -0.1164
vn -0.1098 0.9690 -0.2214
vn -0.1767 0.9589 0.2218
vn -0.2802 0.9599 0.0065
vn 0.5146 0.3400 0.7872
vn 0.7772 -0.6194 0.1108
vn 0.2736 0.6753 0.6849
vn 0.4038 0.5790 -0.7083
vn 0.5855 0.1102 0.8032
vn 0.3134 0.5642 -0.7638
vn 0.6726 -0.3325 0.6611
vn 0.4698 0.1942 -0.8611
vn 0.6933 -0.3631 0.6225
vn 0.7799 -0.6259 -0.0064
vn 0.6289 -0.7694 0.1117
vn 0.3355 -0.9381 0.0860
vn 0.7901 -0.6052 0.0970
vn 0.3648 0.9310 -0.0122
vn 0.3462 0.9372 -0.0419
vn 0.2066 0.9777 -0.0372
vn 0.3027 0.9530 0.0101
vn 0.2716 0.9609 0.0532
vn 0.3261 0.9446 0.0371
vn 0.1673 0.9858 0.0128
vn 0.2305 0.9654 0.1223
vn 0.2974 0.9514 0.0800
vn 0.1393 0.9886 0.0577
vn 0.1707 0.9558 0.2396
vn 0.2411 0.9542 0.1772
vn 0.0890 0.9834 0.1581
vn 0.0996 0.9130 0.3956
vn 0.1689 0.9320 0.3206
vn 0.0308 0.9519 0.3048
vn 0.0149 0.8053 0.5926
vn 0.0994 0.8782 0.4679
vn -0.0177 0.8910 0.4537
vn -0.3341 -0.7375 0.5869
vn -0.2633 0.0457 0.9636
vn -0.2474 0.1303 0.9601
vn -0.2203 -0.9751 0.0275
vn -0.2927 -0.9362 0.1946
vn -0.1916 -0.9530 0.2348
vn -0.1802 -0.9802 -0.0823
vn -0.2185 -0.9739 -0.0613
vn -0.1084 -0.9933 -0.0407
vn -0.1853 -0.9802 -0.0693
vn -0.2061 -0.9745 -0.0886
vn -0.0917 -0.9933 -0.0710
vn -0.1562 -0.9827 -0.0996
vn -0.2154 -0.9741 -0.0686
vn -0.1000 -0.9939 -0.0475
vn -0.0408 -0.9746 -0.2203
vn -0.1158 -0.9770 -0.1792
vn -0.0124 -0.9886 -0.1499
vn 0.1311 -0.9202 -0.3688
vn 0.0053 -0.9568 -0.2908
vn 0.0993 -0.9604 -0.2604
vn 0.7415 -0.0232 -0.6706
vn 0.4412 -0.6732 -0.5934
vn 0.4425 -0.6988 -0.5620
vn 0.5863 0.6561 -0.4752
vn 0.4523 0.8849 -0.1114
vn 0.0835 0.9925 -0.0898
vn 0.0212 0.9994 -0.0262
vn -0.0191 0.9993 0.0318
vn -0.0764 0.9833 0.1651
vn -0.1200 0.9257 0.3587
vn -0.1327 0.8276 0.5454
vn -0.1993 0.1553 0.9676
vn -0.0798 -0.9316 0.3547
vn 0.0081 -0.9997 -0.0221
vn 0.0313 -0.9975 -0.0626
vn 0.0227 -0.9993 -0.0303
vn 0.1420 -0.9777 -0.1545
vn 0.2733 -0.9235 -0.2691
vn 0.5525 -0.6421 -0.5315
vn 0.2170 0.9533 -0.2098
vn -0.0969 0.9148 0.3920
vn -0.0512 0.9747 0.2177
vn -0.0099 -0.9992 -0.0397
vn -0.0080 -0.9984 -0.0558
vn 0.6878 -0.0010 -0.7259
vn -0.0025 0.9964 0.0852
vn 0.0384 0.9992 0.0080
vn -0.0530 -0.9961 0.0704
vn -0.2075 -0.7160 0.6666
vn 0.0742 0.9964 -0.0402
vn 0.1272 0.9870 -0.0986
vn 0.2859 -0.8925 -0.3488
vn 0.1379 -0.9698 -0.2013
vn -0.1406 0.7861 0.6019
vn 0.0221 -0.9971 -0.0735
vn 0.1377 0.9840 -0.1131
vn 0.0328 0.9989 -0.0321
vn -0.0319 0.9984 0.0457
vn -0.1092 0.9675 0.2279
vn -0.1337 0.8634 0.4865
vn -0.0889 0.6808 0.7271
vn -0.0377 0.1680 0.9851
vn -0.0347 -0.8649 0.5008
vn 0.0143 -0.9987 -0.0480
vn 0.0488 -0.9947 -0.0909
vn 0.0370 -0.9985 -0.0399
vn 0.2186 -0.9592 -0.1792
vn 0.3940 -0.8749 -0.2818
vn 0.6621 -0.6020 -0.4463
vn 0.3324 0.9121 -0.2399
vn 0.0742 0.9947 -0.0705
vn 0.1851 0.9710 -0.1515
vn 0.5423 0.7327 -0.4113
vn 0.0307 -0.9963 -0.0803
vn -0.0197 -0.9899 0.1405
vn 0.0020 1.0000 -0.0014
vn 0.0328 -0.9982 -0.0498
vn -0.0662 0.9910 0.1162
vn 0.0946 -0.9913 -0.0912
vn -0.1181 0.9380 0.3259
vn 0.2787 -0.9318 -0.2325
vn -0.1215 0.8053 0.5803
vn 0.4554 -0.8187 -0.3497
vn -0.0854 0.5882 0.8042
vn 0.7813 -0.1815 -0.5971
vn -0.0889 -0.5603 0.8235
vn 0.1126 -0.8611 0.4959
vn 0.8924 -0.4123 -0.1831
vn -0.2698 0.3362 -0.9023
vn 0.6969 -0.6713 0.2523
vn 0.7244 0.0917 -0.6832
vn 0.9884 -0.0976 -0.1161
vn 0.0096 0.8981 -0.4397
vn 0.1989 -0.9486 0.2460
vn -0.1930 0.8944 -0.4036
vn 0.7057 0.5592 -0.4350
vn -0.0431 -0.9004 0.4329
vn 0.7262 -0.6678 0.1632
vn 0.9931 -0.0454 -0.1080
vn -0.0086 0.8782 -0.4781
vn 0.1365 -0.9501 0.2803
vn 0.6643 0.6531 -0.3635
vn 0.7154 -0.6884 0.1196
vn 0.6429 -0.4303 -0.6336
vn 0.0474 0.1600 -0.9860
vn 0.1393 -0.9737 -0.1803
vn 0.6794 -0.7261 0.1060
vn 0.5979 0.4884 -0.6356
vn -0.7243 0.4109 -0.5536
vn -0.9615 0.2115 -0.1755
vn -0.6396 0.5487 -0.5384
vn -0.6675 0.5254 -0.5277
vn -0.9804 0.0737 -0.1825
vn 0.4032 0.5158 -0.7559
vn 0.4785 0.0281 -0.8776
vn 0.3170 -0.3867 -0.8660
vn -0.2347 0.0005 -0.9721
vn -0.0453 -0.1001 -0.9939
vn -0.0563 0.1636 -0.9849
vn -0.1962 0.0919 -0.9763
vn 0.9943 0.1063 -0.0021
vn 0.6322 0.7730 0.0539
vn 0.7341 0.6788 0.0193
vn 0.7123 0.6991 0.0623
vn 0.9924 0.1234 -0.0001
vn 0.9898 0.1418 -0.0097
vn 0.9957 0.0929 -0.0060
vn 0.6678 0.7409 -0.0718
vn 0.9944 0.1060 -0.0039
vn 0.7379 0.6736 -0.0426
vn 0.8187 0.5437 0.1846
vn 0.9951 0.0983 -0.0059
vn 0.6326 0.7732 -0.0440
vn 0.9920 0.1259 -0.0011
vn 0.9930 0.1182 -0.0050
vn 0.7231 0.6862 -0.0787
vn 0.9954 0.0952 -0.0058
vn 0.6428 0.7613 -0.0854
vn 0.6144 0.7845 -0.0845
vn 0.7185 0.6910 -0.0792
vn 0.9934 0.1142 -0.0048
vn 0.6395 0.7664 0.0601
vn 0.9905 0.1372 0.0026
vn 0.7244 0.6875 0.0503
vn 0.9959 0.0895 -0.0145
vn 0.9227 0.3827 -0.0457
vn 0.7350 0.6780 0.0021
vn 0.9950 0.0989 -0.0104
vn 0.7473 0.6629 -0.0450
vn 0.8015 0.5963 -0.0448
vn 0.9855 0.1663 -0.0347
vn 0.7707 0.6366 -0.0276
vn 0.9941 0.1050 -0.0263
vn 1.0000 -0.0000 -0.0004
vn 0.5348 0.8448 -0.0159
vn 0.3883 0.9198 0.0558
vn 0.4612 0.8851 0.0633
vn 0.5603 0.8253 0.0704
vn 0.9947 0.1025 0.0004
vn 0.9993 0.0370 -0.0040
vn 0.9992 0.0386 -0.0028
vn 0.5348 0.8414 -0.0784
vn 0.6271 0.7789 -0.0123
vn 0.7598 0.6490 -0.0388
vn 0.9920 0.0927 -0.0861
vn 0.9922 0.1124 -0.0538
vn 0.7313 0.6775 -0.0791
vn 0.3236 0.9453 0.0404
vn 0.9991 -0.0415 0.0064
vn 0.5477 0.8356 -0.0425
vn 1.0000 0.0006 -0.0011
vn 0.9805 -0.1063 0.1650
vn 0.9657 0.1972 -0.1690
vn 0.8003 0.5841 -0.1352
vn 0.3544 0.9345 0.0343
vn 0.3531 0.9354 -0.0161
vn 0.9849 0.1727 -0.0108
vn 0.9954 0.0933 -0.0208
vn 0.9841 -0.1672 -0.0596
vn 0.5867 0.6330 -0.5051
vn 0.8272 0.5461 0.1322
vn 0.3488 0.9264 0.1421
vn 0.2291 0.9728 0.0358
vn 0.2179 0.9757 0.0238
vn 0.9779 -0.2060 0.0344
vn 0.2642 0.9633 0.0478
vn 0.5035 0.8353 -0.2208
vn 0.7144 0.5255 -0.4621
vn 0.2869 0.9494 -0.1276
vn 0.6147 0.5368 -0.5780
vn 0.3227 0.8943 -0.3100
vn 0.7815 0.3235 -0.5335
vn 0.3428 0.9375 0.0594
vn 0.6412 0.7666 -0.0349
vn 0.9909 0.1241 -0.0520
vn 0.9999 0.0104 -0.0000
vn 0.4168 0.9084 -0.0325
vn 0.9998 0.0134 -0.0153
vn 0.6234 0.7814 0.0271
vn 0.7813 0.6181 -0.0869
vn 0.7668 0.6413 -0.0260
vn 0.9991 0.0413 -0.0022
vn 0.9987 0.0511 -0.0045
vn 0.4467 0.8942 0.0310
vn 0.7581 0.6519 -0.0189
vn 0.9866 0.1408 -0.0827
vn 0.9147 0.3806 -0.1356
vn 0.9992 0.0388 -0.0031
vn 0.4735 0.8768 -0.0837
vn 0.9959 0.0759 -0.0488
vn 0.7192 0.6946 -0.0171
vn 0.9162 0.3977 -0.0485
vn 0.9938 0.1063 -0.0320
vn 0.9962 0.0662 -0.0563
vn 0.9993 -0.0383 0.0017
vn 0.8925 0.4250 -0.1510
vn 0.6919 0.7190 -0.0648
vn 0.9991 0.0397 0.0151
vn 0.9054 0.3944 -0.1571
vn 0.4638 0.8858 -0.0180
vn 0.9992 -0.0390 0.0086
vn 0.9995 -0.0309 0.0030
vn 0.7349 0.6614 -0.1502
vn 0.3700 0.9287 0.0231
vn 0.5710 0.8197 0.0447
vn 0.3584 0.9331 0.0301
vn 0.9993 -0.0371 0.0053
vn 0.4419 0.8956 0.0505
vn 0.3444 0.9376 0.0480
vn 0.9994 -0.0358 -0.0028
vn 0.9999 -0.0139 -0.0022
vn -0.1058 0.9937 -0.0369
vn -0.1290 0.9915 0.0150
vn -0.1276 0.9896 0.0660
vn -0.1103 0.9875 0.1127
vn -0.1075 0.9703 0.2166
vn -0.0957 0.9489 0.3007
vn -0.1156 0.9342 0.3375
vn 0.0155 0.9696 0.2441
vn 0.1267 0.9824 0.1374
vn 0.1279 0.9918 -0.0059
vn 0.0454 0.9946 -0.0936
vn -0.0465 0.9832 -0.1765
vn -0.2027 0.9495 -0.2393
vn -0.2716 0.8780 -0.3941
vn -0.3612 0.8641 -0.3505
vn -0.5114 0.6974 -0.5021
vn -0.7009 0.4891 -0.5191
vn -0.6695 0.6133 -0.4191
vn -0.7231 0.5357 -0.4360
vn -0.7724 0.6083 -0.1827
vn -0.6780 0.2907 0.6751
vn -0.5615 -0.3070 0.7684
vn -0.7836 -0.2583 0.5650
vn -0.5336 -0.4718 0.7019
vn -0.7924 -0.3976 0.4625
vn -0.6962 -0.6297 0.3447
vn -0.7188 -0.6657 0.2006
vn -0.5865 -0.8038 0.0996
vn -0.5464 -0.8326 0.0911
vn -0.4056 -0.9117 0.0647
vn -0.4056 -0.9133 0.0375
vn -0.4065 -0.9137 -0.0006
vn -0.3994 -0.9168 0.0068
vn -0.3999 -0.9153 -0.0475
vn -0.4016 -0.9073 -0.1246
vn -0.5402 -0.8401 -0.0487
vn -0.5306 -0.6967 -0.4828
vn -0.3964 -0.7970 -0.4558
vn -0.3926 -0.5384 -0.7456
vn -0.5258 0.6705 -0.5233
vn -0.1840 0.9706 -0.1551
vn -0.0969 0.9934 -0.0607
vn -0.0726 0.9841 -0.1620
vn -0.0817 0.9909 -0.1073
vn -0.8767 -0.4710 0.0981
vn -0.8178 -0.5650 0.1096
vn -0.7790 -0.6252 0.0468
vn -0.7745 -0.6320 0.0253
vn -0.7861 -0.6181 0.0077
vn -0.7765 -0.6300 0.0116
vn -0.7330 -0.6798 -0.0224
vn -0.9348 -0.3327 0.1246
vn -0.9114 -0.3956 0.1131
vn -0.9767 -0.1889 0.1021
vn -0.9735 -0.2231 0.0502
vn -0.9791 -0.2034 0.0100
vn -0.9561 -0.2887 -0.0493
vn -0.9759 -0.1559 0.1529
vn -0.9783 -0.1787 0.1049
vn -0.9894 -0.0122 0.1448
vn -0.9968 -0.0230 0.0771
vn -0.9942 0.0761 -0.0765
vn -0.9941 0.1030 -0.0343
vn -0.8655 0.4762 0.1556
vn -0.9390 0.3308 0.0943
vn -0.7950 0.4784 -0.3730
vn -0.3717 0.9081 0.1930
vn -0.4899 0.7993 0.3481
vn -0.4731 0.8321 0.2895
vn -0.8737 0.4654 0.1419
vn -0.3514 0.9280 0.1240
vn -0.8892 0.4401 0.1247
vn -0.4034 -0.9150 -0.0038
vn -0.7779 -0.6284 0.0074
vn -0.4056 -0.9139 0.0132
vn -0.7793 -0.6266 -0.0014
vn -0.9739 -0.2268 -0.0069
vn -0.4683 0.8711 0.1476
vn -0.3693 0.9279 0.0517
vn -0.5600 -0.8237 0.0890
vn -0.8349 -0.5430 0.0896
vn -0.9046 -0.4135 0.1036
vn -0.9711 -0.2088 0.1153
vn -0.5654 -0.8200 0.0888
vn -0.8532 -0.5141 0.0885
vn -0.9125 -0.3931 0.1133
vn -0.9709 -0.1988 0.1331
vn -0.0694 0.9432 0.3249
vn -0.4913 -0.8632 0.1164
vn -0.7803 -0.5879 0.2132
vn -0.9325 -0.3107 0.1839
vn -0.9865 -0.0969 0.1324
vn -0.8653 0.4690 0.1770
vn -0.4136 0.8753 0.2507
vn -0.9098 0.3992 0.1139
vn -0.4319 0.9019 -0.0086
vn -0.8792 -0.4701 0.0775
vn -0.9716 -0.2139 0.1015
vn -0.9843 -0.0775 0.1587
vn -0.9305 0.3550 0.0903
vn -0.8552 -0.5028 0.1256
vn -0.9937 -0.1069 0.0339
vn -0.9995 -0.0071 0.0299
vn -0.9347 0.3544 0.0259
vn -0.8785 -0.3997 0.2616
vn -0.9810 -0.1275 0.1461
vn -0.9980 0.0626 -0.0066
vn -0.9264 0.3638 -0.0970
vn -0.9336 -0.1564 0.3224
vn -0.9755 -0.0232 0.2189
vn -0.9916 0.0948 0.0884
vn -0.9436 0.2986 -0.1429
vn -0.9411 -0.0765 0.3294
vn -0.9849 0.0046 0.1729
vn -0.9942 0.1048 0.0250
vn -0.9187 0.3091 -0.2460
vn -0.9505 -0.0246 0.3098
vn -0.9875 0.0669 0.1427
vn -0.9842 0.1726 -0.0397
vn -0.8861 0.3140 -0.3408
vn -0.9698 0.0543 0.2378
vn -0.9829 0.1708 0.0692
vn -0.9535 0.2861 -0.0951
vn -0.8503 0.3960 -0.3466
vn -0.5273 0.8478 -0.0565
vn -0.6471 0.7568 -0.0921
vn -0.7693 0.6059 -0.2026
vn -0.7243 0.5651 -0.3950
vn -0.6891 0.5103 -0.5146
vn -0.6969 0.4261 -0.5769
vn -0.6837 0.4148 -0.6004
vn -0.8171 0.5763 -0.0159
vn -0.8267 0.5161 0.2240
vn -0.7415 -0.1145 0.6611
vn -0.7390 -0.1563 0.6553
vn -0.4690 -0.2102 0.8578
vn -0.7520 -0.1875 0.6320
vn -0.5194 -0.2355 0.8214
vn -0.6473 -0.7493 0.1394
vn -0.7481 0.5840 -0.3152
vn -0.9601 -0.0921 0.2641
vn -0.9878 0.1009 0.1183
vn -0.9338 -0.3574 -0.0184
vn -0.9878 0.0838 0.1309
vn -0.9872 0.0777 0.1395
vn -0.9817 0.1403 0.1290
vn -0.9862 0.0708 0.1499
vn -0.9883 0.0377 0.1477
vn -0.9967 -0.0154 0.0791
vn -0.9905 0.1369 -0.0107
vn -0.9804 0.1951 -0.0288
vn -0.9672 0.2155 -0.1348
vn -0.9395 0.2598 -0.2231
vn -0.9008 0.3558 -0.2490
vn -0.3994 -0.9164 0.0279
vn -0.7582 -0.6510 0.0363
vn -0.1367 0.9903 0.0232
vn -0.1146 0.9842 0.1350
vn -0.4073 -0.9132 0.0130
vn -0.7849 -0.6197 -0.0027
vn -0.9730 -0.2307 -0.0054
vn -0.8808 0.4053 -0.2447
vn -0.4639 0.8841 0.0564
vn -0.9856 -0.0788 -0.1498
vn -0.7047 0.4974 -0.5059
vn -0.7123 0.6619 0.2334
vn -0.6100 0.7717 0.1800
vn -0.6461 0.7581 0.0887
vn -0.6638 0.7383 0.1198
vn -0.6161 0.7761 0.1345
vn -0.6263 0.7470 0.2230
vn -0.7004 0.7118 0.0536
vn -0.7641 0.6447 0.0214
vn -0.8128 0.5823 -0.0151
vn -0.8666 0.4786 -0.1414
vn -0.8796 0.4040 -0.2512
vn -0.8283 0.4188 -0.3722
vn -0.7907 0.3772 -0.4822
vn -0.7721 0.4185 -0.4782
vn -0.3359 0.8789 0.3387
vn -0.2585 0.9652 0.0389
vn -0.2595 0.9189 0.2970
vn -0.1772 0.9615 0.2102
vn -0.2510 0.9491 0.1902
vn -0.1216 0.9850 0.1226
vn -0.1229 0.9921 0.0234
vn -0.2517 0.9260 0.2813
vn -0.1842 0.9812 -0.0567
vn -0.2801 0.9522 -0.1221
vn -0.4241 0.8890 -0.1725
vn -0.5824 0.7663 -0.2711
vn -0.5898 0.6645 -0.4590
vn -0.6062 0.5405 -0.5835
vn -0.6292 0.4534 -0.6313
vn -0.6009 0.4745 -0.6433
vn -0.7462 0.5183 -0.4177
vn -0.9009 0.4053 -0.1551
vn -0.9605 0.2783 -0.0017
vn -0.9706 0.1539 0.1852
vn -0.7345 -0.0428 0.6772
vn -0.8274 0.4726 -0.3034
vn -0.1564 0.9788 -0.1326
vn -0.2744 0.9547 0.1151
vn -0.6619 0.5447 -0.5150
vn -0.3992 -0.9165 0.0279
vn -0.7721 -0.6345 0.0353
vn -0.7761 -0.6306 -0.0011
vn -0.2387 0.9704 0.0361
vn -0.7665 -0.6413 0.0357
vn -0.4007 -0.9162 -0.0038
vn -0.2475 0.9682 0.0360
vn -0.4182 -0.9011 0.1149
vn -0.7749 -0.6013 0.1947
vn -0.9650 -0.1850 0.1860
vn -0.9866 -0.0123 0.1625
vn -0.8652 0.4481 0.2251
vn -0.4592 0.8364 0.2993
vn -0.1186 0.9244 0.3626
vn -0.9716 0.1628 0.1718
vn -0.6437 0.7165 0.2689
vn -0.3346 0.8839 0.3266
vn -0.8315 0.3905 -0.3952
vn -0.7665 0.6166 -0.1799
vn -0.3801 0.9178 -0.1149
vn -0.8263 0.3363 -0.4519
vn -0.4822 0.8596 -0.1691
vn -0.9740 0.1974 -0.1115
vn -0.9780 -0.0945 -0.1859
vn -0.5725 0.0865 -0.8153
vn -0.7426 -0.6061 -0.2849
vn -0.3951 -0.5047 -0.7676
vn -0.3327 -0.8975 -0.2894
vn -0.6911 -0.7164 -0.0958
vn -0.6952 -0.6865 -0.2132
vn -0.7135 -0.6703 -0.2040
vn -0.9789 0.1714 -0.1110
vn -0.9764 0.1853 -0.1106
vn -0.9579 -0.2057 -0.2001
vn -0.9730 -0.1518 -0.1741
vn -0.7485 -0.6039 0.2739
vn 0.1237 -0.8600 0.4951
vn -0.6657 -0.0219 -0.7459
vn -0.9737 0.2031 -0.1033
vn -0.9756 -0.0752 -0.2063
vn -0.7698 -0.5084 -0.3858
vn -0.0842 0.9758 -0.2017
vn -0.7510 -0.6593 0.0368
vn -0.9856 -0.1675 0.0251
vn -0.9259 -0.3776 -0.0072
vn -0.9258 -0.3778 0.0167
vn -0.9061 -0.4181 0.0637
vn -0.9566 -0.2886 -0.0411
vn -0.9695 -0.1007 0.2236
vn -0.9516 -0.2895 0.1034
vn -0.9689 -0.0967 0.2278
vn -0.7775 0.5591 0.2881
vn -0.9259 0.2229 0.3051
vn -0.9266 -0.3755 0.0213
vn -0.2841 0.9528 0.1069
vn -0.4648 0.8777 0.1172
vn -0.9179 -0.3921 0.0604
vn -0.9117 -0.4061 0.0624
vn -0.1739 0.9611 -0.2145
vn -0.2968 0.9546 0.0262
vn -0.2771 0.9602 0.0339
vn -0.2874 0.9568 0.0429
vn -0.1731 0.9848 -0.0133
vn -0.9220 -0.3826 0.0591
vn -0.2334 0.9713 0.0466
vn -0.7795 -0.6262 -0.0153
vn -0.7785 -0.6182 0.1085
vn -0.4913 0.1133 -0.8636
vn -0.4395 0.2911 -0.8498
vn -0.3084 0.6050 -0.7340
vn -0.5699 0.2182 0.7922
vn -0.3904 0.5585 -0.7319
vn -0.7785 -0.6261 0.0440
vn -0.0505 0.8877 0.4576
vn -0.4029 0.5061 0.7626
vn 0.0592 0.9590 -0.2772
vn 0.0884 0.9653 -0.2457
vn 0.1424 0.9684 -0.2047
vn -0.7772 -0.6194 0.1111
vn -0.6181 -0.7789 0.1065
vn -0.3903 0.9197 -0.0417
vn -0.2315 0.9706 -0.0655
vn -0.3453 0.9384 0.0119
vn -0.1859 0.9825 -0.0121
vn -0.3119 0.9484 0.0571
vn -0.1545 0.9875 0.0321
vn -0.2719 0.9545 0.1225
vn -0.1150 0.9880 0.1029
vn -0.2084 0.9480 0.2406
vn -0.0619 0.9727 0.2235
vn -0.1312 0.9075 0.3991
vn -0.0036 0.9235 0.3837
vn -0.0378 0.7985 0.6009
vn 0.0630 0.8087 0.5849
vn 0.3516 -0.7610 0.5452
vn 0.2712 -0.7442 0.6104
vn 0.2451 -0.9693 0.0175
vn 0.1377 -0.9895 0.0443
vn 0.2074 -0.9744 -0.0872
vn 0.0955 -0.9931 -0.0684
vn 0.2158 -0.9739 -0.0709
vn 0.0981 -0.9937 -0.0546
vn 0.1764 -0.9777 -0.1142
vn 0.0693 -0.9940 -0.0851
vn 0.0599 -0.9705 -0.2335
vn -0.0427 -0.9776 -0.2063
vn -0.1349 -0.9092 -0.3938
vn -0.1981 -0.9144 -0.3531
vn -0.7223 -0.1412 -0.6770
vn -0.7146 -0.0113 -0.6994
vn -0.3996 0.8806 -0.2545
vn -0.5624 0.7906 -0.2423
vn -0.1248 0.9841 -0.1265
vn -0.0505 0.9970 -0.0581
vn -0.0013 1.0000 -0.0012
vn 0.0488 0.9946 0.0913
vn 0.0991 0.9625 0.2525
vn 0.1313 0.8787 0.4589
vn 0.1450 0.7163 0.6826
vn 0.1611 -0.6474 0.7449
vn 0.0240 -0.9948 0.0993
vn -0.0246 -0.9979 -0.0604
vn -0.0235 -0.9989 -0.0395
vn -0.0673 -0.9947 -0.0782
vn -0.2091 -0.9539 -0.2152
vn -0.3701 -0.8584 -0.3552
vn -0.7200 -0.0654 -0.6908
vn -0.3913 0.8430 -0.3691
vn -0.2044 0.9664 -0.1557
vn -0.0807 0.9941 -0.0722
vn -0.0009 1.0000 -0.0000
vn 0.0744 0.9892 0.1260
vn 0.1272 0.9298 0.3453
vn 0.1210 0.7739 0.6216
vn 0.0544 0.5494 0.8338
vn 0.0370 -0.4837 0.8744
vn 0.0128 -0.9921 0.1250
vn -0.0371 -0.9948 -0.0951
vn -0.0385 -0.9977 -0.0562
vn -0.1031 -0.9903 -0.0928
vn -0.3141 -0.9189 -0.2386
vn -0.4992 -0.7957 -0.3429
vn -0.8129 -0.1983 -0.5477
vn -0.5633 0.7266 -0.3934
vn -0.7249 0.5053 -0.4682
vn 0.2412 0.7976 -0.5528
vn -0.7202 -0.6825 0.1241
vn -0.6872 0.6123 -0.3909
vn -0.7109 -0.6852 0.1588
vn -0.6360 0.6514 -0.4138
vn -0.5317 -0.8317 -0.1598
vn -0.4536 0.1501 -0.8785
vn 0.9181 0.2579 -0.3010
vn 0.6407 0.5491 -0.5366
vn 0.6372 0.5477 -0.5422
vn 0.7487 0.4566 -0.4805
vn 0.2829 0.0473 -0.9580
vn 0.0835 0.0774 -0.9935
vn 0.0666 -0.0127 -0.9977
vn -0.1677 0.6812 -0.7126
vn -0.0594 0.9978 -0.0292
vn -0.7138 0.6459 -0.2707
vn -0.9667 0.1842 -0.1779
vn -0.9689 0.1721 -0.1780
vn -0.9907 0.1358 0.0008
vn -0.6487 0.7582 0.0658
vn -1.0000 -0.0001 -0.0018
vn -0.8168 0.4811 -0.3185
vn -0.5926 0.8053 0.0180
vn -0.9857 0.0161 -0.1679
vn -0.9604 -0.2769 -0.0316
vn -0.4680 0.8832 -0.0305
vn -0.6114 0.7868 -0.0847
vn -0.3584 0.9317 0.0593
vn -0.9623 -0.2721 0.0006
vn -0.9948 0.0977 -0.0296
vn -0.9238 0.3803 -0.0444
vn -0.7598 0.6501 -0.0080
vn -0.9942 0.1042 -0.0253
vn -0.7569 0.6524 -0.0378
vn -0.9933 0.1152 -0.0027
vn -0.9949 0.1012 -0.0036
vn -0.6332 0.7718 0.0577
vn -0.6340 0.7730 0.0244
vn -0.4671 0.8839 0.0238
vn -0.9889 -0.0753 0.1282
vn -0.9988 0.0485 0.0004
vn -0.9955 0.0942 -0.0058
vn -0.9958 0.0911 -0.0064
vn -0.6522 0.7532 -0.0854
vn -0.6992 0.7143 -0.0293
vn -0.9953 0.0964 -0.0064
vn -0.6348 0.7678 -0.0872
vn -0.7608 0.6468 -0.0520
vn -0.9744 -0.1893 0.1212
vn -0.9838 -0.0542 0.1706
vn -0.4625 0.8768 0.1317
vn -0.3388 0.9402 0.0357
vn -0.8768 0.2204 -0.4275
vn -0.9840 0.1351 -0.1163
vn -0.5610 0.6822 -0.4689
vn -0.7378 0.6692 -0.0886
vn -0.9767 -0.2116 0.0358
vn -0.3805 0.9239 -0.0411
vn -0.3028 0.9520 0.0457
vn -1.0000 0.0028 -0.0040
vn -0.2867 0.9449 -0.1578
vn -0.9017 0.3939 -0.1782
vn -0.3935 0.9192 -0.0144
vn -0.9987 0.0473 -0.0175
vn -0.6646 0.7470 -0.0173
vn -0.9062 0.4178 -0.0649
vn -0.9952 0.0977 -0.0041
vn 0.1058 0.9937 -0.0369
vn 0.1290 0.9915 0.0150
vn 0.1276 0.9896 0.0660
vn 0.1103 0.9875 0.1127
vn 0.1075 0.9703 0.2166
vn 0.0957 0.9489 0.3007
vn 0.1156 0.9342 0.3375
vn -0.0155 0.9696 0.2441
vn -0.1267 0.9824 0.1374
vn -0.1279 0.9918 -0.0059
vn -0.0454 0.9946 -0.0936
vn 0.0465 0.9832 -0.1765
vn 0.2027 0.9495 -0.2393
vn 0.2716 0.8780 -0.3941
vn 0.3612 0.8641 -0.3505
vn 0.5114 0.6974 -0.5021
vn 0.7009 0.4891 -0.5191
vn 0.6695 0.6133 -0.4191
vn 0.7231 0.5357 -0.4360
vn 0.7724 0.6083 -0.1827
vn 0.6780 0.2907 0.6751
vn 0.5615 -0.3070 0.7684
vn 0.7836 -0.2583 0.5650
vn 0.5336 -0.4718 0.7019
vn 0.7924 -0.3976 0.4625
vn 0.6962 -0.6297 0.3447
vn 0.7188 -0.6657 0.2006
vn 0.5865 -0.8038 0.0996
vn 0.5464 -0.8326 0.0911
vn 0.4056 -0.9117 0.0647
vn 0.4056 -0.9133 0.0375
vn 0.4065 -0.9137 -0.0006
vn 0.3994 -0.9168 0.0068
vn 0.3999 -0.9153 -0.0475
vn 0.4016 -0.9073 -0.1246
vn 0.5402 -0.8401 -0.0487
vn 0.5306 -0.6967 -0.4828
vn 0.3964 -0.7970 -0.4558
vn 0.3926 -0.5384 -0.7456
vn 0.5258 0.6705 -0.5233
vn 0.1840 0.9706 -0.1551
vn 0.0969 0.9934 -0.0607
vn 0.0726 0.9841 -0.1620
vn 0.0817 0.9909 -0.1073
vn 0.8767 -0.4710 0.0981
vn 0.8178 -0.5650 0.1096
vn 0.7790 -0.6252 0.0468
vn 0.7745 -0.6320 0.0253
vn 0.7861 -0.6181 0.0077
vn 0.7765 -0.6300 0.0116
vn 0.7330 -0.6798 -0.0224
vn 0.9348 -0.3327 0.1246
vn 0.9114 -0.3956 0.1131
vn 0.9767 -0.1889 0.1021
vn 0.9735 -0.2231 0.0502
vn 0.9791 -0.2034 0.0100
vn 0.9561 -0.2887 -0.0493
vn 0.9759 -0.1559 0.1529
vn 0.9783 -0.1787 0.1049
vn 0.9894 -0.0122 0.1448
vn 0.9968 -0.0230 0.0771
vn 0.9942 0.0761 -0.0765
vn 0.9941 0.1030 -0.0343
vn 0.8655 0.4762 0.1556
vn 0.8024 0.2990 0.5165
vn 0.9390 0.3308 0.0943
vn 0.3717 0.9081 0.1930
vn 0.4899 0.7993 0.3481
vn 0.4731 0.8321 0.2895
vn 0.8737 0.4654 0.1419
vn 0.3514 0.9280 0.1240
vn 0.8892 0.4401 0.1247
vn 0.4034 -0.9150 -0.0038
vn 0.7779 -0.6284 0.0074
vn 0.9797 -0.1997 0.0174
vn 0.4056 -0.9139 0.0132
vn 0.7793 -0.6266 -0.0014
vn 0.9739 -0.2268 -0.0069
vn 0.4683 0.8711 0.1476
vn 0.3693 0.9279 0.0517
vn 0.5600 -0.8237 0.0890
vn 0.8349 -0.5430 0.0896
vn 0.9046 -0.4135 0.1036
vn 0.9711 -0.2088 0.1153
vn 0.5654 -0.8200 0.0888
vn 0.8532 -0.5141 0.0885
vn 0.9125 -0.3931 0.1133
vn 0.9709 -0.1988 0.1331
vn 0.0694 0.9432 0.3249
vn 0.4913 -0.8632 0.1164
vn 0.7803 -0.5879 0.2132
vn 0.9325 -0.3107 0.1839
vn 0.9865 -0.0969 0.1324
vn 0.8653 0.4690 0.1770
vn 0.4136 0.8753 0.2507
vn 0.9098 0.3992 0.1139
vn 0.4319 0.9019 -0.0086
vn 0.8792 -0.4701 0.0775
vn 0.9716 -0.2139 0.1015
vn 0.9843 -0.0775 0.1587
vn 0.9305 0.3550 0.0903
vn 0.8552 -0.5028 0.1256
vn 0.9937 -0.1069 0.0339
vn 0.9995 -0.0071 0.0299
vn 0.9347 0.3544 0.0259
vn 0.8785 -0.3997 0.2616
vn 0.9810 -0.1275 0.1461
vn 0.9980 0.0626 -0.0066
vn 0.9264 0.3638 -0.0970
vn 0.9336 -0.1564 0.3224
vn 0.9755 -0.0232 0.2189
vn 0.9916 0.0948 0.0884
vn 0.9436 0.2986 -0.1429
vn 0.9411 -0.0765 0.3294
vn 0.9849 0.0046 0.1729
vn 0.9942 0.1048 0.0250
vn 0.9187 0.3091 -0.2460
vn 0.9505 -0.0246 0.3098
vn 0.9875 0.0669 0.1427
vn 0.9842 0.1726 -0.0397
vn 0.8861 0.3140 -0.3408
vn 0.9698 0.0543 0.2378
vn 0.9829 0.1708 0.0692
vn 0.9535 0.2861 -0.0951
vn 0.8503 0.3960 -0.3466
vn 0.5273 0.8478 -0.0565
vn 0.6471 0.7568 -0.0921
vn 0.7693 0.6059 -0.2026
vn 0.7243 0.5651 -0.3950
vn 0.6891 0.5103 -0.5146
vn 0.6969 0.4261 -0.5769
vn 0.6837 0.4148 -0.6004
vn 0.8171 0.5763 -0.0159
vn 0.8267 0.5161 0.2240
vn 0.7415 -0.1145 0.6611
vn 0.7390 -0.1563 0.6553
vn 0.4690 -0.2102 0.8578
vn 0.7520 -0.1875 0.6320
vn 0.5194 -0.2355 0.8214
vn 0.6473 -0.7493 0.1394
vn 0.7481 0.5840 -0.3152
vn 0.9477 -0.2900 0.1332
vn 0.9601 -0.0921 0.2641
vn 0.9878 0.1009 0.1183
vn 0.9878 0.0838 0.1309
vn 0.9872 0.0777 0.1395
vn 0.9817 0.1403 0.1290
vn 0.9862 0.0708 0.1499
vn 0.9883 0.0377 0.1477
vn 0.9967 -0.0154 0.0791
vn 0.9905 0.1369 -0.0107
vn 0.9804 0.1951 -0.0288
vn 0.9672 0.2155 -0.1348
vn 0.9395 0.2598 -0.2231
vn 0.9008 0.3558 -0.2490
vn 0.3994 -0.9164 0.0279
vn 0.7582 -0.6510 0.0363
vn 0.9827 -0.1826 0.0297
vn 0.1367 0.9903 0.0232
vn 0.1146 0.9842 0.1350
vn 0.4073 -0.9132 0.0130
vn 0.7849 -0.6197 -0.0027
vn 0.9730 -0.2307 -0.0054
vn 0.4639 0.8841 0.0564
vn 0.9856 -0.0788 -0.1498
vn 0.7047 0.4974 -0.5059
vn 0.7123 0.6619 0.2334
vn 0.6284 0.7009 0.3375
vn 0.6100 0.7717 0.1800
vn 0.6461 0.7581 0.0887
vn 0.6161 0.7761 0.1345
vn 0.6263 0.7470 0.2230
vn 0.7004 0.7118 0.0536
vn 0.7641 0.6447 0.0214
vn 0.8128 0.5823 -0.0151
vn 0.8666 0.4786 -0.1414
vn 0.8796 0.4040 -0.2512
vn 0.8283 0.4188 -0.3722
vn 0.7907 0.3772 -0.4822
vn 0.7721 0.4185 -0.4782
vn 0.7248 0.6886 -0.0208
vn 0.3359 0.8789 0.3387
vn 0.2698 0.9545 0.1274
vn 0.2595 0.9189 0.2970
vn 0.1772 0.9615 0.2102
vn 0.2510 0.9491 0.1902
vn 0.1216 0.9850 0.1226
vn 0.1229 0.9921 0.0234
vn 0.2517 0.9260 0.2813
vn 0.1842 0.9812 -0.0567
vn 0.2801 0.9522 -0.1221
vn 0.4241 0.8890 -0.1725
vn 0.5824 0.7663 -0.2711
vn 0.5898 0.6645 -0.4590
vn 0.6062 0.5405 -0.5835
vn 0.6292 0.4534 -0.6313
vn 0.6009 0.4745 -0.6433
vn 0.7462 0.5183 -0.4177
vn 0.9009 0.4053 -0.1551
vn 0.9605 0.2783 -0.0017
vn 0.9706 0.1539 0.1852
vn 0.7345 -0.0429 0.6772
vn 0.8274 0.4726 -0.3034
vn 0.1564 0.9788 -0.1326
vn 0.2744 0.9547 0.1151
vn 0.6619 0.5447 -0.5150
vn 0.3992 -0.9165 0.0279
vn 0.7721 -0.6345 0.0353
vn 0.7761 -0.6306 -0.0011
vn 0.7665 -0.6413 0.0357
vn 0.9794 -0.1991 0.0332
vn 0.4007 -0.9162 -0.0038
vn 0.9809 -0.1945 -0.0042
vn 0.4182 -0.9011 0.1149
vn 0.7749 -0.6013 0.1947
vn 0.9650 -0.1850 0.1860
vn 0.9866 -0.0123 0.1625
vn 0.8652 0.4481 0.2251
vn 0.4592 0.8364 0.2993
vn 0.1186 0.9244 0.3626
vn 0.9716 0.1628 0.1718
vn 0.6437 0.7165 0.2689
vn 0.3346 0.8839 0.3266
vn 0.7665 0.6166 -0.1799
vn 0.3801 0.9178 -0.1149
vn 0.8263 0.3363 -0.4519
vn 0.4822 0.8596 -0.1691
vn 0.9740 0.1974 -0.1115
vn 0.9780 -0.0945 -0.1859
vn 0.5725 0.0865 -0.8153
vn 0.7426 -0.6061 -0.2849
vn 0.3951 -0.5047 -0.7676
vn 0.3327 -0.8975 -0.2894
vn 0.6911 -0.7164 -0.0958
vn 0.6952 -0.6865 -0.2132
vn 0.7135 -0.6703 -0.2040
vn 0.9789 0.1714 -0.1110
vn 0.9764 0.1853 -0.1106
vn 0.9579 -0.2057 -0.2001
vn 0.9730 -0.1518 -0.1741
vn 0.7485 -0.6039 0.2739
vn -0.1237 -0.8600 0.4951
vn 0.6657 -0.0220 -0.7459
vn 0.9737 0.2031 -0.1033
vn 0.9756 -0.0752 -0.2063
vn 0.7698 -0.5084 -0.3858
vn 0.0842 0.9758 -0.2017
vn 0.7510 -0.6593 0.0368
vn 0.9259 -0.3776 -0.0072
vn 0.9258 -0.3778 0.0167
vn 0.9061 -0.4181 0.0637
vn 0.9566 -0.2886 -0.0411
vn 0.9167 0.1006 -0.3868
vn 0.9695 -0.1007 0.2236
vn 0.9516 -0.2895 0.1034
vn 0.9689 -0.0967 0.2278
vn 0.7405 0.4733 -0.4772
vn 0.7775 0.5591 0.2881
vn 0.9259 0.2229 0.3051
vn 0.9266 -0.3755 0.0213
vn 0.2841 0.9528 0.1069
vn 0.4648 0.8777 0.1172
vn 0.9179 -0.3921 0.0604
vn 0.9117 -0.4061 0.0624
vn 0.1739 0.9611 -0.2145
vn 0.2968 0.9546 0.0262
vn 0.2771 0.9602 0.0339
vn 0.2874 0.9568 0.0429
vn 0.1731 0.9848 -0.0133
vn 0.9220 -0.3826 0.0591
vn 0.2334 0.9713 0.0466
vn 0.7795 -0.6262 -0.0153
vn 0.7807 -0.6241 0.0314
vn 0.7785 -0.6182 0.1085
vn 0.7510 -0.3458 -0.5625
vn 0.4913 0.1133 -0.8636
vn 0.3442 0.4876 -0.8024
vn 0.6299 -0.0679 0.7737
vn 0.7772 -0.6193 0.1109
vn -0.0592 0.9590 -0.2772
vn -0.0884 0.9653 -0.2457
vn -0.2100 0.9633 -0.1673
vn 0.6181 -0.7789 0.1065
vn 0.3903 0.9197 -0.0417
vn 0.2315 0.9706 -0.0655
vn 0.3453 0.9384 0.0119
vn 0.1859 0.9825 -0.0121
vn 0.3119 0.9484 0.0571
vn 0.1545 0.9875 0.0321
vn 0.2719 0.9545 0.1225
vn 0.1150 0.9880 0.1029
vn 0.2084 0.9480 0.2406
vn 0.0619 0.9727 0.2235
vn 0.1312 0.9075 0.3991
vn 0.0036 0.9235 0.3837
vn 0.0378 0.7985 0.6009
vn -0.0630 0.8087 0.5849
vn -0.3516 -0.7610 0.5452
vn -0.2712 -0.7442 0.6104
vn -0.2451 -0.9693 0.0175
vn -0.1377 -0.9895 0.0443
vn -0.2074 -0.9744 -0.0872
vn -0.0955 -0.9931 -0.0684
vn -0.2158 -0.9739 -0.0709
vn -0.0981 -0.9937 -0.0546
vn -0.1764 -0.9777 -0.1142
vn -0.0693 -0.9940 -0.0851
vn -0.0599 -0.9705 -0.2335
vn 0.0427 -0.9776 -0.2063
vn 0.1349 -0.9092 -0.3938
vn 0.1981 -0.9144 -0.3531
vn 0.7223 -0.1412 -0.6770
vn 0.7146 -0.0113 -0.6994
vn 0.3996 0.8806 -0.2545
vn 0.5624 0.7906 -0.2423
vn 0.1248 0.9841 -0.1265
vn 0.0505 0.9970 -0.0581
vn 0.0013 1.0000 -0.0012
vn -0.0488 0.9946 0.0913
vn -0.0991 0.9625 0.2525
vn -0.1313 0.8787 0.4589
vn -0.1450 0.7163 0.6826
vn -0.1611 -0.6474 0.7449
vn -0.0240 -0.9948 0.0993
vn 0.0246 -0.9979 -0.0604
vn 0.0235 -0.9989 -0.0395
vn 0.0673 -0.9947 -0.0782
vn 0.2091 -0.9539 -0.2152
vn 0.3701 -0.8584 -0.3553
vn 0.7200 -0.0654 -0.6908
vn 0.3913 0.8430 -0.3691
vn 0.2044 0.9664 -0.1557
vn 0.0807 0.9941 -0.0722
vn 0.0009 1.0000 -0.0000
vn -0.0744 0.9892 0.1260
vn -0.1272 0.9298 0.3453
vn -0.1210 0.7739 0.6216
vn -0.0544 0.5494 0.8338
vn -0.0370 -0.4838 0.8744
vn -0.0128 -0.9921 0.1250
vn 0.0371 -0.9948 -0.0951
vn 0.0385 -0.9977 -0.0562
vn 0.1031 -0.9903 -0.0928
vn 0.3141 -0.9189 -0.2386
vn 0.4992 -0.7957 -0.3429
vn 0.8129 -0.1982 -0.5477
vn 0.5633 0.7266 -0.3934
vn 0.7249 0.5053 -0.4682
vn -0.2412 0.7976 -0.5528
vn 0.7202 -0.6825 0.1241
vn 0.6872 0.6123 -0.3909
vn 0.7109 -0.6852 0.1588
vn 0.6360 0.6514 -0.4138
vn 0.5317 -0.8317 -0.1598
vn 0.4536 0.1501 -0.8785
vn -0.0000 0.9993 -0.0375
vn -0.0000 0.9999 0.0150
vn -0.0000 0.9971 0.0759
vn -0.0000 0.9935 0.1139
vn -0.0000 0.9744 0.2249
vn -0.0000 0.9525 0.3044
vn -0.0000 0.9419 0.3359
vn -0.0000 0.9601 0.2797
vn -0.0000 0.9876 0.1570
vn -0.0000 0.9997 -0.0248
vn -0.0000 0.9933 -0.1155
vn -0.0000 0.9765 -0.2155
vn -0.0000 0.9565 -0.2918
vn -0.0000 0.8142 -0.5805
vn -0.0000 0.6308 -0.7760
vn -0.9181 0.2579 -0.3010
vn -1.0000 0.0049 -0.0061
vn -0.1690 0.6834 -0.7102
vn -1.0000 0.0023 -0.0028
vn -0.0200 0.4766 -0.8789
vn -0.6407 0.5491 -0.5366
vn -0.6372 0.5477 -0.5422
vn -0.0000 0.9831 -0.1833
vn -0.0000 0.4021 0.9156
vn -0.0000 -0.7873 0.6165
vn -0.0000 -0.9626 0.2711
vn -0.0000 -0.9962 0.0873
vn -0.0000 -0.9949 0.1004
vn -0.0000 -0.9973 0.0736
vn -0.0000 -0.9992 0.0406
vn -0.0000 -1.0000 -0.0018
vn -0.0000 -1.0000 0.0061
vn -0.0000 -0.9988 -0.0485
vn -0.0000 -0.9899 -0.1414
vn -0.0000 -0.9862 0.1653
vn -0.0000 -0.5197 -0.8544
vn -0.0000 -0.8790 -0.4768
vn -0.0000 -0.6611 -0.7503
vn -0.0000 0.9346 -0.3558
vn -0.0000 0.9925 -0.1223
vn -0.0000 0.9984 -0.0570
vn -0.0000 0.9866 -0.1629
vn -0.0000 0.9924 -0.1227
vn -0.0000 0.9996 0.0278
vn -0.0000 0.9378 0.3471
vn -0.0000 0.9272 0.3747
vn -0.0000 0.9999 0.0167
vn -0.0000 -0.2063 0.9785
vn -0.0000 -0.9901 0.1402
vn -0.0000 0.9363 -0.3511
vn -0.0000 0.9909 0.1344
vn -0.0000 0.7144 -0.6997
vn -0.7487 0.4566 -0.4805
vn -0.0000 -0.1265 0.9920
vn -0.0000 0.9319 0.3628
vn -0.0000 -0.7185 -0.6955
vn -0.2829 0.0473 -0.9580
vn -0.0000 -0.9574 -0.2889
vn -0.0000 -0.9976 0.0690
vn 0.2795 0.8913 -0.3571
vn 0.3984 -0.8418 0.3644
vn 0.4261 0.7954 -0.4309
vn 0.4591 -0.8472 0.2673
vn 0.3176 0.1438 -0.9373
vn 0.3267 -0.9314 -0.1607
vn -0.0000 0.2176 -0.9760
vn -0.0835 0.0774 -0.9935
vn -0.0000 -0.1959 -0.9806
vn -0.0666 -0.0127 -0.9977
vn -0.0000 0.6812 -0.7321
vn 0.0594 0.9978 -0.0292
vn -0.0000 0.9995 -0.0327
vn 0.1972 0.9784 -0.0616
vn 0.9907 0.1358 0.0008
vn 0.6487 0.7582 0.0658
vn 0.9612 -0.2756 -0.0109
vn 1.0000 -0.0001 -0.0018
vn 0.8168 0.4811 -0.3185
vn 0.5926 0.8053 0.0180
vn 0.6273 0.7785 0.0205
vn 0.6166 0.7828 -0.0843
vn 0.4680 0.8832 -0.0305
vn 0.6114 0.7868 -0.0847
vn 0.3584 0.9317 0.0593
vn 0.6213 0.7817 0.0539
vn 0.9948 0.0977 -0.0296
vn 0.9238 0.3803 -0.0444
vn 0.7598 0.6501 -0.0080
vn 0.9942 0.1042 -0.0253
vn 0.7569 0.6524 -0.0378
vn 0.9933 0.1152 -0.0027
vn 0.9949 0.1012 -0.0036
vn 0.6332 0.7718 0.0577
vn 0.6340 0.7730 0.0244
vn 0.7319 0.6705 0.1213
vn 0.4671 0.8839 0.0238
vn 0.9889 -0.0753 0.1282
vn 0.9988 0.0485 0.0004
vn 0.9955 0.0942 -0.0058
vn 0.9958 0.0911 -0.0064
vn 0.6522 0.7532 -0.0854
vn 0.6992 0.7143 -0.0293
vn 0.9953 0.0964 -0.0064
vn 0.6348 0.7678 -0.0872
vn 0.7609 0.6468 -0.0520
vn 0.9744 -0.1893 0.1212
vn 0.9533 -0.1043 -0.2833
vn 0.3388 0.9402 0.0357
vn 0.8768 0.2204 -0.4275
vn 0.9840 0.1351 -0.1163
vn 0.7576 0.6388 0.1341
vn 0.7378 0.6692 -0.0886
vn 0.2158 0.9760 0.0302
vn 0.3805 0.9239 -0.0411
vn 0.3028 0.9520 0.0457
vn 1.0000 0.0028 -0.0040
vn 0.9017 0.3939 -0.1782
vn 0.9987 0.0473 -0.0175
vn 0.6646 0.7470 -0.0173
vn 0.9062 0.4178 -0.0649
vn 0.9952 0.0977 -0.0041
vn -0.2764 -0.8579 -0.4331
vn 0.7236 -0.5330 -0.4385
vn 0.7236 0.5183 -0.4558
vn -0.2764 0.8432 -0.4612
vn -0.8944 -0.0074 -0.4472
vn -0.0000 -0.0165 -0.9999
vn -0.9235 -0.3045 -0.2334
vn -0.9237 0.3113 -0.2234
vn 0.0155 -0.9785 -0.2057
vn -0.5777 -0.7796 -0.2418
vn 0.9280 -0.2904 -0.2336
vn 0.5658 -0.7883 -0.2417
vn 0.5663 0.7956 -0.2153
vn 0.9284 0.2972 -0.2232
vn -0.5783 0.7869 -0.2152
vn 0.0075 0.9772 -0.2122
vn -0.6882 -0.5086 -0.5174
vn 0.2629 -0.8176 -0.5123
vn 0.8506 -0.0087 -0.5257
vn 0.2629 0.8002 -0.5390
vn -0.6882 0.4913 -0.5339
vn -0.1625 -0.5139 -0.8423
vn -0.5257 -0.0140 -0.8505
vn 0.4253 -0.3230 -0.8454
vn 0.4253 0.2950 -0.8556
vn -0.1625 0.4859 -0.8588
vn -0.9245 -0.3284 -0.1935
vn -0.9301 0.3297 -0.1620
vn -0.5472 -0.8229 -0.1532
vn 0.9245 -0.3284 -0.1935
vn 0.5472 -0.8229 -0.1532
vn 0.5555 0.8279 -0.0781
vn 0.9301 0.3297 -0.1620
vn -0.5555 0.8279 -0.0781
vn -0.0000 0.9992 -0.0399
vn -0.9274 -0.3700 -0.0553
vn -0.9318 0.3608 -0.0407
vn -0.5116 -0.8587 0.0286
vn 0.9274 -0.3700 -0.0553
vn 0.5116 -0.8587 0.0286
vn 0.5145 0.8546 0.0696
vn 0.9318 0.3608 -0.0407
vn -0.5145 0.8546 0.0696
vn -0.0000 0.9916 0.1296
vn -0.9059 -0.4000 0.1395
vn -0.9033 0.3966 0.1633
vn -0.4460 -0.8820 0.1524
vn 0.9059 -0.4000 0.1395
vn 0.4460 -0.8820 0.1524
vn 0.4452 0.8717 0.2046
vn 0.9033 0.3966 0.1633
vn -0.4452 0.8717 0.2046
vn -0.0000 0.9739 0.2271
vn -0.8509 -0.4421 0.2837
vn -0.8516 0.4089 0.3279
vn -0.0000 -0.9832 0.1826
vn -0.3814 -0.9015 0.2046
vn 0.8509 -0.4421 0.2837
vn 0.3814 -0.9015 0.2046
vn 0.3818 0.8749 0.2979
vn 0.8516 0.4089 0.3279
vn -0.3818 0.8749 0.2979
vn -0.0000 0.9572 0.2893
vn -0.5881 -0.3746 0.7168
vn -0.5886 0.2997 0.7508
vn -0.0000 -0.6910 0.7229
vn -0.2309 -0.6548 0.7197
vn 0.5881 -0.3746 0.7168
vn 0.2309 -0.6548 0.7197
vn 0.2314 0.5782 0.7824
vn 0.5886 0.2997 0.7508
vn -0.2314 0.5782 0.7824
vn -0.0000 0.6159 0.7879
vn -0.3039 -0.9386 -0.1633
vn -0.2872 -0.9492 -0.1285
vn -0.2453 -0.9665 0.0753
vn -0.1968 -0.9665 0.1647
vn -0.1617 -0.9699 0.1821
vn -0.0981 -0.6534 0.7507
vn 0.3013 -0.9314 -0.2043
vn 0.2872 -0.9492 -0.1285
vn 0.2453 -0.9665 0.0753
vn 0.1968 -0.9665 0.1647
vn 0.1617 -0.9699 0.1821
vn 0.0981 -0.6534 0.7507
vn 0.2764 -0.8579 -0.4331
vn -0.7236 -0.5330 -0.4385
vn -0.7236 0.5183 -0.4558
vn 0.2764 0.8432 -0.4612
vn 0.8944 -0.0074 -0.4472
vn 0.9235 -0.3045 -0.2334
vn 0.9237 0.3113 -0.2234
vn -0.0155 -0.9785 -0.2057
vn 0.5777 -0.7796 -0.2418
vn -0.9280 -0.2904 -0.2336
vn -0.5658 -0.7883 -0.2417
vn -0.5663 0.7956 -0.2153
vn -0.9284 0.2972 -0.2232
vn 0.5783 0.7869 -0.2152
vn -0.0075 0.9772 -0.2122
vn 0.6882 -0.5086 -0.5174
vn -0.2629 -0.8176 -0.5123
vn -0.8506 -0.0087 -0.5257
vn -0.2629 0.8002 -0.5390
vn 0.6882 0.4913 -0.5339
vn 0.1625 -0.5139 -0.8423
vn 0.5257 -0.0140 -0.8505
vn -0.4253 -0.3230 -0.8454
vn -0.4253 0.2950 -0.8556
vn 0.1625 0.4859 -0.8588
vn 0.3039 -0.9386 -0.1633
vn -0.3013 -0.9314 -0.2043
vn 0.0458 0.9674 -0.2492
vn -0.8995 -0.4304 0.0748
vn 0.2067 0.9777 0.0365
vn 0.1280 0.9786 -0.1614
vn -0.8896 -0.4497 0.0794
vn 0.2143 0.9703 -0.1123
vn -0.8895 -0.4526 0.0631
vn 0.0403 0.9828 -0.1802
vn 0.1755 0.9649 0.1953
vn 0.2216 0.9751 0.0115
vn 0.0718 0.9327 -0.3535
vn -0.6012 0.5620 0.5681
vn -0.3566 0.6238 -0.6954
vn -0.8949 -0.4463 0.0007
vn -0.8945 -0.4403 0.0776
vn -0.8624 -0.1016 0.4959
vn -0.4832 0.3846 -0.7865
vn -0.3026 0.7783 0.5503
vn -0.8927 -0.4409 0.0930
vn -0.4309 0.6343 -0.6419
vn -0.7386 0.3140 0.5965
vn -0.3231 0.5685 -0.7566
vn -0.8499 -0.2280 0.4751
vn -0.5934 0.1985 -0.7801
vn -0.8437 -0.2501 0.4751
vn -0.6987 0.0024 -0.7154
vn -0.9032 -0.4229 -0.0734
vn -0.8940 -0.4480 -0.0034
vn -0.0458 0.9674 -0.2492
vn 0.8995 -0.4304 0.0748
vn -0.2067 0.9777 0.0365
vn -0.1280 0.9785 -0.1614
vn 0.8896 -0.4497 0.0794
vn -0.2143 0.9703 -0.1123
vn 0.8895 -0.4526 0.0631
vn -0.0403 0.9828 -0.1802
vn -0.1755 0.9649 0.1953
vn -0.2217 0.9751 0.0115
vn -0.0718 0.9327 -0.3535
vn 0.6012 0.5620 0.5681
vn 0.3566 0.6238 -0.6954
vn 0.8949 -0.4463 0.0007
vn 0.8945 -0.4403 0.0776
vn 0.8624 -0.1016 0.4959
vn 0.4832 0.3846 -0.7865
vn 0.3026 0.7783 0.5502
vn 0.8927 -0.4409 0.0930
vn 0.4309 0.6343 -0.6419
vn 0.7386 0.3140 0.5965
vn 0.3231 0.5685 -0.7566
vn 0.8499 -0.2280 0.4751
vn 0.5934 0.1985 -0.7801
vn 0.8437 -0.2501 0.4751
vn 0.6987 0.0024 -0.7154
vn 0.9032 -0.4229 -0.0734
vn 0.8940 -0.4480 -0.0034
vn -0.9811 -0.1911 0.0317
vn -0.9805 -0.1965 0.0015
vn -0.9842 -0.1748 0.0275
vn -0.8952 -0.4455 -0.0103
vn -0.9024 -0.4248 0.0718
vn -0.3978 0.4861 -0.7781
vn -0.4506 0.6092 -0.6526
vn -0.0114 0.9014 0.4328
vn -0.8919 -0.4454 0.0786
vn 0.2048 0.9750 0.0861
vn 0.1652 0.9743 -0.1533
vn -0.8926 -0.4503 0.0245
vn -0.6298 0.1176 -0.7678
vn -0.8236 0.1099 0.5564
vn -0.1639 0.8114 -0.5610
vn -0.8941 -0.4469 0.0306
vn -0.8970 -0.4353 0.0765
vn 0.2083 0.9779 0.0199
vn 0.2740 0.9610 0.0365
vn -0.7772 -0.6193 0.1111
vn 0.2320 0.9657 -0.1164
vn -0.7793 -0.6208 0.0857
vn 0.1098 0.9690 -0.2214
vn 0.1767 0.9589 0.2218
vn 0.2802 0.9599 0.0065
vn -0.0006 0.9405 -0.3397
vn -0.7788 -0.6272 0.0021
vn -0.7772 -0.6194 0.1108
vn -0.3929 0.3936 -0.8311
vn -0.2736 0.6753 0.6849
vn -0.7776 -0.6150 0.1307
vn -0.6933 -0.3631 0.6225
vn -0.7996 -0.5943 -0.0861
vn -0.7799 -0.6259 -0.0064
vn -0.9805 -0.1063 0.1650
vn -0.6369 0.7599 0.1299
vn -0.3544 0.9345 0.0343
vn -0.3647 0.9263 -0.0943
vn -0.9841 -0.1672 -0.0596
vn -0.9319 0.0096 -0.3626
vn -0.5867 0.6330 -0.5051
vn -0.8272 0.5461 0.1322
vn -0.9790 -0.1963 0.0560
vn -0.8364 0.3109 -0.4515
vn -0.9940 0.0860 0.0678
vn -0.6375 0.6726 -0.3758
vn -0.2540 0.9358 -0.2445
vn -0.2290 0.9728 0.0358
vn -0.9775 -0.2094 0.0269
vn -0.2642 0.9633 0.0478
vn -0.8450 -0.2216 0.4867
vn -0.8572 -0.1981 0.4753
vn -0.6958 0.4215 0.5816
vn 0.2326 0.9721 -0.0311
vn 0.0151 0.9789 -0.2036
vn -0.8351 -0.2368 -0.4966
vn -0.8787 -0.3816 0.2870
vn -0.5452 0.2896 -0.7867
vn -0.3091 0.6111 -0.7287
vn -0.4477 0.6954 0.5621
vn 0.0962 0.9556 -0.2784
vn 0.0841 0.9813 -0.1734
vn -0.8878 -0.4531 0.0802
vn 0.5111 0.7861 -0.3475
vn 0.9811 -0.1911 0.0317
vn 0.9805 -0.1965 0.0015
vn 0.2503 0.9657 0.0693
vn 0.2597 0.9650 0.0360
vn 0.8952 -0.4455 -0.0103
vn 0.9024 -0.4248 0.0718
vn 0.3978 0.4861 -0.7781
vn 0.4506 0.6092 -0.6526
vn 0.0114 0.9014 0.4328
vn 0.8919 -0.4454 0.0786
vn -0.2048 0.9750 0.0861
vn -0.1652 0.9743 -0.1533
vn 0.8926 -0.4503 0.0245
vn 0.6298 0.1176 -0.7678
vn 0.8236 0.1099 0.5564
vn 0.1639 0.8114 -0.5610
vn 0.8941 -0.4469 0.0306
vn 0.8970 -0.4353 0.0765
vn -0.2083 0.9779 0.0199
vn -0.0698 0.9610 -0.2678
vn 0.7772 -0.6193 0.1111
vn 0.7793 -0.6208 0.0857
vn 0.0006 0.9405 -0.3397
vn 0.3261 0.6070 -0.7248
vn 0.7788 -0.6272 0.0021
vn 0.6640 -0.2231 0.7137
vn 0.3929 0.3936 -0.8311
vn 0.7776 -0.6150 0.1307
vn 0.5609 -0.0178 -0.8277
vn 0.7996 -0.5943 -0.0861
vn 0.9882 -0.0421 0.1471
vn 0.6369 0.7599 0.1299
vn 0.3647 0.9263 -0.0943
vn 0.9319 0.0096 -0.3626
vn 0.9012 0.1612 -0.4024
vn 0.9790 -0.1963 0.0560
vn 0.8364 0.3109 -0.4515
vn 0.9940 0.0860 0.0678
vn 0.6375 0.6726 -0.3758
vn 0.2540 0.9358 -0.2445
vn 0.9775 -0.2094 0.0269
vn 0.8450 -0.2216 0.4867
vn 0.8572 -0.1981 0.4753
vn 0.6958 0.4215 0.5816
vn -0.2326 0.9721 -0.0311
vn -0.0151 0.9789 -0.2036
vn 0.8351 -0.2368 -0.4966
vn 0.8787 -0.3816 0.2870
vn 0.5452 0.2896 -0.7867
vn 0.3091 0.6111 -0.7287
vn 0.4477 0.6954 0.5621
vn -0.0962 0.9556 -0.2784
vn -0.0841 0.9813 -0.1734
vn 0.8878 -0.4531 0.0802
vn -0.9797 -0.1997 0.0174
vn -0.9827 -0.1826 0.0297
vn -0.3205 0.8738 -0.3657
vn -0.2698 0.9545 0.1274
vn -0.9794 -0.1991 0.0332
vn -0.9809 -0.1945 -0.0042
vn -0.9167 0.1006 -0.3868
vn -0.7404 0.4733 -0.4772
vn -0.6501 0.6966 -0.3034
vn -0.7807 -0.6241 0.0314
vn -0.7510 -0.3458 -0.5625
vn -0.6589 -0.3061 0.6871
vn -0.7608 -0.5341 0.3687
vn -0.6733 -0.3010 0.6754
vn -0.3442 0.4876 -0.8024
vn -0.6299 -0.0679 0.7737
vn -0.2239 0.8111 -0.5404
vn -0.7772 -0.6193 0.1109
vn -0.7773 -0.6194 0.1107
vn 0.2640 0.9638 -0.0382
vn 0.2818 0.9593 0.0157
vn 0.2574 0.9615 0.0962
vn 0.2100 0.9633 -0.1673
vn -0.9533 -0.1043 -0.2833
vn -0.9946 -0.0205 0.1017
vn -0.7576 0.6388 0.1341
vn -0.2158 0.9760 0.0302
vn 0.3205 0.8738 -0.3657
vn 0.2585 0.9652 0.0389
vn 0.2387 0.9704 0.0361
vn 0.2475 0.9682 0.0360
vn 0.9856 -0.1675 0.0251
vn 0.6501 0.6966 -0.3034
vn 0.6589 -0.3061 0.6871
vn 0.7608 -0.5341 0.3687
vn 0.4395 0.2911 -0.8498
vn 0.6733 -0.3010 0.6754
vn 0.3084 0.6050 -0.7340
vn 0.5699 0.2182 0.7922
vn 0.3904 0.5585 -0.7319
vn 0.2239 0.8111 -0.5404
vn 0.7785 -0.6261 0.0440
vn 0.0505 0.8877 0.4576
vn 0.4029 0.5061 0.7626
vn 0.7772 -0.6194 0.1107
vn -0.2640 0.9638 -0.0382
vn -0.2818 0.9593 0.0157
vn -0.2574 0.9615 0.0962
vn -0.1424 0.9684 -0.2047
vn 0.7772 -0.6194 0.1111
vn 0.9838 -0.0542 0.1706
vn 0.4625 0.8768 0.1317
vn 0.9946 -0.0205 0.1017
vn 0.5610 0.6822 -0.4689
vn 0.9767 -0.2116 0.0358
vn 0.2867 0.9449 -0.1578
vn 0.3935 0.9192 -0.0144
vn -0.0549 0.1625 -0.9852
vn -0.0147 0.9991 0.0395
vn -0.8452 0.5279 0.0833
vn -0.4082 0.9051 0.1191
vn -0.9838 0.1754 -0.0370
vn -0.9917 0.0997 -0.0808
vn -0.0891 0.9949 0.0467
vn -0.8349 0.5490 0.0400
vn -0.9781 0.0874 -0.1887
vn -0.7012 0.1648 -0.6937
vn -0.2760 0.1523 -0.9490
vn -0.9653 0.1139 -0.2348
vn -0.9672 0.1028 -0.2325
vn -0.9669 0.0969 -0.2359
vn -0.9163 0.1503 -0.3711
vn -0.6611 0.7313 -0.1680
vn -0.8773 0.4718 -0.0879
vn -0.8748 0.4773 -0.0830
vn -0.8537 0.5132 -0.0883
vn -0.1516 0.9553 -0.2539
vn -0.3489 0.8990 -0.2647
vn -0.8902 0.4467 -0.0890
vn -0.3767 0.6105 -0.6967
vn -0.3050 0.4910 -0.8160
vn -0.9322 0.3563 -0.0640
vn -0.7522 0.4443 -0.4866
vn -0.4261 0.5683 -0.7039
vn -0.4440 0.6187 -0.6481
vn -0.0579 0.4793 -0.8757
vn -0.0336 0.9690 -0.2449
vn 0.0549 0.1625 -0.9852
vn 0.0147 0.9991 0.0395
vn 0.8452 0.5279 0.0833
vn 0.4082 0.9051 0.1191
vn 0.9838 0.1754 -0.0370
vn 0.9917 0.0997 -0.0808
vn 0.0890 0.9949 0.0467
vn 0.8349 0.5490 0.0400
vn 0.9781 0.0874 -0.1887
vn 0.7012 0.1648 -0.6937
vn 0.2760 0.1523 -0.9490
vn 0.9653 0.1139 -0.2348
vn 0.9672 0.1028 -0.2325
vn 0.9669 0.0969 -0.2359
vn 0.9163 0.1503 -0.3711
vn 0.6611 0.7313 -0.1680
vn 0.8773 0.4718 -0.0879
vn 0.8748 0.4773 -0.0830
vn 0.8537 0.5132 -0.0883
vn 0.1516 0.9553 -0.2539
vn 0.3489 0.8990 -0.2647
vn 0.8902 0.4467 -0.0890
vn 0.3767 0.6105 -0.6967
vn 0.3050 0.4910 -0.8160
vn 0.9322 0.3563 -0.0640
vn 0.7522 0.4443 -0.4866
vn 0.4261 0.5683 -0.7039
vn 0.4440 0.6187 -0.6481
vn 0.0579 0.4793 -0.8757
vn 0.0336 0.9690 -0.2449
vn -0.0543 0.6881 -0.7236
vn -0.7262 0.6233 -0.2900
vn -0.9018 0.2847 -0.3250
vn -0.7107 0.6360 -0.3008
vn -0.9804 0.1561 -0.1205
vn -0.6924 0.5200 -0.5002
vn -0.9696 0.1662 -0.1796
vn -0.0563 0.6819 -0.7293
vn -0.2850 0.6729 -0.6826
vn -0.9156 0.3860 -0.1130
vn -0.8442 0.5193 -0.1328
vn -0.8718 0.4632 -0.1593
vn -0.0972 0.9649 -0.2440
vn -0.0000 0.1587 -0.9873
vn -0.0000 0.4801 -0.8772
vn -0.0497 0.9981 0.0365
vn -0.3589 0.6279 -0.6906
vn -0.9338 0.3561 0.0351
vn -0.3605 0.5194 -0.7748
vn -0.7127 0.6956 0.0902
vn -0.9916 0.1094 -0.0692
vn -0.9901 0.0981 -0.1007
vn -0.9652 0.0901 -0.2454
vn -0.4805 0.8455 -0.2330
vn -0.4595 0.1496 -0.8755
vn -0.8717 0.4831 -0.0817
vn -0.9602 0.1345 -0.2448
vn -0.8776 0.4721 -0.0835
vn -0.1659 0.1628 -0.9726
vn -0.0000 0.9699 -0.2436
vn -0.0000 0.9990 0.0442
vn -0.1929 0.4815 -0.8549
vn -0.8285 0.5568 0.0596
vn -0.6005 0.5233 -0.6046
vn -0.1653 0.9830 0.0801
vn -0.4629 0.5844 -0.6665
vn -0.9037 0.3814 -0.1947
vn -0.9259 0.3742 -0.0509
vn -0.8697 0.4826 -0.1035
vn -0.8381 0.1660 -0.5196
vn -0.2236 0.9356 -0.2734
vn -0.9669 0.1064 -0.2317
vn -0.8051 0.5838 -0.1048
vn -0.9674 0.1000 -0.2328
vn -0.8382 0.4426 -0.3186
vn -0.9476 0.2679 -0.1743
vn -0.9464 0.2741 -0.1707
vn -0.9383 0.2962 -0.1784
vn -0.2494 0.6615 -0.7073
vn -0.5895 0.5798 -0.5624
vn -0.9565 0.2426 -0.1622
vn -0.7513 0.6230 -0.2176
vn -0.2108 0.8995 -0.3827
vn -0.9780 0.1941 -0.0765
vn -0.9604 0.2413 -0.1395
vn -0.4453 0.8665 -0.2258
vn -0.7810 0.6070 -0.1468
vn -0.0389 0.9056 -0.4224
vn -0.0519 0.6871 -0.7247
vn 0.0171 0.9995 -0.0284
vn 0.9018 0.2847 -0.3250
vn 0.9896 0.1282 -0.0658
vn 0.1128 0.9928 -0.0402
vn 0.9804 0.1561 -0.1205
vn 0.6924 0.5200 -0.5001
vn 0.2805 0.6605 -0.6965
vn 0.9675 0.1787 -0.1787
vn 0.9399 0.2468 -0.2359
vn 0.5127 0.6466 -0.5649
vn 0.3990 0.6180 -0.6774
vn 0.9338 0.3462 -0.0905
vn 0.2850 0.6729 -0.6826
vn 0.8718 0.4632 -0.1593
vn 0.6785 0.7000 -0.2227
vn 0.0972 0.9649 -0.2440
vn 0.0497 0.9981 0.0365
vn 0.3589 0.6279 -0.6906
vn 0.9338 0.3561 0.0351
vn 0.3605 0.5194 -0.7748
vn 0.7127 0.6956 0.0902
vn 0.9916 0.1094 -0.0692
vn 0.9901 0.0981 -0.1007
vn 0.9652 0.0901 -0.2454
vn 0.4805 0.8455 -0.2330
vn 0.4595 0.1496 -0.8755
vn 0.8717 0.4831 -0.0817
vn 0.9602 0.1345 -0.2448
vn 0.8776 0.4721 -0.0835
vn 0.1659 0.1628 -0.9726
vn 0.1929 0.4815 -0.8549
vn 0.8285 0.5568 0.0596
vn 0.6005 0.5233 -0.6046
vn 0.1653 0.9830 0.0801
vn 0.4629 0.5844 -0.6665
vn 0.9037 0.3814 -0.1947
vn 0.9259 0.3742 -0.0509
vn 0.8697 0.4826 -0.1035
vn 0.8381 0.1660 -0.5196
vn 0.2237 0.9356 -0.2734
vn 0.9669 0.1064 -0.2317
vn 0.8051 0.5838 -0.1048
vn 0.9674 0.1000 -0.2328
vn 0.8382 0.4426 -0.3186
vn 0.9476 0.2679 -0.1743
vn 0.9464 0.2741 -0.1707
vn 0.9383 0.2962 -0.1784
vn 0.2494 0.6615 -0.7073
vn 0.5895 0.5798 -0.5624
vn 0.9565 0.2426 -0.1622
vn 0.7513 0.6230 -0.2176
vn 0.2108 0.8995 -0.3827
vn 0.9780 0.1941 -0.0765
vn 0.9604 0.2413 -0.1395
vn 0.4453 0.8665 -0.2258
vn 0.7810 0.6070 -0.1468
vn 0.0389 0.9056 -0.4224
vn 0.0519 0.6871 -0.7247
vn -0.6475 0.6857 -0.3326
vn -0.4719 0.6206 -0.6262
vn -0.8626 0.4857 -0.1415
vn -0.7904 0.5910 -0.1612
vn -0.8213 0.4419 -0.3609
vn -0.4931 0.6652 -0.5607
vn -0.3425 0.6627 -0.6660
vn -0.1972 0.9784 -0.0616
vn -0.9730 0.1661 -0.1603
vn -0.9878 0.1363 -0.0756
vn -0.9694 0.1609 -0.1856
vn -0.2306 0.9287 -0.2904
vn -0.4970 0.8192 -0.2863
vn -0.9637 0.2010 -0.1758
vn -0.1539 0.6817 -0.7153
vn -0.1308 0.8997 -0.4164
vn -0.7432 0.6383 -0.2006
vn -0.8922 0.4310 -0.1350
vn -0.2782 0.9033 -0.3266
vn -0.6730 0.7168 -0.1823
vn -0.9769 0.1859 -0.1053
vn -0.9743 0.2086 -0.0848
vn -0.9453 0.2669 -0.1878
vn -0.7297 0.5294 -0.4328
vn -0.3905 0.6217 -0.6790
vn -0.9452 0.2790 -0.1697
vn -0.9191 0.3403 -0.1988
vn -0.9475 0.2702 -0.1709
vn 0.7950 0.4784 -0.3730
vn 0.6475 0.6857 -0.3326
vn 0.8315 0.3905 -0.3952
vn 0.4719 0.6206 -0.6262
vn 0.8914 0.4295 -0.1446
vn 0.8213 0.4419 -0.3609
vn 0.1677 0.6812 -0.7126
vn 0.7138 0.6459 -0.2707
vn 0.6354 0.5374 -0.5545
vn 0.9730 0.1661 -0.1603
vn 0.9878 0.1363 -0.0756
vn 0.9694 0.1609 -0.1856
vn 0.2306 0.9287 -0.2904
vn 0.4970 0.8192 -0.2863
vn 0.9637 0.2010 -0.1758
vn 0.9667 0.1842 -0.1779
vn 0.9689 0.1721 -0.1780
vn 0.1539 0.6817 -0.7153
vn -0.0000 0.6897 -0.7241
vn -0.0000 0.9106 -0.4134
vn 0.1308 0.8997 -0.4164
vn 0.7432 0.6383 -0.2006
vn 0.8922 0.4310 -0.1350
vn 0.2782 0.9033 -0.3266
vn 0.6730 0.7168 -0.1823
vn 0.9769 0.1859 -0.1053
vn 0.9743 0.2086 -0.0848
vn 0.9452 0.2669 -0.1878
vn 0.7297 0.5294 -0.4328
vn 0.3905 0.6217 -0.6790
vn 0.9452 0.2790 -0.1697
vn 0.9191 0.3403 -0.1988
vn 0.9475 0.2702 -0.1709
vn 0.9308 -0.3651 0.0147
vn 0.7346 0.6775 0.0368
vn 0.7587 0.5387 -0.3663
vn 0.8370 0.3527 -0.4183
vn 0.9297 -0.3678 -0.0204
vn 0.9277 -0.3720 0.0310
vn 0.8061 0.5670 0.1697
vn 0.7347 0.6770 0.0424
vn 0.7327 0.6803 0.0179
vn 0.7765 0.6231 -0.0936
vn 0.8315 -0.0068 0.5555
vn 0.9763 -0.1668 -0.1376
vn 0.9502 -0.2413 0.1972
vn 0.7957 0.2169 0.5655
vn 0.6543 0.6787 -0.3335
vn 0.5602 0.8184 -0.1284
vn 0.5901 0.8015 0.0965
vn 0.8500 0.2356 -0.4711
vn 0.8905 -0.4464 0.0877
vn 0.8773 -0.4799 -0.0043
vn 0.8804 -0.4721 -0.0442
vn 0.9042 -0.4005 -0.1486
vn 0.5604 0.8237 -0.0866
vn 0.5674 0.8219 0.0504
vn 0.9159 -0.0874 0.3917
vn 0.8116 0.4511 0.3712
vn 0.8789 -0.4757 -0.0349
vn 0.5603 0.8270 -0.0449
vn 0.9131 -0.2948 0.2817
vn 0.8015 0.4470 -0.3972
vn 0.5688 0.8206 0.0554
vn 0.9302 -0.3669 -0.0097
vn 0.9804 0.0328 0.1944
vn 0.9613 -0.2754 -0.0013
vn 0.9140 -0.0856 -0.3966
vn 0.9849 -0.1356 -0.1079
vn 0.9304 0.2024 -0.3056
vn 0.6906 0.6838 -0.2355
vn 0.6255 0.7786 0.0492
vn 0.6339 0.7661 -0.1065
vn 0.9612 -0.2747 -0.0253
vn 0.6239 0.7802 -0.0456
vn 0.9601 -0.2779 -0.0316
vn 0.9813 -0.1802 0.0679
vn 0.6584 0.7469 0.0927
vn 0.8773 -0.4796 -0.0164
vn 0.7326 0.6805 0.0163
vn 0.9130 0.2957 -0.2812
vn 0.8903 0.4551 0.0157
vn 0.8812 0.4615 0.1027
vn 0.9998 0.0203 0.0089
vn 0.8901 0.4552 0.0218
vn 0.8810 0.4707 -0.0481
vn 0.8950 0.3320 -0.2978
vn 0.7631 0.4757 -0.4375
vn 0.8781 0.0759 0.4724
vn 0.8335 0.4590 -0.3077
vn 0.8937 0.1654 0.4170
vn 0.9296 -0.3679 -0.0218
vn 0.5635 0.8259 0.0212
vn 0.8776 0.2388 0.4156
vn 0.7334 0.6793 0.0254
vn 0.8776 -0.4795 -0.0016
vn 0.6808 0.6907 0.2438
vn 0.8204 0.0916 0.5645
vn 0.5866 0.7774 -0.2270
vn 0.8407 0.5328 0.0967
vn 0.8792 0.4760 0.0227
vn 0.8650 0.5014 -0.0206
vn 0.9878 0.1527 0.0318
vn 0.9964 0.0831 -0.0181
vn 0.9884 0.1515 0.0088
vn 0.9880 0.1545 0.0011
vn 0.9984 0.0506 0.0247
vn 0.9278 0.3706 -0.0436
vn 0.9287 0.3700 0.0235
vn 0.9890 0.1468 -0.0162
vn 0.8524 0.5226 0.0155
vn 0.9887 0.1499 0.0037
vn 0.9231 0.3837 -0.0239
vn 0.9336 0.2796 0.2241
vn 0.9258 0.3779 0.0087
vn 0.9857 0.0161 -0.1679
vn 0.6564 0.7405 -0.1442
vn 0.9297 0.3674 0.0265
vn 0.9604 -0.2769 -0.0316
vn 0.9436 0.3311 0.0046
vn 0.9598 -0.2790 -0.0316
vn 0.9977 0.0673 -0.0047
vn 0.9623 -0.2721 0.0006
vn 0.8643 0.4324 -0.2568
vn 0.8902 0.4553 0.0153
vn 0.8892 0.4569 0.0219
vn 0.9998 0.0165 0.0066
vn 0.9283 0.2749 -0.2503
vn 0.9998 0.0163 0.0085
vn 0.9959 0.0772 -0.0470
vn 0.9888 0.1491 0.0069
vn 0.9882 0.1526 0.0095
vn 0.7964 0.6045 0.0176
vn 0.9413 0.3319 0.0624
vn 0.8172 0.5702 0.0840
vn 0.5257 0.8424 0.1187
vn 0.8537 0.0086 0.5207
vn 0.7964 0.6039 -0.0306
vn 0.9754 0.2193 -0.0241
vn 0.9785 -0.1610 0.1291
vn 0.8008 0.2901 0.5240
vn 0.9961 -0.0813 -0.0339
vn 0.7999 0.5714 0.1833
vn 0.7018 0.7120 -0.0214
vn 0.9579 -0.2825 -0.0517
vn 0.5705 0.8006 0.1832
vn 0.8430 -0.5353 0.0523
vn 0.8807 -0.4558 -0.1287
vn 0.7755 0.5820 0.2448
vn 0.7288 0.6233 -0.2833
vn 0.5733 0.8177 0.0514
vn 0.8145 -0.1888 0.5486
vn 0.9273 -0.3022 0.2209
vn 0.9032 0.1396 -0.4058
vn 0.4587 0.6462 0.6100
vn 0.8842 0.2249 0.4094
vn 0.9657 -0.1687 0.1975
vn 0.8895 -0.4334 0.1445
vn 0.9601 0.1143 -0.2552
vn 0.6364 0.6286 0.4471
vn 0.9025 -0.2738 0.3325
vn 0.8195 0.5633 0.1058
vn 0.7757 0.6167 -0.1342
vn 0.6932 0.7187 0.0543
vn 0.7351 0.6209 0.2723
vn 0.5524 0.8225 0.1358
vn 0.6391 0.7574 -0.1339
vn 0.8349 0.1470 0.5304
vn 0.6045 0.7281 0.3231
vn 0.9677 -0.2484 -0.0417
vn 0.9631 0.2587 -0.0737
vn 0.9123 0.4079 0.0364
vn 0.8850 0.4655 -0.0090
vn 0.9250 0.0279 0.3790
vn 0.8401 0.3601 0.4056
vn 0.7110 0.7028 0.0236
vn 0.9234 -0.1871 -0.3351
vn 0.7266 0.6866 -0.0245
vn 0.9296 0.3611 -0.0737
vn 0.6386 0.1846 0.7471
vn 0.9555 -0.2912 -0.0470
vn 0.8992 0.1537 0.4097
vn 0.8304 0.4113 -0.3759
vn 0.8225 0.5688 0.0034
vn 0.6782 0.6935 0.2429
vn 0.8414 -0.5402 -0.0154
vn 0.9078 0.4068 0.1016
vn 0.9915 0.1274 0.0279
vn 0.9988 0.0152 0.0469
vn 0.9249 0.3509 0.1461
vn 0.8515 0.5130 0.1086
vn 0.8563 0.5028 0.1176
vn 0.9300 -0.0340 0.3660
vn 0.9856 0.1066 0.1309
vn 0.9941 0.0949 0.0535
vn 0.4842 0.7557 0.4411
vn 0.9338 -0.3574 -0.0184
vn 0.8808 0.4053 -0.2447
vn 0.6638 0.7383 0.1198
vn 0.8936 0.4485 0.0161
vn 0.9945 0.0970 0.0400
vn 0.9465 0.3223 -0.0147
vn 0.8958 0.2208 0.3857
vn 0.9177 0.1949 0.3462
vn 0.9263 0.1757 0.3333
vn 1.0000 -0.0061 -0.0003
vn 0.9867 0.1415 0.0804
vn 0.9801 -0.0406 0.1943
vn 0.7614 0.3715 0.5313
vn 0.9057 0.4180 0.0706
vn 0.8135 0.5714 0.1079
vn 0.9476 0.3080 0.0854
vn 0.6627 0.7225 0.1970
vn 0.9273 0.3441 0.1472
vn 0.9933 0.1142 0.0149
vn -0.5257 0.8424 0.1187
vn -0.8537 0.0086 0.5207
vn -0.7964 0.6039 -0.0306
vn -0.9754 0.2193 -0.0241
vn -0.9785 -0.1610 0.1291
vn -0.8008 0.2901 0.5240
vn -0.9961 -0.0813 -0.0339
vn -0.7999 0.5714 0.1833
vn -0.7018 0.7120 -0.0214
vn -0.9579 -0.2825 -0.0517
vn -0.5705 0.8006 0.1832
vn -0.8430 -0.5353 0.0523
vn -0.8807 -0.4558 -0.1287
vn -0.7755 0.5820 0.2448
vn -0.7288 0.6233 -0.2833
vn -0.5733 0.8177 0.0514
vn -0.8145 -0.1888 0.5486
vn -0.9273 -0.3022 0.2209
vn -0.9032 0.1396 -0.4058
vn -0.4587 0.6462 0.6100
vn -0.8842 0.2249 0.4094
vn -0.9657 -0.1687 0.1975
vn -0.8895 -0.4334 0.1445
vn -0.9675 -0.2325 -0.0992
vn -0.9601 0.1143 -0.2552
vn -0.9025 -0.2738 0.3325
vn -0.8195 0.5633 0.1058
vn -0.7757 0.6167 -0.1343
vn -0.5524 0.8225 0.1358
vn -0.6391 0.7574 -0.1339
vn -0.8349 0.1470 0.5304
vn -0.6045 0.7281 0.3231
vn -0.9677 -0.2484 -0.0417
vn -0.9123 0.4079 0.0364
vn -0.9250 0.0279 0.3790
vn -0.5733 0.8183 0.0410
vn -0.9970 0.0028 0.0772
vn -0.9673 0.2403 0.0807
vn -0.7110 0.7028 0.0236
vn -0.9234 -0.1871 -0.3351
vn -0.7266 0.6866 -0.0245
vn -0.9296 0.3611 -0.0737
vn -0.6386 0.1846 0.7471
vn -0.9555 -0.2912 -0.0470
vn -0.8992 0.1537 0.4096
vn -0.8304 0.4113 -0.3759
vn -0.8225 0.5688 0.0034
vn -0.6782 0.6936 0.2429
vn -0.8414 -0.5402 -0.0154
vn -0.9078 0.4068 0.1016
vn -0.9915 0.1274 0.0279
vn -0.9988 0.0152 0.0469
vn -0.9249 0.3509 0.1461
vn -0.8515 0.5130 0.1086
vn -0.8563 0.5028 0.1176
vn -0.9300 -0.0340 0.3660
vn -0.9856 0.1066 0.1309
vn -0.9941 0.0949 0.0535
vn -0.4842 0.7557 0.4411
vn -0.8024 0.2990 0.5165
vn -0.9477 -0.2900 0.1332
vn -0.6284 0.7009 0.3375
vn -0.7248 0.6886 -0.0208
vn -0.8076 0.5896 -0.0093
vn -0.9945 0.0970 0.0400
vn -0.9465 0.3223 -0.0147
vn -0.8958 0.2208 0.3857
vn -0.9177 0.1949 0.3462
vn -0.9263 0.1757 0.3333
vn -1.0000 -0.0061 -0.0003
vn -0.9867 0.1415 0.0804
vn -0.9801 -0.0406 0.1943
vn -0.7614 0.3715 0.5313
vn -0.9057 0.4180 0.0706
vn -0.8135 0.5714 0.1079
vn -0.9476 0.3080 0.0854
vn -0.6627 0.7225 0.1970
vn -0.9273 0.3441 0.1472
vn -0.9933 0.1143 0.0149
vn -0.9308 -0.3651 0.0147
vn -0.7346 0.6775 0.0368
vn -0.7587 0.5387 -0.3663
vn -0.8370 0.3527 -0.4183
vn -0.9297 -0.3678 -0.0204
vn -0.9277 -0.3720 0.0310
vn -0.8061 0.5670 0.1697
vn -0.7347 0.6770 0.0424
vn -0.7327 0.6803 0.0179
vn -0.7765 0.6231 -0.0936
vn -0.8315 -0.0068 0.5555
vn -0.9763 -0.1668 -0.1376
vn -0.9502 -0.2413 0.1972
vn -0.7957 0.2169 0.5655
vn -0.6543 0.6787 -0.3335
vn -0.5602 0.8184 -0.1284
vn -0.5901 0.8015 0.0965
vn -0.8500 0.2356 -0.4711
vn -0.8905 -0.4464 0.0877
vn -0.8773 -0.4799 -0.0043
vn -0.8804 -0.4721 -0.0442
vn -0.9042 -0.4005 -0.1486
vn -0.5604 0.8237 -0.0866
vn -0.5674 0.8219 0.0504
vn -0.9159 -0.0874 0.3917
vn -0.8116 0.4511 0.3712
vn -0.8789 -0.4757 -0.0349
vn -0.5603 0.8270 -0.0449
vn -0.9131 -0.2948 0.2817
vn -0.8015 0.4470 -0.3972
vn -0.5688 0.8206 0.0554
vn -0.9302 -0.3669 -0.0097
vn -0.9804 0.0328 0.1944
vn -0.9613 -0.2754 -0.0013
vn -0.9140 -0.0855 -0.3966
vn -0.9849 -0.1356 -0.1079
vn -0.8187 0.5437 0.1846
vn -0.6906 0.6838 -0.2355
vn -0.6255 0.7786 0.0492
vn -0.6339 0.7661 -0.1065
vn -0.9612 -0.2747 -0.0253
vn -0.9601 -0.2779 -0.0316
vn -0.6144 0.7845 -0.0845
vn -0.6584 0.7469 0.0927
vn -0.8773 -0.4796 -0.0164
vn -0.7326 0.6805 0.0163
vn -0.8812 0.4615 0.1027
vn -0.9946 0.0392 0.0963
vn -0.8895 0.4565 0.0200
vn -0.8901 0.4552 0.0218
vn -0.8810 0.4707 -0.0481
vn -0.9992 0.0083 -0.0390
vn -0.8950 0.3320 -0.2978
vn -0.7631 0.4757 -0.4375
vn -0.8781 0.0759 0.4724
vn -0.8335 0.4590 -0.3077
vn -0.8937 0.1654 0.4170
vn -0.9296 -0.3679 -0.0218
vn -0.5635 0.8259 0.0212
vn -0.8776 0.2388 0.4156
vn -0.7334 0.6793 0.0254
vn -0.8776 -0.4795 -0.0016
vn -0.6808 0.6907 0.2438
vn -0.8204 0.0916 0.5645
vn -0.5866 0.7774 -0.2270
vn -0.8407 0.5328 0.0967
vn -0.8792 0.4760 0.0227
vn -0.8650 0.5014 -0.0206
vn -0.9878 0.1527 0.0318
vn -0.9964 0.0831 -0.0181
vn -0.9884 0.1515 0.0088
vn -0.9880 0.1545 0.0011
vn -0.9984 0.0506 0.0247
vn -0.9278 0.3706 -0.0436
vn -0.9287 0.3700 0.0235
vn -0.9890 0.1468 -0.0162
vn -0.8524 0.5226 0.0155
vn -0.9887 0.1499 0.0037
vn -0.9231 0.3837 -0.0239
vn -0.9336 0.2796 0.2241
vn -0.9258 0.3779 0.0087
vn -0.9612 -0.2756 -0.0109
vn -0.6273 0.7785 0.0205
vn -0.6564 0.7405 -0.1442
vn -0.9297 0.3674 0.0265
vn -0.6166 0.7828 -0.0843
vn -0.9436 0.3311 0.0046
vn -0.9598 -0.2790 -0.0316
vn -0.9977 0.0673 -0.0047
vn -0.6213 0.7817 0.0539
vn -0.9008 0.3713 -0.2250
vn -0.8643 0.4324 -0.2568
vn -0.8902 0.4553 0.0153
vn -0.8892 0.4569 0.0219
vn -0.9069 0.2038 0.3687
vn -0.9283 0.2749 -0.2503
vn -0.9214 0.2235 0.3178
vn -0.9998 0.0163 0.0085
vn -0.9992 0.0389 -0.0052
vn -0.9959 0.0772 -0.0470
vn -0.9888 0.1491 0.0069
vn -0.9882 0.1526 0.0095
vn -0.7964 0.6045 0.0175
vn -0.9413 0.3319 0.0624
vn -0.8172 0.5702 0.0840
vn -0.7319 0.6705 0.1213
vn -0.0575 0.8744 -0.4818
vn -0.0717 0.7862 -0.6138
vn -0.0332 0.8966 -0.4417
vn -0.0342 0.9443 -0.3272
vn -0.9690 0.2312 -0.0872
vn -0.6992 0.6958 -0.1646
vn -0.1849 0.9309 -0.3150
vn -0.7880 0.6068 -0.1043
vn -0.4028 0.8707 -0.2822
vn -0.1422 0.8261 -0.5453
vn -0.4577 0.7301 -0.5074
vn -0.6662 0.6173 -0.4185
vn -0.2384 0.8195 -0.5211
vn -0.5626 0.6409 -0.5223
vn -0.4046 0.7718 -0.4905
vn -0.3548 0.6678 -0.6544
vn -0.2760 0.7030 -0.6555
vn -0.0814 0.7842 -0.6151
vn -0.1630 0.7535 -0.6370
vn -0.1993 0.7433 -0.6386
vn -0.1971 0.8386 -0.5079
vn -0.6369 0.6528 -0.4100
vn -0.3024 0.8125 -0.4985
vn -0.8457 0.4227 -0.3258
vn -0.4969 0.7496 -0.4373
vn -0.1672 0.8285 -0.5344
vn -0.0566 0.8585 -0.5096
vn -0.1851 0.8908 -0.4149
vn -0.1811 0.8616 -0.4741
vn -0.5670 0.7663 -0.3021
vn -0.5341 0.7581 -0.3741
vn -0.9371 0.3026 -0.1742
vn -0.9109 0.3396 -0.2343
vn -0.3701 0.8545 -0.3645
vn -0.3541 0.8342 -0.4228
vn -0.7280 0.6397 -0.2465
vn -0.6780 0.6558 -0.3320
vn -0.0442 0.8304 -0.5554
vn -0.0329 0.8634 -0.5035
vn -0.0637 0.8424 -0.5350
vn -0.6662 0.6454 -0.3735
vn -0.2645 0.8477 -0.4599
vn -0.8286 0.4911 -0.2688
vn -0.4971 0.7652 -0.4091
vn -0.1474 0.8552 -0.4969
vn -0.9960 0.0857 0.0260
vn -0.9873 0.0495 0.1511
vn -0.9963 0.0851 0.0137
vn -0.8469 0.5253 0.0825
vn -0.8194 0.5683 0.0743
vn -0.6622 0.7224 0.1990
vn 0.0575 0.8744 -0.4818
vn 0.0717 0.7862 -0.6138
vn 0.0332 0.8966 -0.4417
vn 0.0342 0.9443 -0.3272
vn 0.9690 0.2312 -0.0872
vn 0.6992 0.6958 -0.1646
vn 0.1849 0.9309 -0.3150
vn 0.7880 0.6068 -0.1043
vn 0.4028 0.8707 -0.2822
vn 0.1422 0.8261 -0.5453
vn 0.4577 0.7301 -0.5074
vn 0.6662 0.6173 -0.4185
vn 0.2384 0.8195 -0.5211
vn 0.5626 0.6409 -0.5223
vn 0.4046 0.7718 -0.4905
vn 0.3548 0.6678 -0.6544
vn 0.2760 0.7030 -0.6555
vn 0.0814 0.7842 -0.6151
vn 0.1630 0.7535 -0.6370
vn 0.1993 0.7433 -0.6386
vn 0.1971 0.8386 -0.5079
vn 0.6369 0.6528 -0.4100
vn 0.3024 0.8125 -0.4985
vn 0.8457 0.4227 -0.3258
vn 0.4969 0.7496 -0.4373
vn 0.1672 0.8285 -0.5344
vn 0.0566 0.8585 -0.5096
vn 0.1851 0.8908 -0.4149
vn 0.1811 0.8616 -0.4741
vn 0.5670 0.7663 -0.3021
vn 0.5341 0.7581 -0.3741
vn 0.9371 0.3026 -0.1742
vn 0.9109 0.3396 -0.2343
vn 0.3701 0.8545 -0.3645
vn 0.3541 0.8342 -0.4228
vn 0.7280 0.6397 -0.2465
vn 0.6780 0.6558 -0.3320
vn 0.0442 0.8304 -0.5554
vn 0.0329 0.8634 -0.5035
vn 0.0637 0.8424 -0.5350
vn 0.6662 0.6454 -0.3735
vn 0.2645 0.8477 -0.4599
vn 0.8286 0.4911 -0.2688
vn 0.4971 0.7652 -0.4091
vn 0.1474 0.8552 -0.4969
vn 0.9960 0.0857 0.0260
vn 0.9873 0.0495 0.1511
vn 0.9963 0.0851 0.0137
vn 0.8469 0.5253 0.0825
vn 0.8194 0.5683 0.0743
vn 0.6622 0.7224 0.1990
vn -0.9922 0.1245 -0.0071
vn -0.9917 0.1272 0.0181
vn -0.8369 0.5450 0.0503
vn -0.8128 0.5821 -0.0234
vn -0.8049 0.5912 -0.0517
vn -0.9913 0.1312 -0.0144
vn -0.9899 0.1412 -0.0145
vn -0.7964 0.6025 -0.0514
vn -0.8262 0.5614 0.0467
vn -0.9925 0.1210 0.0157
vn 0.9922 0.1245 -0.0071
vn 0.9917 0.1272 0.0181
vn 0.8369 0.5450 0.0503
vn 0.8128 0.5821 -0.0234
vn 0.8049 0.5912 -0.0517
vn 0.9913 0.1312 -0.0144
vn 0.9899 0.1412 -0.0145
vn 0.7964 0.6025 -0.0514
vn 0.8262 0.5614 0.0467
vn 0.9925 0.1210 0.0157
vn -0.0748 0.8175 -0.5710
vn -0.0000 0.8760 -0.4824
vn -0.1318 0.8611 -0.4911
vn -0.0673 0.8119 -0.5800
vn -0.0000 0.7887 -0.6148
vn -0.1236 0.7734 -0.6218
vn -0.0330 0.9318 -0.3615
vn -0.0000 0.8476 -0.5307
vn -0.1132 0.8942 -0.4330
vn -0.0000 0.9447 -0.3279
vn -0.1132 0.9396 -0.3230
vn -0.8994 0.4270 -0.0931
vn -0.5934 0.7724 -0.2266
vn -0.7741 0.6162 -0.1452
vn -0.3822 0.8715 -0.3072
vn -0.9615 0.2539 -0.1053
vn -0.6227 0.7517 -0.2171
vn -0.7358 0.6657 -0.1243
vn -0.2429 0.7645 -0.5971
vn -0.2514 0.9183 -0.3059
vn -0.4622 0.6409 -0.6129
vn -0.1830 0.9208 -0.3443
vn -0.5403 0.6951 -0.4742
vn -0.3761 0.7003 -0.6067
vn -0.2786 0.8139 -0.5098
vn -0.2494 0.8850 -0.3932
vn -0.2631 0.7081 -0.6553
vn -0.6460 0.7130 -0.2727
vn -0.3459 0.7926 -0.5022
vn -0.6076 0.6195 -0.4970
vn -0.1484 0.7887 -0.5966
vn -0.3801 0.7120 -0.5904
vn -0.3187 0.6675 -0.6729
vn -0.2067 0.7274 -0.6543
vn -0.0000 0.7909 -0.6120
vn -0.1465 0.7692 -0.6220
vn -0.0775 0.7784 -0.6230
vn -0.1827 0.7369 -0.6508
vn -0.2023 0.7865 -0.5835
vn -0.0000 0.8380 -0.5457
vn -0.1059 0.8547 -0.5082
vn -0.1919 0.8561 -0.4798
vn -0.5938 0.7041 -0.3894
vn -0.4036 0.7838 -0.4719
vn -0.7350 0.5510 -0.3952
vn -0.6565 0.6472 -0.3874
vn -0.2783 0.8319 -0.4801
vn -0.8434 0.4528 -0.2892
vn -0.4949 0.7586 -0.4238
vn -0.1556 0.8423 -0.5161
vn -0.0522 0.8438 -0.5342
vn -0.7475 0.5697 -0.3415
vn -0.1096 0.8234 -0.5568
vn -0.1109 0.8615 -0.4955
vn -0.2183 0.8302 -0.5130
vn -0.2413 0.8598 -0.4500
vn -0.5728 0.7066 -0.4154
vn -0.6010 0.7159 -0.3554
vn -0.0000 0.8967 -0.4427
vn -0.0000 0.8643 -0.5030
vn -0.4823 0.8097 -0.3344
vn -0.4597 0.7951 -0.3956
vn -0.8512 0.4814 -0.2092
vn -0.8117 0.5103 -0.2843
vn -0.1845 0.8683 -0.4604
vn -0.1769 0.8411 -0.5111
vn -0.5399 0.7608 -0.3602
vn -0.5155 0.7515 -0.4117
vn -0.9175 0.3304 -0.2214
vn -0.8777 0.3793 -0.2928
vn -0.3615 0.8402 -0.4042
vn -0.3343 0.8170 -0.4699
vn -0.6877 0.6537 -0.3157
vn -0.6515 0.6572 -0.3790
vn -0.0361 0.8433 -0.5363
vn -0.0332 0.8701 -0.4918
vn -0.3740 0.8188 -0.4354
vn -0.0000 0.8617 -0.5075
vn -0.1087 0.8329 -0.5426
vn -0.1775 0.8235 -0.5389
vn -0.5228 0.6741 -0.5218
vn -0.0598 0.8582 -0.5098
vn -0.6332 0.6469 -0.4250
vn -0.2514 0.8447 -0.4725
vn -0.7691 0.5519 -0.3222
vn -0.4886 0.7577 -0.4326
vn -0.1429 0.8487 -0.5093
vn -0.8968 0.4184 0.1441
vn -0.9933 0.0685 0.0930
vn -0.7720 0.6197 0.1414
vn -0.9360 0.3505 0.0322
vn -0.9961 0.0877 0.0061
vn -0.9631 0.2587 -0.0737
vn -0.8850 0.4655 -0.0090
vn -0.9450 0.3228 0.0527
vn -0.8936 0.4356 0.1083
vn -0.8406 0.5380 0.0622
vn -0.8401 0.3601 0.4056
vn -0.9992 0.0398 -0.0021
vn 0.0748 0.8175 -0.5710
vn 0.1318 0.8611 -0.4911
vn 0.0673 0.8119 -0.5800
vn 0.1236 0.7734 -0.6218
vn 0.0330 0.9318 -0.3615
vn 0.1132 0.8942 -0.4330
vn 0.1132 0.9396 -0.3230
vn 0.8994 0.4270 -0.0931
vn 0.5934 0.7724 -0.2266
vn 0.7741 0.6162 -0.1452
vn 0.3822 0.8715 -0.3072
vn 0.9615 0.2539 -0.1053
vn 0.6227 0.7517 -0.2171
vn 0.7358 0.6657 -0.1243
vn 0.2429 0.7645 -0.5971
vn 0.2514 0.9183 -0.3059
vn 0.4622 0.6409 -0.6129
vn 0.1830 0.9208 -0.3443
vn 0.5403 0.6951 -0.4742
vn 0.3761 0.7003 -0.6067
vn 0.2786 0.8139 -0.5098
vn 0.2494 0.8850 -0.3932
vn 0.2631 0.7081 -0.6553
vn 0.6460 0.7130 -0.2727
vn 0.3459 0.7926 -0.5022
vn 0.6076 0.6195 -0.4970
vn 0.1484 0.7887 -0.5966
vn 0.3801 0.7120 -0.5904
vn 0.3187 0.6675 -0.6729
vn 0.2067 0.7274 -0.6543
vn 0.1465 0.7692 -0.6220
vn 0.0775 0.7784 -0.6230
vn 0.1827 0.7369 -0.6508
vn 0.2023 0.7865 -0.5835
vn 0.1059 0.8547 -0.5082
vn 0.1919 0.8561 -0.4798
vn 0.5938 0.7041 -0.3894
vn 0.4036 0.7838 -0.4719
vn 0.7350 0.5510 -0.3952
vn 0.6565 0.6472 -0.3874
vn 0.2783 0.8319 -0.4801
vn 0.8434 0.4528 -0.2892
vn 0.4949 0.7586 -0.4238
vn 0.1556 0.8423 -0.5161
vn 0.0522 0.8438 -0.5342
vn 0.7475 0.5697 -0.3415
vn 0.1096 0.8234 -0.5568
vn 0.1109 0.8615 -0.4955
vn 0.2183 0.8302 -0.5130
vn 0.2413 0.8598 -0.4500
vn 0.5728 0.7066 -0.4154
vn 0.6010 0.7159 -0.3554
vn 0.4823 0.8097 -0.3344
vn 0.4597 0.7951 -0.3956
vn 0.8512 0.4814 -0.2092
vn 0.8117 0.5103 -0.2843
vn 0.1845 0.8683 -0.4604
vn 0.1769 0.8411 -0.5111
vn 0.5399 0.7608 -0.3602
vn 0.5155 0.7515 -0.4117
vn 0.9175 0.3304 -0.2214
vn 0.8777 0.3793 -0.2928
vn 0.3615 0.8402 -0.4042
vn 0.3343 0.8170 -0.4699
vn 0.6877 0.6537 -0.3157
vn 0.6515 0.6572 -0.3790
vn 0.0361 0.8433 -0.5363
vn 0.0332 0.8701 -0.4918
vn 0.3740 0.8188 -0.4354
vn 0.1087 0.8329 -0.5426
vn 0.1775 0.8235 -0.5389
vn 0.5228 0.6741 -0.5218
vn 0.0598 0.8582 -0.5098
vn 0.6332 0.6469 -0.4250
vn 0.2514 0.8447 -0.4725
vn 0.7691 0.5519 -0.3222
vn 0.4886 0.7577 -0.4326
vn 0.1429 0.8487 -0.5093
vn 0.8968 0.4184 0.1441
vn 0.9933 0.0685 0.0930
vn 0.7720 0.6197 0.1414
vn 0.9360 0.3505 0.0322
vn 0.9961 0.0877 0.0061
vn 0.9450 0.3228 0.0527
vn 0.8936 0.4356 0.1083
vn 0.5733 0.8183 0.0410
vn 0.8406 0.5380 0.0622
vn 0.9970 0.0028 0.0772
vn 0.9992 0.0398 -0.0021
vn 0.9673 0.2403 0.0807
vn -0.0307 0.9642 -0.2636
vn -0.5127 0.6466 -0.5649
vn -0.3990 0.6180 -0.6774
vn -0.7362 0.4387 -0.5154
vn -0.9338 0.3462 -0.0905
vn -0.4455 0.6669 -0.5972
vn -0.3446 0.8957 -0.2810
vn -0.1612 0.9410 -0.2976
vn -0.8980 0.4191 -0.1342
vn -0.6785 0.7000 -0.2227
vn 0.0307 0.9642 -0.2636
vn 0.0563 0.6819 -0.7293
vn 0.7362 0.4387 -0.5154
vn 0.4455 0.6669 -0.5972
vn 0.9156 0.3860 -0.1130
vn 0.3446 0.8957 -0.2810
vn 0.1612 0.9410 -0.2976
vn 0.8442 0.5193 -0.1328
vn 0.8980 0.4191 -0.1342
vn -0.9416 0.3351 0.0341
vn -0.9926 0.1212 0.0072
vn -0.9130 0.2957 -0.2812
vn -0.8903 0.4551 0.0157
vn -0.9293 0.3680 -0.0295
vn -0.9213 0.0275 0.3879
vn -0.8203 0.5715 0.0242
vn -0.7944 0.5515 -0.2544
vn -0.8563 0.3498 0.3799
vn -0.9998 0.0203 0.0089
vn -0.9375 0.3479 -0.0125
vn -0.9999 0.0143 0.0025
vn -0.8078 0.5872 -0.0515
vn -0.9917 0.1278 -0.0144
vn -0.9343 0.3554 -0.0292
vn -0.9991 0.0414 -0.0054
vn -0.9907 0.1355 -0.0143
vn -0.8010 0.5964 -0.0520
vn -0.9422 0.3331 0.0371
vn -0.8318 0.5528 0.0503
vn -0.9922 0.1238 0.0176
vn 0.9416 0.3351 0.0341
vn 0.9926 0.1212 0.0072
vn 0.9293 0.3680 -0.0295
vn 0.9213 0.0275 0.3879
vn 0.8203 0.5715 0.0242
vn 0.7944 0.5515 -0.2544
vn 0.8563 0.3498 0.3799
vn 0.9946 0.0392 0.0963
vn 0.9375 0.3479 -0.0125
vn 0.8895 0.4565 0.0200
vn 0.9999 0.0143 0.0025
vn 0.8078 0.5872 -0.0515
vn 0.9917 0.1278 -0.0144
vn 0.9343 0.3554 -0.0292
vn 0.9991 0.0414 -0.0054
vn 0.9907 0.1355 -0.0143
vn 0.8010 0.5964 -0.0520
vn 0.9422 0.3331 0.0371
vn 0.9992 0.0083 -0.0390
vn 0.8318 0.5528 0.0503
vn 0.9922 0.1238 0.0176
vn -0.0964 0.9570 -0.2738
vn -0.1447 0.8077 -0.5716
vn -0.1142 0.8012 -0.5875
vn -0.1116 0.9279 -0.3559
vn -0.1850 0.6835 -0.7062
vn -0.8887 0.4417 -0.1232
vn -0.5203 0.8108 -0.2681
vn -0.2738 0.7566 -0.5937
vn -0.9456 0.3182 -0.0672
vn -0.6972 0.6956 -0.1731
vn -0.2497 0.9100 -0.3309
vn -0.4979 0.6565 -0.5666
vn -0.3142 0.7548 -0.5757
vn -0.4259 0.6557 -0.6234
vn -0.1839 0.7760 -0.6033
vn -0.2374 0.7025 -0.6709
vn -0.1361 0.7626 -0.6324
vn -0.1081 0.8389 -0.5335
vn -0.2027 0.8444 -0.4960
vn -0.5856 0.7054 -0.3993
vn -0.3832 0.8031 -0.4563
vn -0.7460 0.5578 -0.3639
vn -0.1098 0.8380 -0.5345
vn -0.1133 0.8692 -0.4814
vn -0.2338 0.8400 -0.4896
vn -0.2461 0.8662 -0.4349
vn -0.5829 0.7119 -0.3917
vn -0.6077 0.7167 -0.3420
vn -0.8877 0.4353 -0.1498
vn -0.8914 0.4295 -0.1446
vn -0.4679 0.7991 -0.3775
vn -0.4361 0.7843 -0.4413
vn -0.8229 0.5029 -0.2644
vn -0.7706 0.5323 -0.3504
vn -0.3635 0.8172 -0.4474
vn -0.6973 0.5960 -0.3982
vn -0.1059 0.8515 -0.5135
vn -0.1834 0.8491 -0.4955
vn -0.5754 0.6956 -0.4302
vn -0.9250 0.3693 0.0899
vn -0.8936 0.4485 0.0161
vn -0.9426 0.3326 0.0284
vn -0.8887 0.4585 0.0084
vn -0.8684 0.4927 0.0560
vn -0.9997 0.0238 -0.0071
vn -0.0000 0.9636 -0.2672
vn 0.0964 0.9570 -0.2738
vn -0.0000 0.8168 -0.5769
vn 0.1447 0.8077 -0.5716
vn -0.0000 0.8167 -0.5771
vn 0.1142 0.8012 -0.5875
vn -0.0000 0.9321 -0.3622
vn 0.1116 0.9279 -0.3559
vn -0.0000 0.6750 -0.7379
vn 0.1850 0.6835 -0.7062
vn 0.8887 0.4417 -0.1232
vn 0.5203 0.8108 -0.2681
vn 0.2738 0.7566 -0.5937
vn 0.9456 0.3182 -0.0672
vn 0.6972 0.6956 -0.1731
vn 0.2497 0.9100 -0.3309
vn 0.4979 0.6565 -0.5666
vn 0.3142 0.7548 -0.5757
vn 0.4259 0.6557 -0.6234
vn 0.1839 0.7760 -0.6033
vn 0.2374 0.7025 -0.6709
vn -0.0000 0.7838 -0.6211
vn 0.1361 0.7626 -0.6324
vn -0.0000 0.8493 -0.5279
vn 0.1081 0.8389 -0.5335
vn 0.2027 0.8444 -0.4960
vn 0.5856 0.7054 -0.3993
vn 0.3832 0.8031 -0.4563
vn 0.8626 0.4856 -0.1415
vn 0.7460 0.5578 -0.3639
vn 0.1098 0.8380 -0.5345
vn 0.1133 0.8692 -0.4814
vn 0.2338 0.8400 -0.4896
vn 0.2461 0.8662 -0.4349
vn 0.5829 0.7119 -0.3917
vn 0.6077 0.7167 -0.3420
vn 0.8877 0.4353 -0.1498
vn -0.0000 0.8697 -0.4936
vn -0.0000 0.8479 -0.5302
vn 0.4679 0.7991 -0.3775
vn 0.4361 0.7843 -0.4413
vn 0.8229 0.5029 -0.2644
vn 0.7706 0.5323 -0.3504
vn -0.0000 0.8622 -0.5066
vn 0.3635 0.8172 -0.4474
vn 0.6973 0.5960 -0.3982
vn 0.1059 0.8515 -0.5135
vn 0.1834 0.8491 -0.4955
vn 0.5754 0.6956 -0.4302
vn 0.7904 0.5910 -0.1612
vn 0.8076 0.5896 -0.0093
vn 0.9250 0.3693 0.0899
vn 0.9426 0.3326 0.0284
vn 0.8887 0.4585 0.0084
vn 0.8684 0.4927 0.0560
vn 0.9997 0.0238 -0.0071
vn 0.4931 0.6652 -0.5607
vn 0.3425 0.6627 -0.6660
vn -0.6354 0.5374 -0.5545
vn -0.3788 0.6390 -0.6695
vn 0.3788 0.6390 -0.6695
vn -0.9420 0.3335 0.0372
vn -0.9401 0.3403 0.0181
vn -0.8895 0.4567 0.0173
vn -0.9322 0.3608 -0.0294
vn -0.9056 0.1848 0.3818
vn -0.9998 0.0165 0.0066
vn -0.9990 0.0444 -0.0056
vn -0.9359 0.3511 -0.0292
vn -0.8907 0.4540 0.0217
vn 0.9420 0.3335 0.0372
vn 0.9401 0.3403 0.0181
vn 0.8895 0.4567 0.0173
vn 0.9008 0.3713 -0.2250
vn 0.9322 0.3608 -0.0294
vn 0.9056 0.1848 0.3818
vn 0.9069 0.2038 0.3687
vn 0.9214 0.2235 0.3178
vn 0.9990 0.0444 -0.0056
vn 0.9359 0.3511 -0.0292
vn 0.8907 0.4540 0.0217
vn 0.9992 0.0390 -0.0052
vn 0.9980 -0.0000 0.0631
vn 0.4516 -0.0000 0.8922
vn 0.9296 -0.0000 0.3685
vn -0.9980 -0.0000 0.0631
vn -0.4516 -0.0000 0.8922
vn -0.9296 -0.0000 0.3685
vn 0.9980 -0.0123 0.0619
vn 0.4516 -0.1741 0.8751
vn 0.9296 -0.0719 0.3614
vn -0.9980 -0.0123 0.0618
vn -0.4516 -0.1741 0.8751
vn -0.9296 -0.0719 0.3614
vn 0.9980 -0.0241 0.0583
vn 0.4516 -0.3414 0.8243
vn 0.9296 -0.1410 0.3404
vn -0.9980 -0.0241 0.0583
vn -0.4516 -0.3414 0.8243
vn -0.9296 -0.1410 0.3404
vn 0.9980 -0.0350 0.0524
vn 0.4516 -0.4957 0.7418
vn 0.9296 -0.2047 0.3064
vn -0.9980 -0.0350 0.0524
vn -0.4516 -0.4957 0.7418
vn -0.9296 -0.2047 0.3064
vn 0.9980 -0.0446 0.0446
vn 0.4516 -0.6309 0.6309
vn 0.9296 -0.2605 0.2605
vn -0.9980 -0.0446 0.0446
vn -0.4516 -0.6309 0.6309
vn -0.9296 -0.2605 0.2605
vn 0.9980 -0.0524 0.0350
vn 0.4516 -0.7418 0.4957
vn 0.9296 -0.3064 0.2047
vn -0.9980 -0.0524 0.0350
vn -0.4516 -0.7418 0.4957
vn -0.9296 -0.3064 0.2047
vn 0.9980 -0.0583 0.0241
vn 0.4516 -0.8243 0.3414
vn 0.9296 -0.3404 0.1410
vn -0.9980 -0.0583 0.0241
vn -0.4516 -0.8243 0.3414
vn -0.9296 -0.3404 0.1410
vn 0.9980 -0.0619 0.0123
vn 0.4516 -0.8751 0.1741
vn 0.9296 -0.3614 0.0719
vn -0.9980 -0.0618 0.0123
vn -0.4516 -0.8751 0.1741
vn -0.9296 -0.3614 0.0719
vn 0.9980 -0.0631 -0.0000
vn 0.4516 -0.8922 -0.0000
vn 0.9296 -0.3685 -0.0000
vn -0.9980 -0.0631 -0.0000
vn -0.4516 -0.8922 -0.0000
vn -0.9296 -0.3685 -0.0000
vn 0.9980 -0.0619 -0.0123
vn 0.4516 -0.8751 -0.1741
vn 0.9296 -0.3614 -0.0719
vn -0.9980 -0.0618 -0.0123
vn -0.4516 -0.8751 -0.1741
vn -0.9296 -0.3614 -0.0719
vn 0.9980 -0.0583 -0.0241
vn 0.4516 -0.8243 -0.3414
vn 0.9296 -0.3404 -0.1410
vn -0.9980 -0.0583 -0.0241
vn -0.4516 -0.8243 -0.3414
vn -0.9296 -0.3404 -0.1410
vn 0.9980 -0.0524 -0.0350
vn 0.4516 -0.7418 -0.4957
vn 0.9296 -0.3064 -0.2047
vn -0.9980 -0.0524 -0.0350
vn -0.4516 -0.7418 -0.4957
vn -0.9296 -0.3064 -0.2047
vn 0.9980 -0.0446 -0.0446
vn 0.4516 -0.6309 -0.6309
vn 0.9296 -0.2605 -0.2605
vn -0.9980 -0.0446 -0.0446
vn -0.4516 -0.6309 -0.6309
vn -0.9296 -0.2605 -0.2605
vn 0.9980 -0.0350 -0.0524
vn 0.4516 -0.4957 -0.7418
vn 0.9296 -0.2047 -0.3064
vn -0.9980 -0.0350 -0.0524
vn -0.4516 -0.4957 -0.7418
vn -0.9296 -0.2047 -0.3064
vn 0.9980 -0.0241 -0.0583
vn 0.4516 -0.3414 -0.8243
vn 0.9296 -0.1410 -0.3404
vn -0.9980 -0.0241 -0.0583
vn -0.4516 -0.3414 -0.8243
vn -0.9296 -0.1410 -0.3404
vn 0.9980 -0.0123 -0.0619
vn 0.4516 -0.1741 -0.8751
vn 0.9296 -0.0719 -0.3614
vn -0.9980 -0.0123 -0.0619
vn -0.4516 -0.1741 -0.8751
vn -0.9296 -0.0719 -0.3614
vn 0.9980 -0.0000 -0.0631
vn 0.4516 -0.0000 -0.8922
vn 0.9296 -0.0000 -0.3685
vn -0.9980 -0.0000 -0.0631
vn -0.4516 -0.0000 -0.8922
vn -0.9296 -0.0000 -0.3685
vn 0.9980 0.0123 -0.0619
vn 0.4516 0.1741 -0.8751
vn 0.9296 0.0719 -0.3614
vn -0.9980 0.0123 -0.0618
vn -0.4516 0.1741 -0.8751
vn -0.9296 0.0719 -0.3614
vn 0.9980 0.0241 -0.0583
vn 0.4516 0.3414 -0.8243
vn 0.9296 0.1410 -0.3404
vn -0.9980 0.0241 -0.0583
vn -0.4516 0.3414 -0.8243
vn -0.9296 0.1410 -0.3404
vn 0.9980 0.0350 -0.0524
vn 0.4516 0.4957 -0.7418
vn 0.9296 0.2047 -0.3064
vn -0.9980 0.0350 -0.0524
vn -0.4516 0.4957 -0.7418
vn -0.9296 0.2047 -0.3064
vn 0.9980 0.0446 -0.0446
vn 0.4516 0.6309 -0.6309
vn 0.9296 0.2605 -0.2605
vn -0.9980 0.0446 -0.0446
vn -0.4516 0.6309 -0.6309
vn -0.9296 0.2605 -0.2605
vn 0.9980 0.0524 -0.0350
vn 0.4516 0.7418 -0.4957
vn 0.9296 0.3064 -0.2047
vn -0.9980 0.0524 -0.0350
vn -0.4516 0.7418 -0.4957
vn -0.9296 0.3064 -0.2047
vn 0.9980 0.0583 -0.0241
vn 0.4516 0.8243 -0.3414
vn 0.9296 0.3404 -0.1410
vn -0.9980 0.0583 -0.0241
vn -0.4516 0.8243 -0.3414
vn -0.9296 0.3404 -0.1410
vn 0.9980 0.0619 -0.0123
vn 0.4516 0.8751 -0.1741
vn 0.9296 0.3614 -0.0719
vn -0.9980 0.0618 -0.0123
vn -0.4516 0.8751 -0.1741
vn -0.9296 0.3614 -0.0719
vn 0.9980 0.0631 -0.0000
vn 0.4516 0.8922 -0.0000
vn 0.9296 0.3685 -0.0000
vn -0.9980 0.0631 -0.0000
vn -0.4516 0.8922 -0.0000
vn -0.9296 0.3685 -0.0000
vn 0.9980 0.0619 0.0123
vn 0.4516 0.8751 0.1741
vn 0.9296 0.3614 0.0719
vn -0.9980 0.0618 0.0123
vn -0.4516 0.8751 0.1741
vn -0.9296 0.3614 0.0719
vn 0.9980 0.0583 0.0241
vn 0.4516 0.8243 0.3414
vn 0.9296 0.3404 0.1410
vn -0.9980 0.0583 0.0241
vn -0.4516 0.8243 0.3414
vn -0.9296 0.3404 0.1410
vn 0.9980 0.0524 0.0350
vn 0.4516 0.7418 0.4957
vn 0.9296 0.3064 0.2047
vn -0.9980 0.0524 0.0350
vn -0.4516 0.7418 0.4957
vn -0.9296 0.3064 0.2047
vn 0.9980 0.0446 0.0446
vn 0.4516 0.6309 0.6309
vn 0.9296 0.2605 0.2605
vn -0.9980 0.0446 0.0446
vn -0.4516 0.6309 0.6309
vn -0.9296 0.2605 0.2605
vn 0.9980 0.0350 0.0524
vn 0.4516 0.4957 0.7418
vn 0.9296 0.2047 0.3064
vn -0.9980 0.0350 0.0524
vn -0.4516 0.4957 0.7418
vn -0.9296 0.2047 0.3064
vn 0.9980 0.0241 0.0583
vn 0.4516 0.3414 0.8243
vn 0.9296 0.1410 0.3404
vn -0.9980 0.0241 0.0583
vn -0.4516 0.3414 0.8243
vn -0.9296 0.1410 0.3404
vn 0.9980 0.0123 0.0618
vn 0.4516 0.1741 0.8751
vn 0.9296 0.0719 0.3614
vn -0.9980 0.0123 0.0618
vn -0.4516 0.1741 0.8751
vn -0.9296 0.0719 0.3614
vn -0.9980 -0.0123 0.0619
vn 0.9980 -0.0123 0.0618
vn -0.9980 -0.0619 0.0123
vn 0.9980 -0.0618 0.0123
vn -0.9980 -0.0619 -0.0123
vn 0.9980 -0.0618 -0.0123
vn 0.9980 -0.0123 -0.0618
vn -0.9980 0.0123 -0.0619
vn 0.9980 0.0123 -0.0618
vn -0.9980 0.0619 -0.0123
vn 0.9980 0.0618 -0.0123
vn -0.9980 0.0619 0.0123
vn 0.9980 0.0618 0.0123
vn -0.9980 0.0123 0.0619
vn -0.8185 -0.4852 0.3077
vn -0.8185 0.4530 0.3534
vn -0.3397 -0.9186 0.2017
vn 0.8185 -0.4852 0.3077
vn 0.3397 -0.9186 0.2017
vn 0.3399 0.8942 0.2912
vn 0.8185 0.4530 0.3534
vn -0.3399 0.8942 0.2912
vn -0.0000 0.9616 0.2746
vn -0.1538 -0.9719 0.1781
vn 0.1538 -0.9719 0.1781
vn -0.9980 -0.0123 -0.0618
vn 0.6872 -0.0910 -0.7207
vn 0.1246 -0.6276 -0.7685
vn 0.1380 0.6817 -0.7185
vn 0.6587 0.2128 -0.7217
vn -0.6872 -0.0910 -0.7207
vn -0.1246 -0.6276 -0.7685
vn -0.1380 0.6817 -0.7185
vn -0.6587 0.2128 -0.7217
vn 0.7053 0.0439 -0.7076
vn 0.4373 0.5140 -0.7379
vn 0.4887 -0.4071 -0.7717
vn -0.7053 0.0439 -0.7076
vn -0.0000 0.7041 -0.7101
vn -0.4373 0.5140 -0.7379
vn -0.0000 -0.6509 -0.7592
vn -0.4887 -0.4071 -0.7717
vn 0.3180 -0.0125 -0.9480
vn 0.0509 -0.2670 -0.9623
vn 0.0600 0.3355 -0.9401
vn 0.3133 0.1148 -0.9427
vn -0.3180 -0.0125 -0.9480
vn -0.0509 -0.2670 -0.9623
vn -0.0600 0.3355 -0.9401
vn -0.3133 0.1148 -0.9427
vn 0.3164 0.0428 -0.9477
vn 0.2156 0.2725 -0.9377
vn 0.2477 -0.1724 -0.9534
vn -0.3164 0.0428 -0.9477
vn -0.0000 0.3312 -0.9436
vn -0.2156 0.2725 -0.9377
vn -0.0000 -0.2519 -0.9677
vn -0.2477 -0.1724 -0.9534
vn -0.8599 -0.5104 0.0051
vn -0.0869 -0.1399 0.9863
vn -0.3202 0.3705 0.8719
vn -0.6598 0.6489 -0.3789
vn 0.0671 -0.3004 -0.9515
vn 0.2562 -0.7342 -0.6288
vn -0.5507 0.8029 0.2282
vn -0.3264 0.4604 0.8255
vn 0.0882 -0.1845 -0.9789
vn -0.3072 0.4227 -0.8526
vn 0.2678 -0.4955 -0.8263
vn 0.1836 -0.3455 -0.9203
vn -0.5905 0.2053 0.7805
vn -0.4486 -0.5173 0.7288
vn -0.2559 0.1897 0.9479
vn 0.1011 -0.9265 0.3624
vn -0.2205 -0.9124 -0.3449
vn -0.9542 0.1510 -0.2582
vn -0.5739 0.5386 0.6169
vn -0.2373 -0.4065 -0.8823
vn -0.2367 -0.0454 -0.9705
vn 0.1299 -0.4786 -0.8684
vn 0.2001 -0.4885 0.8493
vn 0.4258 -0.8794 -0.2131
vn -0.2083 0.3299 0.9207
vn -0.1135 0.1523 0.9818
vn -0.5440 0.8100 0.2188
vn -0.3093 0.4890 0.8156
vn 0.0726 -0.1725 -0.9823
vn -0.3164 0.4158 -0.8526
vn 0.2687 -0.5097 -0.8174
vn 0.1827 -0.3473 -0.9198
vn 0.1985 -0.3369 -0.9204
vn 0.2783 -0.4909 -0.8255
vn -0.3083 0.4141 -0.8564
vn 0.0974 -0.1775 -0.9793
vn -0.3179 0.4680 0.8246
vn -0.5587 0.8014 0.2137
vn -0.1366 0.1541 0.9786
vn -0.2249 0.3214 0.9198
vn 0.4343 -0.8721 -0.2254
vn 0.1889 -0.4935 0.8490
vn -0.1475 0.1505 0.9775
vn -0.2395 0.3127 0.9192
vn 0.4398 -0.8713 -0.2179
vn 0.1895 -0.4791 0.8571
vn -0.5516 0.8056 0.2163
vn -0.3217 0.4755 0.8188
vn 0.0606 -0.1865 -0.9806
vn -0.3249 0.4129 -0.8508
vn 0.2510 -0.5163 -0.8188
vn 0.1620 -0.3577 -0.9197
vn -0.1312 0.1457 0.9806
vn -0.2288 0.3191 0.9197
vn 0.4219 -0.8805 -0.2163
vn 0.1952 -0.4878 0.8509
vn -0.5323 0.8152 0.2281
vn -0.2757 0.5043 0.8184
vn 0.0387 -0.1955 -0.9799
vn -0.3542 0.4071 -0.8419
vn 0.2316 -0.5296 -0.8160
vn 0.1465 -0.3662 -0.9189
vn -0.0835 0.1714 0.9817
vn -0.1757 0.3499 0.9201
vn 0.3975 -0.8948 -0.2032
vn 0.2091 -0.4690 0.8581
vn -0.5273 0.8321 0.1716
vn -0.2347 0.5294 0.8152
vn 0.0144 -0.2101 -0.9776
vn -0.3676 0.3853 -0.8464
vn 0.2060 -0.5419 -0.8148
vn 0.1242 -0.3783 -0.9173
vn -0.0403 0.1927 0.9804
vn -0.1288 0.3758 0.9177
vn 0.3753 -0.9016 -0.2151
vn 0.2447 -0.5051 0.8276
vn 0.8720 -0.4895 0.0051
vn 0.1646 -0.0053 0.9863
vn -0.1608 -0.4625 0.8719
vn -0.2321 -0.8959 -0.3789
vn 0.2266 0.2083 -0.9515
vn 0.5077 0.5889 -0.6288
vn -0.4200 -0.8784 0.2282
vn -0.2355 -0.5129 0.8255
vn 0.1157 0.1686 -0.9789
vn -0.2124 -0.4774 -0.8526
vn 0.2953 0.4797 -0.8263
vn 0.2074 0.3317 -0.9203
vn 0.1175 -0.6140 0.7805
vn 0.6723 -0.1298 0.7288
vn -0.0363 -0.3165 0.9479
vn 0.7518 0.5509 0.3624
vn 0.9004 0.2652 -0.3449
vn 0.3464 -0.9019 -0.2582
vn -0.1795 -0.7663 0.6169
vn 0.4707 -0.0022 -0.8823
vn 0.1577 -0.1822 -0.9705
vn 0.3495 0.3518 -0.8684
vn 0.3230 0.4175 0.8493
vn 0.5487 0.8084 -0.2131
vn -0.1816 -0.3453 0.9207
vn -0.0751 -0.1745 0.9818
vn -0.4295 -0.8761 0.2188
vn -0.2688 -0.5124 0.8156
vn 0.1131 0.1491 -0.9823
vn -0.2019 -0.4819 -0.8526
vn 0.3071 0.4875 -0.8174
vn 0.2094 0.3319 -0.9198
vn 0.1926 0.3403 -0.9204
vn 0.2860 0.4865 -0.8255
vn -0.2045 -0.4741 -0.8564
vn 0.1050 0.1731 -0.9793
vn -0.2464 -0.5093 0.8246
vn -0.4147 -0.8845 0.2137
vn -0.0652 -0.1954 0.9786
vn -0.1659 -0.3554 0.9198
vn 0.5381 0.8122 -0.2254
vn 0.3329 0.4104 0.8490
vn -0.0566 -0.2030 0.9775
vn -0.1510 -0.3637 0.9192
vn 0.5346 0.8165 -0.2179
vn 0.3202 0.4036 0.8571
vn -0.4219 -0.8805 0.2163
vn -0.2510 -0.5163 0.8188
vn 0.1312 0.1457 -0.9806
vn -0.1952 -0.4878 -0.8509
vn 0.3217 0.4755 -0.8188
vn 0.2288 0.3191 -0.9197
vn -0.0606 -0.1865 0.9806
vn -0.1620 -0.3577 0.9197
vn 0.5516 0.8056 -0.2163
vn 0.3249 0.4129 0.8508
vn -0.4399 -0.8686 0.2281
vn -0.2989 -0.4909 0.8184
vn 0.1499 0.1312 -0.9799
vn -0.1755 -0.5103 -0.8419
vn 0.3428 0.4653 -0.8160
vn 0.2439 0.3100 -0.9189
vn -0.1067 -0.1580 0.9817
vn -0.2152 -0.3272 0.9201
vn 0.5762 0.7916 -0.2032
vn 0.3016 0.4156 0.8581
vn -0.4570 -0.8727 0.1716
vn -0.3412 -0.4680 0.8152
vn 0.1748 0.1175 -0.9776
vn -0.1498 -0.5110 -0.8464
vn 0.3663 0.4494 -0.8148
vn 0.2655 0.2967 -0.9173
vn -0.1468 -0.1312 0.9804
vn -0.2611 -0.2995 0.9177
vn 0.5931 0.7758 -0.2151
vn 0.3150 0.4645 0.8276
vn -0.0121 0.9999 0.0051
vn -0.0777 0.1452 0.9863
vn 0.4809 0.0920 0.8719
vn 0.8919 0.2470 -0.3789
vn -0.2937 0.0920 -0.9515
vn -0.7639 0.1452 -0.6288
vn 0.9707 0.0755 0.2282
vn 0.5619 0.0525 0.8255
vn -0.2039 0.0159 -0.9789
vn 0.5197 0.0547 -0.8526
vn -0.5630 0.0159 -0.8263
vn -0.3910 0.0137 -0.9203
vn 0.4730 0.4088 0.7805
vn -0.2237 0.6471 0.7288
vn 0.2922 0.1268 0.9479
vn -0.8530 0.3757 0.3624
vn -0.6799 0.6471 -0.3449
vn 0.6079 0.7509 -0.2582
vn 0.7534 0.2277 0.6169
vn -0.2334 0.4088 -0.8823
vn 0.0790 0.2277 -0.9705
vn -0.4794 0.1268 -0.8684
vn -0.5230 0.0710 0.8493
vn -0.9744 0.0710 -0.2131
vn 0.3899 0.0154 0.9207
vn 0.1887 0.0222 0.9818
vn 0.9735 0.0661 0.2188
vn 0.5782 0.0234 0.8156
vn -0.1857 0.0234 -0.9823
vn 0.5183 0.0661 -0.8526
vn -0.5757 0.0222 -0.8174
vn -0.3921 0.0154 -0.9198
vn -0.3910 -0.0034 -0.9204
vn -0.5643 0.0044 -0.8255
vn 0.5128 0.0600 -0.8564
vn -0.2024 0.0044 -0.9793
vn 0.5643 0.0413 0.8246
vn 0.9733 0.0831 0.2137
vn 0.2018 0.0413 0.9786
vn 0.3908 0.0340 0.9198
vn -0.9724 0.0600 -0.2254
vn -0.5219 0.0831 0.8490
vn 0.2041 0.0525 0.9775
vn 0.3905 0.0511 0.9192
vn -0.9744 0.0547 -0.2179
vn -0.5096 0.0755 0.8571
vn 0.9734 0.0749 0.2163
vn 0.5726 0.0408 0.8188
vn -0.1918 0.0408 -0.9806
vn 0.5200 0.0749 -0.8509
vn -0.5726 0.0408 -0.8188
vn -0.3907 0.0386 -0.9197
vn 0.1918 0.0408 0.9806
vn 0.3907 0.0386 0.9197
vn -0.9734 0.0749 -0.2163
vn -0.5200 0.0749 0.8508
vn 0.9722 0.0534 0.2281
vn 0.5745 -0.0134 0.8184
vn -0.1886 0.0642 -0.9799
vn 0.5297 0.1032 -0.8419
vn -0.5744 0.0642 -0.8160
vn -0.3904 0.0562 -0.9189
vn 0.1902 -0.0134 0.9817
vn 0.3909 -0.0228 0.9201
vn -0.9737 0.1032 -0.2032
vn -0.5107 0.0534 0.8581
vn 0.9843 0.0406 0.1716
vn 0.5758 -0.0615 0.8152
vn -0.1892 0.0926 -0.9776
vn 0.5175 0.1257 -0.8464
vn -0.5723 0.0926 -0.8148
vn -0.3897 0.0816 -0.9173
vn 0.1870 -0.0615 0.9804
vn 0.3899 -0.0764 0.9177
vn -0.9685 0.1257 -0.2151
vn -0.5598 0.0406 0.8276
vn 0.5945 0.1685 0.7862
vn -0.5645 -0.3114 0.7645
vn 0.1911 -0.6935 0.6947
vn -0.1911 -0.6935 0.6947
vn -0.8221 -0.4407 -0.3604
vn 0.2795 -0.8986 -0.3384
vn 0.8748 0.3563 -0.3283
vn -0.2795 -0.8986 -0.3384
vn -0.1417 0.7571 0.6378
vn -0.5945 0.1685 0.7862
vn 0.5645 -0.3114 0.7645
vn 0.1417 0.7571 0.6378
vn 0.7726 -0.4080 -0.4865
vn -0.1501 0.8995 -0.4104
vn -0.8194 0.3471 -0.4561
vn -0.7726 -0.4080 -0.4865
vn -0.8748 0.3563 -0.3283
vn -0.1593 0.9378 -0.3085
vn 0.8221 -0.4407 -0.3604
vn 0.1593 0.9378 -0.3085
vn -0.7404 -0.3537 -0.5717
vn 0.3289 -0.7524 -0.5707
vn 0.7673 0.3304 -0.5497
vn -0.3289 -0.7524 -0.5707
vn 0.1501 0.8995 -0.4104
vn -0.3191 -0.8323 -0.4533
vn 0.8194 0.3471 -0.4561
vn 0.3191 -0.8323 -0.4533
vn -0.2733 0.3571 -0.8932
vn -0.3018 -0.2827 -0.9105
vn 0.2733 0.3571 -0.8932
vn 0.3018 -0.2827 -0.9105
vn -0.7673 0.3304 -0.5497
vn -0.1434 0.8504 -0.5063
vn 0.7404 -0.3537 -0.5717
vn 0.1434 0.8504 -0.5063
vn -0.5675 -0.0530 0.8217
vn -0.4351 -0.5819 0.6871
vn -0.2779 -0.9595 0.0455
vn -0.1791 0.9838 0.0021
vn 0.5920 0.7324 -0.3364
vn -0.9315 0.3341 0.1436
vn 0.9407 -0.0231 -0.3384
vn -0.8801 -0.4607 0.1149
vn -0.0000 -0.9467 -0.3221
vn 0.2779 -0.9595 0.0455
vn 0.1791 0.9838 0.0021
vn 0.9315 0.3341 0.1436
vn 0.8801 -0.4607 0.1149
vn -0.5659 -0.7406 -0.3623
vn 0.5675 -0.0530 0.8217
vn -0.0000 0.7662 0.6425
vn 0.4351 -0.5819 0.6871
vn -0.0000 -0.6884 0.7253
vn 0.4827 0.5364 0.6923
vn -0.4827 0.5364 0.6923
vn 0.0377 0.2027 0.9785
vn 0.1367 -0.0923 0.9863
vn -0.1397 -0.0030 0.9902
vn -0.0377 0.2027 0.9785
vn -0.0478 -0.2060 0.9774
vn 0.0478 -0.2060 0.9774
vn -0.1367 -0.0923 0.9863
vn 0.1397 -0.0030 0.9902
vn -0.2951 -0.8616 -0.4130
vn -0.1533 0.9151 -0.3728
vn -0.0000 0.9209 -0.3897
vn -0.8373 0.3526 -0.4178
vn -0.5535 0.7000 -0.4513
vn -0.7864 -0.4233 -0.4499
vn -0.5652 -0.6755 -0.4734
vn 0.2951 -0.8616 -0.4130
vn 0.1533 0.9151 -0.3728
vn 0.8373 0.3526 -0.4178
vn 0.7864 -0.4233 -0.4499
vn -0.8790 -0.0148 -0.4765
vn 0.5659 -0.7406 -0.3623
vn -0.9407 -0.0231 -0.3384
vn -0.5920 0.7324 -0.3364
vn -0.0000 0.9563 -0.2924
vn -0.3358 -0.7935 -0.5076
vn -0.1461 0.8796 -0.4528
vn 0.5177 0.6595 -0.5451
vn -0.7971 0.3400 -0.4991
vn 0.8241 0.0016 -0.5665
vn -0.7577 -0.3868 -0.5256
vn -0.0000 -0.8150 -0.5795
vn 0.3358 -0.7935 -0.5076
vn 0.1461 0.8795 -0.4528
vn 0.7971 0.3400 -0.4991
vn 0.7577 -0.3868 -0.5256
vn -0.5641 -0.6040 -0.5630
vn 0.5652 -0.6755 -0.4734
vn 0.8790 -0.0148 -0.4765
vn 0.5535 0.7000 -0.4513
vn -0.0000 -0.8963 -0.4435
vn -0.3064 -0.6488 -0.6965
vn -0.2071 0.7291 -0.6523
vn -0.0000 -0.3224 -0.9466
vn -0.6504 0.3475 -0.6755
vn -0.0000 0.3796 -0.9252
vn -0.6551 -0.3124 -0.6880
vn -0.3506 0.0325 -0.9359
vn 0.3064 -0.6488 -0.6965
vn 0.2071 0.7291 -0.6523
vn 0.6504 0.3475 -0.6755
vn 0.6551 -0.3124 -0.6880
vn 0.3506 0.0325 -0.9359
vn 0.5641 -0.6040 -0.5630
vn -0.8241 0.0016 -0.5665
vn -0.5177 0.6595 -0.5451
vn -0.0000 0.8744 -0.4852
vn -0.1188 -0.0423 0.9920
vn -0.6070 -0.7940 0.0329
vn -0.0000 -0.9969 0.0782
vn -0.6523 0.7561 0.0529
vn -0.5698 -0.6406 -0.5148
vn -0.9828 -0.0452 0.1792
vn 0.6070 -0.7940 0.0329
vn 0.6523 0.7561 0.0529
vn 0.9828 -0.0452 0.1792
vn 0.1236 -0.1855 0.9748
vn -0.0000 -0.1920 0.9814
vn -0.1236 -0.1855 0.9748
vn 0.1188 -0.0423 0.9920
vn 0.1404 0.1207 0.9827
vn -0.0000 0.1935 0.9811
vn -0.1404 0.1207 0.9827
vn -0.5580 -0.7054 -0.4370
vn -0.0000 -0.9166 -0.3997
vn -0.5662 0.7137 -0.4125
vn -0.0000 0.9356 -0.3530
vn -0.5494 -0.5720 -0.6091
vn -0.8985 -0.0176 -0.4385
vn 0.5580 -0.7054 -0.4370
vn 0.5662 0.7137 -0.4125
vn 0.8985 -0.0176 -0.4385
vn -0.0000 -0.8617 -0.5075
vn -0.5377 0.6828 -0.4947
vn -0.0000 0.9022 -0.4314
vn -0.8552 -0.0097 -0.5182
vn 0.5698 -0.6406 -0.5148
vn 0.5377 0.6828 -0.4947
vn 0.8552 -0.0097 -0.5182
vn -0.0000 -0.7111 -0.7031
vn -0.5001 0.6297 -0.5945
vn -0.0000 0.7770 -0.6295
vn -0.0000 0.0287 -0.9996
vn -0.7316 0.0210 -0.6815
vn 0.5494 -0.5720 -0.6091
vn 0.5001 0.6297 -0.5945
vn 0.7316 0.0210 -0.6815
vt 0.397602 0.318433
vt 0.395091 0.365348
vt 0.381882 0.365557
vt 0.385075 0.318627
vt 0.387739 0.281078
vt 0.399700 0.280896
vt 0.413651 0.280718
vt 0.412213 0.318244
vt 0.410497 0.365144
vt 0.426862 0.318096
vt 0.425946 0.364986
vt 0.427639 0.280580
vt 0.442266 0.280469
vt 0.442182 0.317978
vt 0.442101 0.364860
vt 0.458803 0.317879
vt 0.459629 0.364754
vt 0.458135 0.280375
vt 0.474710 0.280336
vt 0.476164 0.317838
vt 0.477937 0.364711
vt 0.493701 0.317897
vt 0.496433 0.364776
vt 0.491452 0.280390
vt 0.506750 0.280525
vt 0.509726 0.318043
vt 0.513335 0.364935
vt 0.522548 0.318262
vt 0.526861 0.365173
vt 0.518990 0.280729
vt 0.529525 0.281005
vt 0.533586 0.318559
vt 0.538504 0.365494
vt 0.544256 0.318938
vt 0.549761 0.365903
vt 0.539708 0.281357
vt 0.549715 0.281747
vt 0.554742 0.319357
vt 0.560825 0.366356
vt 0.996050 0.693487
vt 0.997660 0.741199
vt 0.995320 0.740774
vt 0.993881 0.693094
vt 0.992766 0.654934
vt 0.994788 0.655302
vt 0.996810 0.655669
vt 0.998218 0.693881
vt 1.000000 0.741623
vt 0.571266 0.321832
vt 0.565896 0.369252
vt 0.560825 0.368961
vt 0.566456 0.321563
vt 0.571125 0.283633
vt 0.575717 0.283884
vt 0.582617 0.284075
vt 0.578493 0.322037
vt 0.573518 0.369473
vt 0.590554 0.322113
vt 0.586238 0.369555
vt 0.594133 0.284145
vt 0.610647 0.284120
vt 0.607851 0.322093
vt 0.604479 0.369534
vt 0.630783 0.322013
vt 0.628663 0.369448
vt 0.632541 0.284027
vt 0.656776 0.283962
vt 0.656167 0.321957
vt 0.655433 0.369388
vt 0.680820 0.322011
vt 0.681431 0.369448
vt 0.680313 0.284024
vt 0.701166 0.284044
vt 0.702660 0.322014
vt 0.704464 0.369452
vt 0.719607 0.321803
vt 0.722337 0.369224
vt 0.717346 0.283853
vt 0.730116 0.283524
vt 0.732983 0.321451
vt 0.736444 0.368845
vt 0.744112 0.321033
vt 0.748180 0.368394
vt 0.740740 0.283135
vt 0.750290 0.282714
vt 0.754115 0.320582
vt 0.758731 0.367907
vt 0.556142 0.426955
vt 0.555945 0.469493
vt 0.553369 0.468901
vt 0.553763 0.426387
vt 0.554045 0.392312
vt 0.556255 0.392860
vt 0.558464 0.393408
vt 0.558522 0.427522
vt 0.558522 0.470085
vt 0.367055 0.319151
vt 0.362882 0.366121
vt 0.359417 0.366356
vt 0.363767 0.319370
vt 0.367388 0.281771
vt 0.370529 0.281567
vt 0.374397 0.281381
vt 0.371104 0.318951
vt 0.367150 0.365905
vt 0.376677 0.318788
vt 0.373026 0.365730
vt 0.379719 0.281229
vt 0.530364 0.224831
vt 0.539352 0.225141
vt 0.541214 0.234584
vt 0.532041 0.234259
vt 0.522706 0.233966
vt 0.521215 0.224552
vt 0.519399 0.210023
vt 0.528321 0.210282
vt 0.537086 0.210569
vt 0.679260 0.226728
vt 0.698027 0.226823
vt 0.698593 0.236346
vt 0.679450 0.236185
vt 0.652462 0.238294
vt 0.658077 0.226627
vt 0.658357 0.212059
vt 0.679029 0.212109
vt 0.697342 0.212131
vt 0.486982 0.224070
vt 0.500742 0.224174
vt 0.501817 0.233569
vt 0.487779 0.233460
vt 0.472413 0.233418
vt 0.471918 0.224032
vt 0.471306 0.209545
vt 0.486004 0.209578
vt 0.499429 0.209673
vt 0.601701 0.226943
vt 0.616563 0.226894
vt 0.621383 0.236636
vt 0.600335 0.236488
vt 0.589762 0.236430
vt 0.591336 0.226888
vt 0.593227 0.212175
vt 0.603342 0.212226
vt 0.617845 0.212201
vt 0.743906 0.225510
vt 0.745582 0.225241
vt 0.747104 0.234712
vt 0.745394 0.234993
vt 0.741920 0.235292
vt 0.740501 0.225796
vt 0.738787 0.211151
vt 0.742109 0.210884
vt 0.743744 0.210633
vt 0.386403 0.224774
vt 0.393626 0.224651
vt 0.392555 0.234061
vt 0.385188 0.234189
vt 0.380297 0.234318
vt 0.381607 0.224898
vt 0.383164 0.210363
vt 0.387846 0.210247
vt 0.394897 0.210132
vt 0.429551 0.224241
vt 0.442718 0.224148
vt 0.442627 0.233537
vt 0.429197 0.233634
vt 0.416352 0.233753
vt 0.416958 0.224356
vt 0.417670 0.209854
vt 0.429960 0.209745
vt 0.442810 0.209656
vt 0.993360 0.597739
vt 0.994982 0.598035
vt 0.995273 0.607656
vt 0.993575 0.607347
vt 0.991878 0.607037
vt 0.991737 0.597444
vt 0.991703 0.582685
vt 0.993215 0.582961
vt 0.994728 0.583237
vt 0.712587 0.226695
vt 0.724078 0.226430
vt 0.725167 0.235956
vt 0.713445 0.236232
vt 0.711550 0.211989
vt 0.722763 0.211742
vt 0.511747 0.224334
vt 0.513045 0.233737
vt 0.510165 0.209821
vt 0.636266 0.226736
vt 0.635593 0.236151
vt 0.637073 0.212118
vt 0.378119 0.225049
vt 0.376740 0.234475
vt 0.373851 0.234647
vt 0.375284 0.225213
vt 0.376988 0.210657
vt 0.379757 0.210504
vt 0.457002 0.224068
vt 0.457197 0.233455
vt 0.456750 0.209580
vt 0.585125 0.226736
vt 0.583427 0.236271
vt 0.579210 0.236061
vt 0.580990 0.226535
vt 0.583130 0.211847
vt 0.587166 0.212033
vt 0.733637 0.226117
vt 0.734918 0.235628
vt 0.732090 0.211450
vt 0.404397 0.224502
vt 0.403540 0.233905
vt 0.405410 0.209992
vt 0.484664 0.184882
vt 0.497639 0.184962
vt 0.470456 0.184856
vt 0.469475 0.157138
vt 0.483113 0.157156
vt 0.495565 0.157221
vt 0.710155 0.186947
vt 0.720995 0.186729
vt 0.696419 0.187080
vt 0.695341 0.158981
vt 0.708529 0.158865
vt 0.718935 0.158676
vt 0.508013 0.185089
vt 0.516933 0.185264
vt 0.505517 0.157327
vt 0.514072 0.157475
vt 0.730012 0.186470
vt 0.736485 0.186207
vt 0.727589 0.158454
vt 0.733803 0.158226
vt 0.525548 0.185490
vt 0.534011 0.185740
vt 0.522333 0.157666
vt 0.530446 0.157878
vt 0.739696 0.185972
vt 0.741275 0.185751
vt 0.736884 0.158024
vt 0.738398 0.157835
vt 0.993214 0.557840
vt 0.994546 0.558084
vt 0.991883 0.557596
vt 0.992318 0.529460
vt 0.993463 0.529671
vt 0.994609 0.529882
vt 0.381916 0.185724
vt 0.385215 0.185599
vt 0.379233 0.185859
vt 0.381862 0.158026
vt 0.384443 0.157909
vt 0.387616 0.157801
vt 0.589892 0.186998
vt 0.595754 0.187122
vt 0.585990 0.186834
vt 0.589319 0.158782
vt 0.593067 0.158923
vt 0.598695 0.159028
vt 0.406735 0.185266
vt 0.418592 0.185142
vt 0.396566 0.185392
vt 0.398521 0.157620
vt 0.408288 0.157509
vt 0.419676 0.157399
vt 0.605534 0.187165
vt 0.619556 0.187150
vt 0.608085 0.159065
vt 0.621548 0.159049
vt 0.430478 0.185043
vt 0.442904 0.184962
vt 0.431090 0.157310
vt 0.443022 0.157237
vt 0.389745 0.185496
vt 0.391969 0.157711
vt 0.638146 0.187095
vt 0.658725 0.187055
vt 0.639395 0.159001
vt 0.659152 0.158964
vt 0.456383 0.184891
vt 0.455964 0.157172
vt 0.678712 0.187083
vt 0.678342 0.158986
vt 0.994068 0.505748
vt 0.995087 0.505936
vt 0.993050 0.505560
vt 0.993787 0.484070
vt 0.994685 0.484236
vt 0.995582 0.484402
vt 0.387188 0.134263
vt 0.390222 0.134166
vt 0.384718 0.134367
vt 0.387516 0.113097
vt 0.389877 0.113005
vt 0.392778 0.112919
vt 0.596452 0.135101
vt 0.601831 0.135194
vt 0.592869 0.134977
vt 0.596329 0.113577
vt 0.599750 0.113686
vt 0.604887 0.113767
vt 0.409986 0.133903
vt 0.420871 0.133802
vt 0.400649 0.134004
vt 0.402738 0.112774
vt 0.411655 0.112683
vt 0.422051 0.112592
vt 0.610805 0.135226
vt 0.623671 0.135211
vt 0.613456 0.113794
vt 0.625741 0.113780
vt 0.431781 0.133722
vt 0.443185 0.133654
vt 0.432470 0.112519
vt 0.443360 0.112457
vt 0.394385 0.134085
vt 0.396755 0.112847
vt 0.640728 0.135166
vt 0.659609 0.135132
vt 0.642027 0.113740
vt 0.660056 0.113708
vt 0.455555 0.133594
vt 0.468467 0.133561
vt 0.455172 0.112402
vt 0.467501 0.112370
vt 0.677948 0.135150
vt 0.694195 0.135145
vt 0.677567 0.113722
vt 0.693080 0.113716
vt 0.481499 0.133575
vt 0.493396 0.133630
vt 0.479942 0.112379
vt 0.491299 0.112425
vt 0.706798 0.135041
vt 0.716741 0.134873
vt 0.705113 0.113624
vt 0.714607 0.113475
vt 0.502903 0.133722
vt 0.511074 0.133851
vt 0.500373 0.112503
vt 0.508170 0.112616
vt 0.725012 0.134674
vt 0.730949 0.134472
vt 0.722503 0.113299
vt 0.728171 0.113121
vt 0.518962 0.134019
vt 0.526709 0.134207
vt 0.515696 0.112762
vt 0.523086 0.112925
vt 0.733892 0.134292
vt 0.735339 0.134124
vt 0.730980 0.112963
vt 0.732361 0.112815
vt 0.643177 0.092867
vt 0.660452 0.092839
vt 0.627572 0.092903
vt 0.629345 0.072825
vt 0.644291 0.072794
vt 0.660836 0.072768
vt 0.454832 0.091840
vt 0.466645 0.091808
vt 0.443513 0.091890
vt 0.443660 0.072110
vt 0.454503 0.072065
vt 0.465817 0.072035
vt 0.677232 0.092847
vt 0.692096 0.092840
vt 0.676907 0.072771
vt 0.691144 0.072762
vt 0.478564 0.091810
vt 0.489441 0.091842
vt 0.477229 0.072030
vt 0.487642 0.072049
vt 0.703626 0.092763
vt 0.712722 0.092641
vt 0.702186 0.072700
vt 0.710896 0.072604
vt 0.498130 0.091902
vt 0.505592 0.091990
vt 0.495956 0.072090
vt 0.503095 0.072154
vt 0.720286 0.092498
vt 0.725715 0.092352
vt 0.718139 0.072492
vt 0.723338 0.072379
vt 0.512792 0.092104
vt 0.519861 0.092233
vt 0.509980 0.072239
vt 0.516739 0.072335
vt 0.728406 0.092224
vt 0.729728 0.092104
vt 0.725913 0.072279
vt 0.727178 0.072186
vt 0.994969 0.463298
vt 0.995697 0.463434
vt 0.994240 0.463162
vt 0.994646 0.443052
vt 0.995213 0.443159
vt 0.995780 0.443267
vt 0.392240 0.092356
vt 0.395024 0.092285
vt 0.389971 0.092432
vt 0.392350 0.072558
vt 0.394528 0.072498
vt 0.397200 0.072442
vt 0.602666 0.092831
vt 0.607589 0.092896
vt 0.599387 0.092743
vt 0.602348 0.072707
vt 0.605490 0.072774
vt 0.610206 0.072823
vt 0.413124 0.092086
vt 0.423090 0.092008
vt 0.404575 0.092164
vt 0.406355 0.072343
vt 0.414547 0.072279
vt 0.424095 0.072213
vt 0.615800 0.092916
vt 0.618071 0.072837
vt 0.433076 0.091944
vt 0.433662 0.072158
vt 0.398839 0.092226
vt 0.400857 0.072394
vt 0.715840 0.053506
vt 0.720792 0.053412
vt 0.708940 0.053599
vt 0.705633 0.035365
vt 0.711951 0.035286
vt 0.716486 0.035206
vt 0.506988 0.053357
vt 0.513421 0.053433
vt 0.500434 0.053290
vt 0.496022 0.035148
vt 0.502022 0.035203
vt 0.507911 0.035266
vt 0.723246 0.053330
vt 0.724449 0.053253
vt 0.718732 0.035137
vt 0.719835 0.035072
vt 0.995710 0.424044
vt 0.996177 0.424134
vt 0.995243 0.423955
vt 0.996210 0.405537
vt 0.996606 0.405613
vt 0.997002 0.405690
vt 0.396995 0.053615
vt 0.399543 0.053568
vt 0.394917 0.053665
vt 0.399386 0.035486
vt 0.401291 0.035444
vt 0.403626 0.035403
vt 0.608515 0.053754
vt 0.613008 0.053794
vt 0.605521 0.053699
vt 0.610919 0.035459
vt 0.613662 0.035504
vt 0.617777 0.035538
vt 0.416077 0.053426
vt 0.425176 0.053369
vt 0.408270 0.053482
vt 0.411619 0.035329
vt 0.418771 0.035281
vt 0.427105 0.035230
vt 0.620501 0.053804
vt 0.631243 0.053792
vt 0.624639 0.035546
vt 0.634477 0.035535
vt 0.434293 0.053320
vt 0.443820 0.053277
vt 0.435454 0.035187
vt 0.444180 0.035148
vt 0.403030 0.053526
vt 0.406820 0.035368
vt 0.645483 0.053764
vt 0.661246 0.053741
vt 0.647518 0.035510
vt 0.661954 0.035489
vt 0.454151 0.053236
vt 0.464930 0.053207
vt 0.453641 0.035112
vt 0.463513 0.035085
vt 0.676558 0.053741
vt 0.690123 0.053731
vt 0.675977 0.035488
vt 0.688400 0.035479
vt 0.475802 0.053198
vt 0.485720 0.053209
vt 0.473469 0.035075
vt 0.482551 0.035083
vt 0.700642 0.053679
vt 0.698033 0.035434
vt 0.493637 0.053240
vt 0.489800 0.035107
vt 0.693398 0.017701
vt 0.699751 0.017645
vt 0.685343 0.017738
vt 0.681619 0.000252
vt 0.687748 0.000224
vt 0.692583 0.000181
vt 0.483072 0.017446
vt 0.488274 0.017478
vt 0.477011 0.017426
vt 0.470287 0.000005
vt 0.474899 0.000020
vt 0.478858 0.000044
vt 0.705035 0.017581
vt 0.708826 0.017516
vt 0.696604 0.000132
vt 0.699489 0.000083
vt 0.493290 0.017522
vt 0.498212 0.017573
vt 0.482674 0.000078
vt 0.486420 0.000117
vt 0.710704 0.017459
vt 0.711626 0.017407
vt 0.700918 0.000040
vt 0.701619 0.000000
vt 0.998045 0.387528
vt 0.998367 0.387590
vt 0.997724 0.387466
vt 0.999511 0.369567
vt 0.999756 0.369615
vt 1.000000 0.369662
vt 0.409067 0.017725
vt 0.411020 0.017692
vt 0.407474 0.017760
vt 0.417371 0.000259
vt 0.418583 0.000232
vt 0.420069 0.000207
vt 0.622853 0.017760
vt 0.626294 0.017787
vt 0.620560 0.017723
vt 0.632321 0.000241
vt 0.634066 0.000269
vt 0.636684 0.000290
vt 0.423683 0.017591
vt 0.430652 0.017550
vt 0.417704 0.017632
vt 0.425155 0.000161
vt 0.429706 0.000131
vt 0.435009 0.000099
vt 0.632032 0.017794
vt 0.640257 0.017784
vt 0.641051 0.000294
vt 0.647310 0.000287
vt 0.437634 0.017514
vt 0.444929 0.017482
vt 0.440321 0.000072
vt 0.445873 0.000048
vt 0.413690 0.017663
vt 0.422101 0.000185
vt 0.651161 0.017764
vt 0.663231 0.017747
vt 0.655607 0.000272
vt 0.664793 0.000259
vt 0.452840 0.017452
vt 0.461094 0.017429
vt 0.451893 0.000025
vt 0.458174 0.000007
vt 0.674956 0.017745
vt 0.673715 0.000258
vt 0.469418 0.017421
vt 0.464509 0.000001
vt 0.400970 0.262115
vt 0.414534 0.261945
vt 0.389340 0.262289
vt 0.390412 0.252879
vt 0.401827 0.252712
vt 0.415140 0.252548
vt 0.402684 0.243309
vt 0.415746 0.243150
vt 0.391483 0.243470
vt 0.738762 0.264161
vt 0.748046 0.263761
vt 0.728434 0.264532
vt 0.727345 0.255007
vt 0.737481 0.254650
vt 0.747400 0.256563
vt 0.736200 0.245139
vt 0.743339 0.244789
vt 0.726256 0.245481
vt 0.578333 0.264877
vt 0.585041 0.265059
vt 0.573868 0.264639
vt 0.575649 0.255113
vt 0.580031 0.255342
vt 0.586615 0.255516
vt 0.581729 0.245806
vt 0.588189 0.245973
vt 0.577429 0.245587
vt 0.457782 0.261616
vt 0.473895 0.261578
vt 0.442354 0.261706
vt 0.442445 0.252317
vt 0.457587 0.252229
vt 0.473401 0.252191
vt 0.457392 0.242842
vt 0.472907 0.242805
vt 0.442536 0.242927
vt 0.372606 0.262755
vt 0.376367 0.262577
vt 0.369550 0.262949
vt 0.370984 0.253515
vt 0.373984 0.253328
vt 0.377677 0.253157
vt 0.375362 0.243902
vt 0.378987 0.243738
vt 0.372417 0.244081
vt 0.633576 0.264940
vt 0.657136 0.264842
vt 0.612291 0.265083
vt 0.619562 0.254837
vt 0.634248 0.255302
vt 0.651897 0.252687
vt 0.135567 0.726945
vt 0.147233 0.738443
vt 0.146229 0.749828
vt 0.133487 0.734343
vt 0.120745 0.718859
vt 0.123901 0.715447
vt 0.126657 0.711159
vt 0.137256 0.719196
vt 0.147856 0.727232
vt 0.516938 0.261948
vt 0.527177 0.262210
vt 0.505041 0.261755
vt 0.503967 0.252360
vt 0.515640 0.252545
vt 0.525687 0.252796
vt 0.514343 0.243141
vt 0.524196 0.243381
vt 0.502892 0.242965
vt 0.716020 0.264844
vt 0.700290 0.265009
vt 0.699724 0.255445
vt 0.715162 0.255307
vt 0.714303 0.245770
vt 0.699159 0.245888
vt 0.994223 0.636168
vt 0.996146 0.636518
vt 0.992301 0.635819
vt 0.992160 0.626225
vt 0.994007 0.626561
vt 0.995855 0.626897
vt 0.993791 0.616954
vt 0.995564 0.617277
vt 0.992019 0.616631
vt 0.428134 0.261813
vt 0.428488 0.252420
vt 0.428842 0.243027
vt 0.381543 0.262432
vt 0.382758 0.253018
vt 0.383973 0.243603
vt 0.556197 0.375652
vt 0.558291 0.376190
vt 0.554103 0.375115
vt 0.554050 0.366356
vt 0.556055 0.366888
vt 0.558059 0.367420
vt 0.746882 0.244476
vt 0.748626 0.244182
vt 0.750149 0.253653
vt 0.748370 0.253959
vt 0.596237 0.265125
vt 0.597603 0.255579
vt 0.598969 0.246034
vt 0.611485 0.245813
vt 0.490171 0.261628
vt 0.489374 0.252239
vt 0.488577 0.242849
vt 0.680018 0.264936
vt 0.679829 0.255313
vt 0.679639 0.245721
vt 0.657932 0.245412
vt 0.537073 0.262544
vt 0.546798 0.262914
vt 0.535396 0.253116
vt 0.544937 0.253471
vt 0.533719 0.243688
vt 0.543075 0.244027
vt 0.164950 0.722190
vt 0.155108 0.728082
vt 0.153291 0.722113
vt 0.164179 0.713707
vt 0.175068 0.705302
vt 0.174793 0.716299
vt 0.174159 0.726291
vt 0.165572 0.730488
vt 0.156985 0.734685
vt 0.623152 0.245134
vt 0.622415 0.252868
vt 0.623889 0.237400
vt 0.634767 0.237895
vt 0.634355 0.244041
vt 0.633944 0.250187
vt 0.162891 0.705875
vt 0.150906 0.717882
vt 0.148237 0.714520
vt 0.161344 0.698367
vt 0.174451 0.682214
vt 0.174876 0.693867
vt 0.686921 0.763073
vt 0.694880 0.763098
vt 0.696089 0.767285
vt 0.686313 0.767285
vt 0.676537 0.767285
vt 0.678961 0.763047
vt 0.680584 0.758412
vt 0.686954 0.758455
vt 0.693325 0.758497
vt 0.166410 0.737765
vt 0.159548 0.740817
vt 0.173272 0.734712
vt 0.172893 0.740899
vt 0.167502 0.743301
vt 0.162111 0.745703
vt 0.685839 0.753024
vt 0.691075 0.753065
vt 0.680602 0.752984
vt 0.679864 0.747130
vt 0.684181 0.747161
vt 0.688498 0.747191
vt 0.138166 0.710744
vt 0.147716 0.716368
vt 0.128616 0.705119
vt 0.130506 0.698396
vt 0.138803 0.702399
vt 0.147099 0.706401
vt 0.645480 0.242577
vt 0.645282 0.247586
vt 0.645677 0.237568
vt 0.655946 0.237045
vt 0.655871 0.241142
vt 0.655795 0.245238
vt 0.142095 0.686153
vt 0.146811 0.688241
vt 0.145968 0.691570
vt 0.140775 0.689280
vt 0.135582 0.686990
vt 0.137379 0.684066
vt 0.138812 0.682214
vt 0.143525 0.684308
vt 0.148237 0.686401
vt 0.682588 0.741242
vt 0.685960 0.741265
vt 0.679216 0.741220
vt 0.678694 0.736214
vt 0.681348 0.736231
vt 0.684002 0.736248
vt 0.139675 0.694970
vt 0.146290 0.697879
vt 0.133060 0.692060
vt 0.664875 0.240135
vt 0.664845 0.243319
vt 0.664905 0.236951
vt 0.673207 0.237071
vt 0.673186 0.239343
vt 0.673164 0.241615
vt 0.107185 0.753865
vt 0.107186 0.749864
vt 0.109913 0.749837
vt 0.109913 0.753914
vt 0.109913 0.757990
vt 0.107185 0.757865
vt 0.104457 0.757740
vt 0.104458 0.753816
vt 0.104459 0.749891
vt 0.539924 0.573449
vt 0.539924 0.575732
vt 0.537526 0.575744
vt 0.537526 0.573461
vt 0.537526 0.571177
vt 0.539924 0.571165
vt 0.542322 0.571153
vt 0.542322 0.573436
vt 0.542322 0.575720
vt 0.168882 0.746375
vt 0.163985 0.748565
vt 0.173780 0.744186
vt 0.175301 0.746023
vt 0.170407 0.748219
vt 0.165513 0.750415
vt 0.680748 0.733089
vt 0.683162 0.733104
vt 0.678333 0.733074
vt 0.678053 0.730866
vt 0.680467 0.730881
vt 0.682881 0.730897
vt 0.922042 0.317777
vt 0.934569 0.317922
vt 0.937674 0.364653
vt 0.924465 0.364498
vt 0.909058 0.364342
vt 0.907432 0.317632
vt 0.906065 0.280255
vt 0.920016 0.280392
vt 0.931978 0.280527
vt 0.892782 0.317514
vt 0.893610 0.364216
vt 0.877454 0.364110
vt 0.877462 0.317414
vt 0.877450 0.280050
vt 0.892078 0.280144
vt 0.860841 0.317324
vt 0.859926 0.364014
vt 0.841618 0.363958
vt 0.843481 0.317270
vt 0.845007 0.279913
vt 0.861581 0.279964
vt 0.825944 0.317281
vt 0.823122 0.363971
vt 0.806220 0.364047
vt 0.809919 0.317350
vt 0.812966 0.279985
vt 0.828264 0.279922
vt 0.797097 0.317472
vt 0.792695 0.364179
vt 0.781051 0.364368
vt 0.786059 0.317646
vt 0.790192 0.280259
vt 0.800727 0.280097
vt 0.775389 0.317873
vt 0.769794 0.364614
vt 0.758731 0.364889
vt 0.764903 0.318127
vt 0.770001 0.280706
vt 0.780009 0.280470
vt 0.957606 0.047756
vt 0.955436 0.048143
vt 0.956825 0.000836
vt 0.959166 0.000418
vt 0.961506 0.000000
vt 0.959775 0.047369
vt 0.958404 0.085269
vt 0.956382 0.085629
vt 0.954359 0.085990
vt 0.752288 0.684679
vt 0.757097 0.684692
vt 0.762857 0.730866
vt 0.757786 0.730852
vt 0.750165 0.730840
vt 0.745062 0.684668
vt 0.740834 0.647716
vt 0.747734 0.647726
vt 0.752326 0.647738
vt 0.733000 0.684660
vt 0.737445 0.730832
vt 0.719204 0.730826
vt 0.715703 0.684655
vt 0.712804 0.647697
vt 0.729318 0.647708
vt 0.692771 0.684649
vt 0.695020 0.730820
vt 0.668250 0.730813
vt 0.667387 0.684642
vt 0.666675 0.647656
vt 0.690910 0.647674
vt 0.642735 0.684631
vt 0.642252 0.730800
vt 0.619219 0.730791
vt 0.620894 0.684622
vt 0.622286 0.647666
vt 0.643138 0.647656
vt 0.603947 0.684625
vt 0.601346 0.730794
vt 0.587238 0.730805
vt 0.590570 0.684634
vt 0.593334 0.647683
vt 0.606106 0.647674
vt 0.579441 0.684648
vt 0.575500 0.730819
vt 0.567071 0.730835
vt 0.571448 0.684662
vt 0.575080 0.647709
vt 0.582710 0.647695
vt 0.567481 0.684677
vt 0.562887 0.730851
vt 0.560825 0.730866
vt 0.565527 0.684691
vt 0.569427 0.647736
vt 0.571293 0.647722
vt 0.960725 0.728599
vt 0.956932 0.728885
vt 0.956390 0.688158
vt 0.960454 0.687878
vt 0.964519 0.687598
vt 0.964519 0.728313
vt 0.964519 0.769029
vt 0.960996 0.769320
vt 0.957473 0.769612
vt 0.942968 0.318038
vt 0.946530 0.364778
vt 0.939998 0.280637
vt 0.947151 0.283115
vt 0.949303 0.318141
vt 0.953209 0.364889
vt 0.789461 0.224177
vt 0.787765 0.233568
vt 0.778593 0.233763
vt 0.780472 0.224362
vt 0.782766 0.209853
vt 0.791531 0.209681
vt 0.800453 0.209528
vt 0.798609 0.224011
vt 0.797101 0.233393
vt 0.644036 0.591866
vt 0.643872 0.601073
vt 0.624730 0.601226
vt 0.625269 0.591955
vt 0.625915 0.577629
vt 0.644228 0.577612
vt 0.664900 0.577605
vt 0.665219 0.591812
vt 0.670866 0.603194
vt 0.832842 0.223754
vt 0.832027 0.233121
vt 0.817990 0.233170
vt 0.819082 0.223799
vt 0.820423 0.209334
vt 0.833848 0.209294
vt 0.848546 0.209295
vt 0.847906 0.223752
vt 0.847394 0.233119
vt 0.721596 0.592019
vt 0.722988 0.601313
vt 0.701940 0.601201
vt 0.706734 0.591982
vt 0.705412 0.577656
vt 0.719915 0.577669
vt 0.730029 0.577675
vt 0.731961 0.592025
vt 0.733560 0.601320
vt 0.579387 0.592025
vt 0.577925 0.601321
vt 0.576214 0.601332
vt 0.577711 0.592036
vt 0.579509 0.577682
vt 0.581144 0.577673
vt 0.584467 0.577663
vt 0.582793 0.592015
vt 0.581400 0.601310
vt 0.933421 0.224365
vt 0.934618 0.233752
vt 0.927252 0.233657
vt 0.926198 0.224274
vt 0.924955 0.209793
vt 0.932006 0.209878
vt 0.936688 0.209960
vt 0.938217 0.224452
vt 0.939509 0.233842
vt 0.890273 0.223953
vt 0.890609 0.233325
vt 0.877179 0.233242
vt 0.877106 0.223873
vt 0.877042 0.209412
vt 0.889892 0.209488
vt 0.902182 0.209578
vt 0.902866 0.224047
vt 0.903454 0.233422
vt 0.954972 0.142496
vt 0.955187 0.133015
vt 0.956885 0.132713
vt 0.956596 0.142208
vt 0.956351 0.156856
vt 0.954837 0.157124
vt 0.953324 0.157392
vt 0.953348 0.142784
vt 0.953488 0.133317
vt 0.610709 0.591988
vt 0.609877 0.601281
vt 0.598154 0.601288
vt 0.599217 0.591994
vt 0.600493 0.577644
vt 0.611706 0.577638
vt 0.808077 0.223885
vt 0.806761 0.233261
vt 0.809687 0.209412
vt 0.687030 0.591882
vt 0.687728 0.601049
vt 0.686184 0.577628
vt 0.941705 0.224555
vt 0.943066 0.233949
vt 0.940095 0.210056
vt 0.942864 0.210160
vt 0.944540 0.224665
vt 0.945956 0.234065
vt 0.862822 0.223799
vt 0.862609 0.233166
vt 0.863102 0.209341
vt 0.738171 0.592034
vt 0.739895 0.601329
vt 0.736091 0.577683
vt 0.740125 0.577692
vt 0.742305 0.592044
vt 0.744112 0.601339
vt 0.589658 0.592004
vt 0.588402 0.601298
vt 0.591165 0.577653
vt 0.915427 0.224161
vt 0.916266 0.233540
vt 0.914442 0.209686
vt 0.835235 0.184649
vt 0.822260 0.184680
vt 0.824388 0.157000
vt 0.836840 0.156978
vt 0.850478 0.156988
vt 0.849443 0.184654
vt 0.613033 0.553176
vt 0.602193 0.553181
vt 0.604177 0.525710
vt 0.614584 0.525706
vt 0.627771 0.525706
vt 0.626770 0.553176
vt 0.811887 0.184746
vt 0.802967 0.184845
vt 0.805880 0.157135
vt 0.814436 0.157053
vt 0.593176 0.553189
vt 0.586702 0.553197
vt 0.589308 0.525723
vt 0.595522 0.525716
vt 0.794351 0.184977
vt 0.785889 0.185125
vt 0.789507 0.157370
vt 0.797620 0.157246
vt 0.583491 0.553206
vt 0.581911 0.553214
vt 0.584711 0.525738
vt 0.586227 0.525730
vt 0.954863 0.182049
vt 0.956197 0.181814
vt 0.956288 0.209785
vt 0.955140 0.209986
vt 0.953993 0.210187
vt 0.953530 0.182284
vt 0.937983 0.185352
vt 0.934684 0.185266
vt 0.932337 0.157543
vt 0.935509 0.157618
vt 0.938091 0.157697
vt 0.940666 0.185443
vt 0.733296 0.553219
vt 0.727435 0.553212
vt 0.724417 0.525741
vt 0.730045 0.525747
vt 0.733793 0.525754
vt 0.737198 0.553228
vt 0.913164 0.185018
vt 0.901307 0.184919
vt 0.900276 0.157234
vt 0.911664 0.157323
vt 0.921432 0.157410
vt 0.923333 0.185115
vt 0.717655 0.553207
vt 0.703633 0.553202
vt 0.701565 0.525731
vt 0.715028 0.525736
vt 0.889421 0.184837
vt 0.876995 0.184765
vt 0.876931 0.157093
vt 0.888863 0.157159
vt 0.930154 0.185193
vt 0.927983 0.157478
vt 0.685042 0.553197
vt 0.664464 0.553191
vt 0.663960 0.525721
vt 0.683717 0.525726
vt 0.863516 0.184699
vt 0.863988 0.157031
vt 0.644477 0.553182
vt 0.644771 0.525712
vt 0.955759 0.233651
vt 0.956779 0.233473
vt 0.957283 0.254755
vt 0.956384 0.254911
vt 0.955485 0.255067
vt 0.954738 0.233830
vt 0.932810 0.134032
vt 0.929775 0.133965
vt 0.927261 0.112766
vt 0.930161 0.112825
vt 0.932523 0.112889
vt 0.935280 0.134104
vt 0.726596 0.502370
vt 0.721217 0.502364
vt 0.718103 0.481340
vt 0.723239 0.481345
vt 0.726660 0.481351
vt 0.730178 0.502377
vt 0.910012 0.133765
vt 0.899127 0.133683
vt 0.897987 0.112509
vt 0.908383 0.112584
vt 0.917301 0.112656
vt 0.919349 0.133844
vt 0.712243 0.502360
vt 0.699377 0.502355
vt 0.697249 0.481331
vt 0.709534 0.481335
vt 0.888217 0.133614
vt 0.876813 0.133552
vt 0.876678 0.112389
vt 0.887569 0.112446
vt 0.925613 0.133907
vt 0.923284 0.112713
vt 0.682320 0.502351
vt 0.663439 0.502345
vt 0.662934 0.481321
vt 0.680963 0.481327
vt 0.864443 0.133494
vt 0.851531 0.133453
vt 0.852538 0.112295
vt 0.864867 0.112335
vt 0.645100 0.502338
vt 0.628853 0.502332
vt 0.629910 0.481309
vt 0.645423 0.481314
vt 0.838499 0.133441
vt 0.826602 0.133458
vt 0.828739 0.112293
vt 0.840096 0.112281
vt 0.616250 0.502331
vt 0.606306 0.502334
vt 0.608383 0.481310
vt 0.617877 0.481308
vt 0.817095 0.133503
vt 0.808924 0.133574
vt 0.811868 0.112390
vt 0.819665 0.112330
vt 0.598035 0.502340
vt 0.592098 0.502346
vt 0.594818 0.481320
vt 0.600486 0.481315
vt 0.801036 0.133670
vt 0.793289 0.133778
vt 0.796953 0.112566
vt 0.804343 0.112472
vt 0.589154 0.502352
vt 0.587706 0.502359
vt 0.590627 0.481331
vt 0.592008 0.481326
vt 0.679756 0.460910
vt 0.662481 0.460905
vt 0.662043 0.441274
vt 0.678588 0.441279
vt 0.693534 0.441283
vt 0.695362 0.460915
vt 0.865246 0.091797
vt 0.853433 0.091758
vt 0.854299 0.072010
vt 0.865613 0.072047
vt 0.876456 0.072093
vt 0.876565 0.091847
vt 0.645702 0.460899
vt 0.630837 0.460893
vt 0.631735 0.441263
vt 0.645972 0.441268
vt 0.841514 0.091741
vt 0.830637 0.091745
vt 0.832474 0.071985
vt 0.842887 0.071989
vt 0.619308 0.460892
vt 0.610211 0.460894
vt 0.611983 0.441262
vt 0.620693 0.441261
vt 0.821949 0.091770
vt 0.814486 0.091814
vt 0.817021 0.072028
vt 0.824160 0.071999
vt 0.602647 0.460897
vt 0.597217 0.460901
vt 0.599540 0.441267
vt 0.604739 0.441264
vt 0.807286 0.091877
vt 0.800217 0.091949
vt 0.803377 0.072124
vt 0.810136 0.072073
vt 0.594526 0.460905
vt 0.593204 0.460910
vt 0.595700 0.441273
vt 0.596964 0.441270
vt 0.956680 0.275630
vt 0.957411 0.275505
vt 0.957505 0.295461
vt 0.956937 0.295557
vt 0.956368 0.295653
vt 0.955950 0.275755
vt 0.927838 0.092228
vt 0.925054 0.092178
vt 0.922916 0.072380
vt 0.925587 0.072420
vt 0.927766 0.072462
vt 0.930107 0.092280
vt 0.720267 0.460927
vt 0.715344 0.460923
vt 0.712673 0.441291
vt 0.717389 0.441295
vt 0.720530 0.441299
vt 0.723546 0.460932
vt 0.906954 0.092021
vt 0.896988 0.091955
vt 0.896021 0.072190
vt 0.905569 0.072247
vt 0.913761 0.072301
vt 0.915503 0.092084
vt 0.707133 0.460919
vt 0.704808 0.441287
vt 0.887002 0.091899
vt 0.886454 0.072140
vt 0.921239 0.092133
vt 0.919259 0.072343
vt 0.606986 0.422594
vt 0.602034 0.422596
vt 0.606291 0.404600
vt 0.610826 0.404598
vt 0.617145 0.404597
vt 0.613887 0.422593
vt 0.813164 0.053246
vt 0.806732 0.053285
vt 0.812276 0.035165
vt 0.818165 0.035133
vt 0.824165 0.035107
vt 0.819719 0.053213
vt 0.599581 0.422598
vt 0.598377 0.422601
vt 0.602942 0.404604
vt 0.604045 0.404602
vt 0.957441 0.314440
vt 0.957910 0.314362
vt 0.958709 0.332396
vt 0.958311 0.332461
vt 0.957913 0.332526
vt 0.956972 0.314518
vt 0.923157 0.053584
vt 0.920609 0.053550
vt 0.916561 0.035416
vt 0.918896 0.035446
vt 0.920801 0.035476
vt 0.925235 0.053619
vt 0.714312 0.422624
vt 0.709819 0.422621
vt 0.705001 0.404623
vt 0.709116 0.404626
vt 0.711858 0.404629
vt 0.717306 0.422627
vt 0.904075 0.053433
vt 0.894976 0.053382
vt 0.893082 0.035268
vt 0.901416 0.035313
vt 0.908567 0.035356
vt 0.911882 0.053481
vt 0.702326 0.422617
vt 0.691584 0.422614
vt 0.688301 0.404617
vt 0.698138 0.404620
vt 0.885859 0.053336
vt 0.876333 0.053293
vt 0.876007 0.035189
vt 0.884732 0.035227
vt 0.917122 0.053518
vt 0.913367 0.035388
vt 0.677344 0.422610
vt 0.661581 0.422605
vt 0.660824 0.404608
vt 0.675260 0.404613
vt 0.866001 0.053251
vt 0.855222 0.053215
vt 0.856674 0.035117
vt 0.866546 0.035150
vt 0.646269 0.422599
vt 0.632705 0.422594
vt 0.634378 0.404599
vt 0.646800 0.404603
vt 0.844351 0.053192
vt 0.834433 0.053184
vt 0.837636 0.035086
vt 0.846718 0.035095
vt 0.622185 0.422592
vt 0.624744 0.404597
vt 0.826515 0.053192
vt 0.830387 0.035091
vt 0.629332 0.386986
vt 0.622978 0.386986
vt 0.630098 0.369568
vt 0.634934 0.369568
vt 0.641063 0.369569
vt 0.637387 0.386988
vt 0.837149 0.017437
vt 0.831947 0.017450
vt 0.841397 0.000016
vt 0.845356 0.000007
vt 0.849968 0.000004
vt 0.843210 0.017434
vt 0.617694 0.386987
vt 0.613903 0.386988
vt 0.623193 0.369569
vt 0.626078 0.369568
vt 0.826931 0.017470
vt 0.822009 0.017495
vt 0.833835 0.000051
vt 0.837581 0.000032
vt 0.612025 0.386990
vt 0.611103 0.386992
vt 0.621062 0.369572
vt 0.621763 0.369570
vt 0.959665 0.349800
vt 0.959987 0.349747
vt 0.961506 0.366757
vt 0.961261 0.366797
vt 0.961015 0.366838
vt 0.959342 0.349852
vt 0.911154 0.017732
vt 0.909201 0.017708
vt 0.900186 0.000213
vt 0.901672 0.000231
vt 0.902884 0.000250
vt 0.912747 0.017757
vt 0.699877 0.387010
vt 0.696436 0.387008
vt 0.685998 0.369584
vt 0.688616 0.369586
vt 0.690361 0.369588
vt 0.702170 0.387013
vt 0.896538 0.017624
vt 0.889569 0.017586
vt 0.885246 0.000120
vt 0.890549 0.000149
vt 0.895099 0.000175
vt 0.902517 0.017659
vt 0.690698 0.387006
vt 0.682473 0.387003
vt 0.675372 0.369580
vt 0.681631 0.369582
vt 0.882587 0.017552
vt 0.875292 0.017520
vt 0.874382 0.000070
vt 0.879933 0.000094
vt 0.906530 0.017685
vt 0.898153 0.000196
vt 0.671569 0.387000
vt 0.659498 0.386996
vt 0.657889 0.369575
vt 0.667075 0.369578
vt 0.867381 0.017488
vt 0.859127 0.017461
vt 0.862080 0.000025
vt 0.868361 0.000046
vt 0.647773 0.386991
vt 0.648967 0.369572
vt 0.850803 0.017442
vt 0.855746 0.000011
vt 0.918782 0.261677
vt 0.905218 0.261546
vt 0.904630 0.252172
vt 0.917943 0.252298
vt 0.929358 0.252424
vt 0.930412 0.261807
vt 0.917104 0.242919
vt 0.904042 0.242797
vt 0.928305 0.243041
vt 0.584636 0.629182
vt 0.577219 0.629195
vt 0.578613 0.619900
vt 0.585892 0.619887
vt 0.596028 0.619876
vt 0.594965 0.629170
vt 0.587147 0.610593
vt 0.580006 0.610605
vt 0.597091 0.610582
vt 0.745067 0.629212
vt 0.738359 0.629202
vt 0.736759 0.619908
vt 0.743343 0.619918
vt 0.747724 0.619929
vt 0.749531 0.629224
vt 0.741619 0.610623
vt 0.735160 0.610614
vt 0.745918 0.610634
vt 0.861970 0.261267
vt 0.845857 0.261217
vt 0.846369 0.251851
vt 0.862183 0.251900
vt 0.877325 0.251980
vt 0.877398 0.261349
vt 0.862396 0.242533
vt 0.846881 0.242485
vt 0.877252 0.242611
vt 0.947147 0.262134
vt 0.948507 0.271529
vt 0.943385 0.262014
vt 0.942093 0.252623
vt 0.945786 0.252739
vt 0.948786 0.252864
vt 0.950202 0.262264
vt 0.951617 0.271664
vt 0.944426 0.243344
vt 0.940801 0.243233
vt 0.947371 0.243464
vt 0.689824 0.629090
vt 0.666264 0.629036
vt 0.671470 0.617217
vt 0.689126 0.619702
vt 0.703810 0.618919
vt 0.711109 0.629166
vt 0.108069 0.705067
vt 0.106016 0.697664
vt 0.118830 0.682214
vt 0.119788 0.693600
vt 0.120378 0.704814
vt 0.109742 0.712822
vt 0.099105 0.720831
vt 0.096351 0.716534
vt 0.093203 0.713113
vt 0.802814 0.261388
vt 0.792575 0.261541
vt 0.794084 0.252159
vt 0.804130 0.252013
vt 0.815804 0.251912
vt 0.814711 0.261283
vt 0.805446 0.242637
vt 0.795592 0.242776
vt 0.816897 0.242541
vt 0.607380 0.629162
vt 0.608212 0.619868
vt 0.623650 0.619823
vt 0.623110 0.629136
vt 0.609044 0.610575
vt 0.624190 0.610518
vt 0.955831 0.104574
vt 0.957754 0.104231
vt 0.957465 0.113725
vt 0.955616 0.114054
vt 0.953767 0.114383
vt 0.953907 0.104917
vt 0.955401 0.123535
vt 0.957175 0.123219
vt 0.953628 0.123850
vt 0.891619 0.261440
vt 0.891282 0.252068
vt 0.890946 0.242696
vt 0.938209 0.261912
vt 0.937012 0.252525
vt 0.935815 0.243138
vt 0.573538 0.629207
vt 0.571725 0.629220
vt 0.573221 0.619924
vt 0.575000 0.619912
vt 0.576463 0.610616
vt 0.574718 0.610628
vt 0.727163 0.629195
vt 0.725771 0.619901
vt 0.724380 0.610607
vt 0.711863 0.610118
vt 0.829581 0.261224
vt 0.830396 0.251856
vt 0.831212 0.242489
vt 0.643381 0.629073
vt 0.643545 0.619700
vt 0.643709 0.610359
vt 0.665415 0.610149
vt 0.782679 0.261741
vt 0.772954 0.261965
vt 0.774834 0.252564
vt 0.784374 0.252350
vt 0.786070 0.242959
vt 0.776713 0.243163
vt 0.520556 0.683624
vt 0.519762 0.692138
vt 0.508839 0.683792
vt 0.510696 0.677786
vt 0.512592 0.671150
vt 0.521190 0.675299
vt 0.529788 0.679447
vt 0.530416 0.689461
vt 0.530684 0.700485
vt 0.700194 0.608660
vt 0.700951 0.616181
vt 0.689416 0.612549
vt 0.688987 0.606580
vt 0.688559 0.600611
vt 0.699436 0.601139
vt 0.518433 0.700009
vt 0.516838 0.707557
vt 0.503619 0.691479
vt 0.506379 0.688068
vt 0.530487 0.711950
vt 0.530056 0.723635
vt 0.667029 0.735667
vt 0.666062 0.731332
vt 0.676537 0.731798
vt 0.675414 0.735994
vt 0.674853 0.740766
vt 0.668289 0.740554
vt 0.661725 0.740341
vt 0.658644 0.735340
vt 0.655587 0.730866
vt 0.522034 0.667997
vt 0.515164 0.664984
vt 0.517727 0.660070
vt 0.523126 0.662441
vt 0.528524 0.664812
vt 0.528905 0.671010
vt 0.670135 0.746543
vt 0.675414 0.746690
vt 0.676184 0.753148
vt 0.671903 0.753038
vt 0.667621 0.752927
vt 0.664856 0.746396
vt 0.110651 0.721284
vt 0.120234 0.715686
vt 0.119619 0.725661
vt 0.111292 0.729639
vt 0.102966 0.733618
vt 0.101069 0.726883
vt 0.677859 0.604224
vt 0.678069 0.609084
vt 0.667550 0.605993
vt 0.667463 0.602020
vt 0.667376 0.598047
vt 0.677648 0.599364
vt 0.114573 0.745904
vt 0.113248 0.742770
vt 0.118462 0.740496
vt 0.119308 0.743831
vt 0.120745 0.745678
vt 0.116014 0.747758
vt 0.111283 0.749837
vt 0.109838 0.747977
vt 0.108035 0.745044
vt 0.672926 0.759439
vt 0.676247 0.759522
vt 0.676013 0.764835
vt 0.673399 0.764769
vt 0.670785 0.764702
vt 0.669606 0.759355
vt 0.112156 0.737075
vt 0.118797 0.734185
vt 0.105516 0.739964
vt 0.658456 0.600399
vt 0.658495 0.603486
vt 0.650171 0.601271
vt 0.650143 0.599068
vt 0.650115 0.596865
vt 0.658418 0.597311
vt 0.112560 0.754054
vt 0.109913 0.753913
vt 0.112560 0.750054
vt 0.115208 0.750272
vt 0.115208 0.754196
vt 0.115208 0.758120
vt 0.112560 0.758055
vt 0.109913 0.757989
vt 0.550840 0.558324
vt 0.553215 0.558239
vt 0.553215 0.560524
vt 0.550840 0.560609
vt 0.548465 0.560694
vt 0.548465 0.558409
vt 0.548466 0.556123
vt 0.550840 0.556038
vt 0.553215 0.555953
vt 0.524500 0.659351
vt 0.519595 0.657190
vt 0.521115 0.655328
vt 0.526016 0.657495
vt 0.530917 0.659663
vt 0.529405 0.661512
vt 0.673514 0.768050
vt 0.675892 0.768111
vt 0.675829 0.770367
vt 0.673450 0.770307
vt 0.671071 0.770246
vt 0.671136 0.767989
vt 0.845874 0.417848
vt 0.836763 0.421387
vt 0.837222 0.412634
vt 0.846180 0.411995
vt 0.854226 0.411507
vt 0.853832 0.415154
vt 0.853414 0.420158
vt 0.845514 0.424654
vt 0.836276 0.430610
vt 0.844371 0.446160
vt 0.835362 0.447766
vt 0.835644 0.442485
vt 0.844754 0.438946
vt 0.852453 0.436301
vt 0.851961 0.444985
vt 0.851527 0.454274
vt 0.843929 0.454381
vt 0.834997 0.454536
vt 0.843371 0.464614
vt 0.834464 0.464286
vt 0.851210 0.464771
vt 0.850981 0.473722
vt 0.842876 0.473658
vt 0.833969 0.473330
vt 0.842009 0.489372
vt 0.833102 0.489043
vt 0.833493 0.481975
vt 0.842400 0.482303
vt 0.850590 0.482400
vt 0.850199 0.489466
vt 0.849642 0.499369
vt 0.841448 0.499336
vt 0.832540 0.499008
vt 0.840716 0.512014
vt 0.831806 0.511690
vt 0.848921 0.511904
vt 0.848117 0.525692
vt 0.839903 0.525937
vt 0.830991 0.525616
vt 0.839096 0.539634
vt 0.830183 0.539315
vt 0.847313 0.539354
vt 0.846620 0.551046
vt 0.838406 0.551286
vt 0.829493 0.550967
vt 0.834298 0.591709
vt 0.827277 0.588036
vt 0.827890 0.577788
vt 0.835345 0.580961
vt 0.842540 0.583499
vt 0.841156 0.594718
vt 0.839864 0.607537
vt 0.833230 0.604976
vt 0.826458 0.601901
vt 0.832057 0.621094
vt 0.825405 0.620073
vt 0.838564 0.622020
vt 0.837298 0.636658
vt 0.830932 0.637010
vt 0.824408 0.637575
vt 0.830006 0.649670
vt 0.823755 0.649430
vt 0.836110 0.649943
vt 0.834917 0.663144
vt 0.829103 0.662104
vt 0.823156 0.660879
vt 0.828050 0.677339
vt 0.822319 0.677162
vt 0.833636 0.677533
vt 0.832350 0.691923
vt 0.826984 0.692915
vt 0.821452 0.694224
vt 0.826044 0.706373
vt 0.820765 0.708007
vt 0.831142 0.705129
vt 0.830065 0.717324
vt 0.825238 0.718257
vt 0.820204 0.719525
vt 0.824574 0.729109
vt 0.819717 0.729794
vt 0.829174 0.728681
vt 0.828598 0.739399
vt 0.824129 0.739200
vt 0.819288 0.739161
vt 0.823983 0.748802
vt 0.818903 0.747975
vt 0.828471 0.749675
vt 0.829398 0.761987
vt 0.823680 0.757646
vt 0.818549 0.756183
vt 0.822762 0.765464
vt 0.818216 0.763734
vt 0.827308 0.767193
vt 0.825182 0.774577
vt 0.821537 0.772767
vt 0.817893 0.770957
vt 0.500084 0.744534
vt 0.503248 0.744833
vt 0.503619 0.754567
vt 0.499304 0.754136
vt 0.496139 0.755532
vt 0.497007 0.744207
vt 0.499782 0.731603
vt 0.500864 0.734932
vt 0.502878 0.735099
vt 0.177349 0.761089
vt 0.179065 0.761529
vt 0.179065 0.774975
vt 0.177183 0.774515
vt 0.175301 0.774056
vt 0.175633 0.760648
vt 0.175965 0.747240
vt 0.177515 0.747662
vt 0.179065 0.748084
vt 0.501790 0.673130
vt 0.502758 0.672300
vt 0.503187 0.678007
vt 0.502670 0.678484
vt 0.501915 0.679110
vt 0.500684 0.674141
vt 0.499113 0.669066
vt 0.500600 0.667667
vt 0.502053 0.666478
vt 0.495976 0.659537
vt 0.498480 0.657834
vt 0.499706 0.660343
vt 0.497566 0.661904
vt 0.495550 0.663681
vt 0.493683 0.661458
vt 0.491798 0.659232
vt 0.494384 0.657170
vt 0.497272 0.655328
vt 0.722598 0.769783
vt 0.719519 0.770358
vt 0.719508 0.766980
vt 0.722947 0.766266
vt 0.726386 0.765552
vt 0.725677 0.769207
vt 0.724730 0.772349
vt 0.722120 0.772781
vt 0.719509 0.773212
vt 0.912661 0.649456
vt 0.907650 0.649320
vt 0.907340 0.634059
vt 0.912205 0.634059
vt 0.917070 0.634058
vt 0.917672 0.649593
vt 0.918087 0.663816
vt 0.912982 0.663534
vt 0.907878 0.663252
vt 0.913099 0.675721
vt 0.907972 0.675267
vt 0.918225 0.676174
vt 0.918225 0.687598
vt 0.913112 0.686961
vt 0.907999 0.686324
vt 0.422379 0.376051
vt 0.418483 0.373457
vt 0.419185 0.366356
vt 0.423978 0.370263
vt 0.428770 0.374170
vt 0.426275 0.378645
vt 0.424612 0.384891
vt 0.421223 0.383129
vt 0.417834 0.381367
vt 0.420953 0.392787
vt 0.417293 0.390893
vt 0.424613 0.394680
vt 0.425420 0.408500
vt 0.421129 0.406075
vt 0.416838 0.403649
vt 0.423983 0.490702
vt 0.415887 0.489928
vt 0.415954 0.473707
vt 0.423154 0.475252
vt 0.430354 0.476798
vt 0.432079 0.491477
vt 0.433322 0.507578
vt 0.424555 0.507382
vt 0.415787 0.507186
vt 0.424101 0.579075
vt 0.415110 0.579072
vt 0.415247 0.564937
vt 0.424239 0.564941
vt 0.433230 0.564944
vt 0.433093 0.579078
vt 0.432929 0.596151
vt 0.423938 0.596147
vt 0.414946 0.596144
vt 0.423311 0.664405
vt 0.414320 0.664402
vt 0.414410 0.654523
vt 0.423402 0.654526
vt 0.434992 0.654891
vt 0.435130 0.664840
vt 0.435044 0.676403
vt 0.423221 0.676013
vt 0.414230 0.676009
vt 0.423131 0.691077
vt 0.414140 0.691074
vt 0.434954 0.691507
vt 0.434882 0.706707
vt 0.423061 0.706217
vt 0.414069 0.706213
vt 0.422989 0.746318
vt 0.413997 0.746314
vt 0.414002 0.742641
vt 0.422994 0.742644
vt 0.434818 0.743155
vt 0.434813 0.746829
vt 0.434813 0.751754
vt 0.422988 0.751263
vt 0.413997 0.751260
vt 0.423017 0.794096
vt 0.414026 0.794093
vt 0.414021 0.787590
vt 0.423013 0.787593
vt 0.434832 0.787861
vt 0.434836 0.794324
vt 0.434837 0.799832
vt 0.423019 0.799633
vt 0.414027 0.799629
vt 0.422926 0.834913
vt 0.413935 0.834910
vt 0.413945 0.831236
vt 0.422937 0.831240
vt 0.434755 0.831521
vt 0.434745 0.835205
vt 0.434777 0.844160
vt 0.422958 0.843863
vt 0.413967 0.843832
vt 0.423072 0.863367
vt 0.414083 0.863253
vt 0.434896 0.863654
vt 0.435083 0.885523
vt 0.423272 0.885322
vt 0.414293 0.885013
vt 0.423560 0.901629
vt 0.414604 0.900955
vt 0.435321 0.901604
vt 0.430677 0.918254
vt 0.423893 0.915111
vt 0.414967 0.913988
vt 0.816575 0.827956
vt 0.816575 0.841895
vt 0.784311 0.834926
vt 0.425521 0.965513
vt 0.416609 0.965334
vt 0.416293 0.954162
vt 0.425201 0.954531
vt 0.436587 0.953267
vt 0.436638 0.963889
vt 0.436693 0.973600
vt 0.425899 0.975336
vt 0.416979 0.975251
vt 0.427269 0.994026
vt 0.418487 0.993948
vt 0.417964 0.988215
vt 0.426855 0.988239
vt 0.439427 0.988855
vt 0.436052 0.994104
vt 0.436287 0.999979
vt 0.427649 0.999817
vt 0.419012 0.999655
vt 0.236673 0.776681
vt 0.245579 0.776677
vt 0.245644 0.789449
vt 0.236749 0.789456
vt 0.227853 0.789463
vt 0.227768 0.776685
vt 0.224333 0.766246
vt 0.236607 0.760937
vt 0.245520 0.760936
vt 0.236557 0.739259
vt 0.245472 0.739258
vt 0.226499 0.738371
vt 0.226304 0.715868
vt 0.236519 0.716790
vt 0.245435 0.716789
vt 0.236489 0.698678
vt 0.245405 0.698678
vt 0.225805 0.697720
vt 0.225153 0.681749
vt 0.236463 0.682744
vt 0.245379 0.682744
vt 0.847352 0.388670
vt 0.838445 0.388341
vt 0.838687 0.383397
vt 0.847594 0.383725
vt 0.857173 0.384779
vt 0.856793 0.389597
vt 0.856333 0.394517
vt 0.847103 0.393724
vt 0.838196 0.393395
vt 0.846840 0.398995
vt 0.837933 0.398667
vt 0.855715 0.399640
vt 0.855093 0.404373
vt 0.846594 0.403881
vt 0.837687 0.403553
vt 0.846397 0.407777
vt 0.837491 0.407449
vt 0.854621 0.408121
vt 0.192365 0.215041
vt 0.193153 0.231670
vt 0.183031 0.234604
vt 0.182655 0.217231
vt 0.182186 0.198169
vt 0.191534 0.197246
vt 0.200779 0.196358
vt 0.201930 0.213125
vt 0.203102 0.229157
vt 0.452334 0.720083
vt 0.452324 0.729695
vt 0.434837 0.728170
vt 0.434850 0.718558
vt 0.452365 0.708171
vt 0.472679 0.710122
vt 0.472648 0.722115
vt 0.472642 0.731727
vt 0.452392 0.864287
vt 0.452560 0.885507
vt 0.452255 0.844987
vt 0.472562 0.846080
vt 0.472723 0.865093
vt 0.472869 0.885383
vt 0.197457 0.304842
vt 0.198522 0.322825
vt 0.185305 0.326048
vt 0.184727 0.306197
vt 0.184206 0.287242
vt 0.196434 0.287416
vt 0.208497 0.287333
vt 0.210092 0.303458
vt 0.208566 0.324029
vt 0.452305 0.763295
vt 0.452307 0.774392
vt 0.434824 0.773321
vt 0.434818 0.762012
vt 0.452304 0.753219
vt 0.472629 0.755171
vt 0.472625 0.765004
vt 0.472620 0.775817
vt 0.452441 0.692790
vt 0.452530 0.677569
vt 0.472847 0.679121
vt 0.472759 0.694499
vt 0.452304 0.804010
vt 0.452296 0.806801
vt 0.434825 0.806197
vt 0.434832 0.803432
vt 0.452309 0.800423
vt 0.472608 0.801209
vt 0.472602 0.804781
vt 0.472594 0.807605
vt 0.235855 0.383631
vt 0.238671 0.398742
vt 0.216907 0.399976
vt 0.215662 0.384368
vt 0.214554 0.368991
vt 0.233038 0.368349
vt 0.249848 0.367034
vt 0.253822 0.382067
vt 0.257632 0.396661
vt 0.211206 0.211756
vt 0.212704 0.227486
vt 0.209821 0.195539
vt 0.218444 0.194836
vt 0.219992 0.210766
vt 0.221753 0.226340
vt 0.252171 0.491333
vt 0.252223 0.494294
vt 0.229904 0.496781
vt 0.229592 0.493968
vt 0.229154 0.490418
vt 0.251893 0.487692
vt 0.274633 0.484967
vt 0.274749 0.488698
vt 0.274542 0.491807
vt 0.240838 0.410464
vt 0.242576 0.419936
vt 0.219562 0.421456
vt 0.218251 0.411914
vt 0.260234 0.408259
vt 0.262119 0.417800
vt 0.222538 0.302012
vt 0.224839 0.317028
vt 0.220230 0.286735
vt 0.231229 0.285740
vt 0.234252 0.300454
vt 0.237447 0.314844
vt 0.256022 0.553316
vt 0.259371 0.573084
vt 0.245487 0.573429
vt 0.239812 0.553617
vt 0.235042 0.534987
vt 0.253631 0.534313
vt 0.274551 0.527206
vt 0.270805 0.552252
vt 0.272549 0.571481
vt 0.247515 0.453306
vt 0.248331 0.463021
vt 0.225642 0.465217
vt 0.224142 0.454485
vt 0.222774 0.444727
vt 0.246785 0.444322
vt 0.272727 0.444248
vt 0.270888 0.452126
vt 0.271020 0.460826
vt 0.273247 0.404544
vt 0.274721 0.414434
vt 0.270988 0.392885
vt 0.279941 0.388920
vt 0.281535 0.400717
vt 0.282556 0.410938
vt 0.244689 0.298732
vt 0.248556 0.312626
vt 0.241094 0.284468
vt 0.249747 0.283090
vt 0.253776 0.297004
vt 0.258116 0.310516
vt 0.282737 0.549659
vt 0.284316 0.567364
vt 0.281554 0.527284
vt 0.291433 0.525631
vt 0.293595 0.545296
vt 0.295676 0.560589
vt 0.267336 0.378848
vt 0.263309 0.364376
vt 0.273912 0.361238
vt 0.277201 0.375237
vt 0.228083 0.209985
vt 0.230044 0.225400
vt 0.226435 0.194299
vt 0.233660 0.193932
vt 0.235370 0.209382
vt 0.237475 0.224621
vt 0.273113 0.292632
vt 0.278109 0.305373
vt 0.272666 0.306964
vt 0.267829 0.293979
vt 0.263297 0.280545
vt 0.268416 0.279396
vt 0.274778 0.281531
vt 0.277841 0.291336
vt 0.282363 0.300709
vt 0.321130 0.356413
vt 0.328224 0.367961
vt 0.325361 0.369613
vt 0.318508 0.358229
vt 0.310631 0.346265
vt 0.312964 0.344243
vt 0.315296 0.342221
vt 0.323753 0.354597
vt 0.331086 0.366309
vt 0.333171 0.378262
vt 0.336646 0.387504
vt 0.333605 0.389028
vt 0.330168 0.379833
vt 0.336173 0.376691
vt 0.339687 0.385980
vt 0.869329 0.597466
vt 0.871224 0.584850
vt 0.876637 0.581141
vt 0.873236 0.597274
vt 0.871830 0.613734
vt 0.867399 0.610536
vt 0.862962 0.610498
vt 0.864830 0.597573
vt 0.866689 0.585149
vt 0.859486 0.414149
vt 0.860448 0.411318
vt 0.864813 0.411366
vt 0.863254 0.414093
vt 0.861950 0.418545
vt 0.858636 0.418584
vt 0.855716 0.510926
vt 0.856411 0.498814
vt 0.863521 0.497818
vt 0.862867 0.509267
vt 0.862047 0.522011
vt 0.854936 0.524316
vt 0.847687 0.596399
vt 0.849218 0.584767
vt 0.855464 0.585219
vt 0.853855 0.597191
vt 0.852245 0.609898
vt 0.846223 0.609072
vt 0.856911 0.464583
vt 0.856457 0.454264
vt 0.859555 0.454276
vt 0.860775 0.464242
vt 0.864350 0.473102
vt 0.857482 0.473258
vt 0.854136 0.537874
vt 0.861020 0.535334
vt 0.860021 0.547325
vt 0.853434 0.549687
vt 0.856715 0.444671
vt 0.857329 0.435443
vt 0.860332 0.435489
vt 0.859622 0.444768
vt 0.249242 0.470304
vt 0.250201 0.476370
vt 0.227574 0.479014
vt 0.226715 0.472882
vt 0.271769 0.467726
vt 0.272828 0.473725
vt 0.452308 0.782318
vt 0.452309 0.788659
vt 0.434829 0.781399
vt 0.472617 0.783541
vt 0.472614 0.789720
vt 0.422994 0.761582
vt 0.414003 0.761579
vt 0.423002 0.772962
vt 0.414011 0.772959
vt 0.856956 0.489091
vt 0.857345 0.482032
vt 0.864435 0.481355
vt 0.864049 0.488376
vt 0.339327 0.395876
vt 0.341106 0.402449
vt 0.335751 0.404416
vt 0.336353 0.397339
vt 0.342301 0.394413
vt 0.343885 0.401095
vt 0.276018 0.423161
vt 0.277007 0.430335
vt 0.265103 0.433081
vt 0.263775 0.426220
vt 0.283574 0.419893
vt 0.284307 0.427221
vt 0.244101 0.428295
vt 0.245318 0.434932
vt 0.221592 0.436334
vt 0.220710 0.429878
vt 0.452315 0.738177
vt 0.452308 0.744681
vt 0.434826 0.736652
vt 0.472636 0.740210
vt 0.472632 0.746713
vt 0.423028 0.718047
vt 0.414036 0.718044
vt 0.423014 0.727659
vt 0.414023 0.727656
vt 0.271401 0.264149
vt 0.274233 0.263508
vt 0.278544 0.276994
vt 0.275672 0.277755
vt 0.268163 0.264862
vt 0.264226 0.250999
vt 0.267411 0.250424
vt 0.270211 0.249910
vt 0.263985 0.236461
vt 0.266764 0.236090
vt 0.260837 0.236887
vt 0.257994 0.222597
vt 0.261130 0.222338
vt 0.263910 0.222128
vt 0.856075 0.623664
vt 0.850638 0.623307
vt 0.857868 0.610329
vt 0.860995 0.623880
vt 0.858948 0.637543
vt 0.854236 0.637296
vt 0.849016 0.637020
vt 0.852350 0.650985
vt 0.847362 0.650639
vt 0.856837 0.651311
vt 0.854635 0.665116
vt 0.850388 0.664709
vt 0.845651 0.664279
vt 0.237810 0.269947
vt 0.228449 0.270923
vt 0.225937 0.256092
vt 0.234866 0.255247
vt 0.242794 0.254305
vt 0.246075 0.268832
vt 0.218074 0.271600
vt 0.206988 0.271741
vt 0.205584 0.256958
vt 0.216096 0.256731
vt 0.195495 0.271104
vt 0.183798 0.270078
vt 0.183491 0.255865
vt 0.194644 0.256567
vt 0.424337 0.554892
vt 0.415345 0.554889
vt 0.415453 0.543793
vt 0.424445 0.543797
vt 0.433436 0.543800
vt 0.433328 0.554896
vt 0.264114 0.265719
vt 0.259150 0.266688
vt 0.255442 0.252495
vt 0.260271 0.251696
vt 0.424613 0.526520
vt 0.415622 0.526517
vt 0.433605 0.526523
vt 0.232291 0.240442
vt 0.223720 0.241340
vt 0.239939 0.239582
vt 0.214320 0.242252
vt 0.204305 0.243266
vt 0.193889 0.244467
vt 0.183272 0.245761
vt 0.246571 0.238780
vt 0.252229 0.238054
vt 0.249635 0.253376
vt 0.243948 0.223958
vt 0.249495 0.223404
vt 0.850864 0.574204
vt 0.852236 0.565100
vt 0.858428 0.564119
vt 0.857071 0.574015
vt 0.844118 0.573816
vt 0.845463 0.565636
vt 0.873210 0.572737
vt 0.875278 0.561198
vt 0.879666 0.563030
vt 0.877327 0.572151
vt 0.868629 0.573272
vt 0.870583 0.562085
vt 0.283309 0.317561
vt 0.288204 0.329021
vt 0.282449 0.331503
vt 0.277725 0.319471
vt 0.287811 0.315916
vt 0.295508 0.329115
vt 0.252654 0.326036
vt 0.256579 0.338963
vt 0.243926 0.341832
vt 0.240748 0.328688
vt 0.262718 0.323566
vt 0.267073 0.336208
vt 0.226973 0.331378
vt 0.228972 0.344570
vt 0.212867 0.347245
vt 0.212264 0.334087
vt 0.449181 0.644586
vt 0.451780 0.655980
vt 0.434410 0.644634
vt 0.435899 0.629283
vt 0.445696 0.632573
vt 0.458818 0.630375
vt 0.465880 0.644521
vt 0.471166 0.657430
vt 0.423763 0.615010
vt 0.414771 0.615007
vt 0.432754 0.615014
vt 0.423605 0.632298
vt 0.414613 0.632295
vt 0.836453 0.572399
vt 0.828328 0.570468
vt 0.828679 0.564611
vt 0.837395 0.565333
vt 0.258851 0.208134
vt 0.261665 0.208108
vt 0.255694 0.208201
vt 0.253948 0.193799
vt 0.257154 0.193956
vt 0.260027 0.194144
vt 0.251847 0.208348
vt 0.247226 0.208586
vt 0.245451 0.193679
vt 0.250075 0.193703
vt 0.254146 0.222951
vt 0.848325 0.678442
vt 0.843855 0.678057
vt 0.852313 0.678892
vt 0.849920 0.692492
vt 0.846209 0.691987
vt 0.842023 0.691653
vt 0.238723 0.178480
vt 0.244198 0.178766
vt 0.239989 0.193740
vt 0.232380 0.178340
vt 0.231647 0.162575
vt 0.238048 0.163160
vt 0.243536 0.163913
vt 0.225123 0.178441
vt 0.217121 0.178769
vt 0.216059 0.162470
vt 0.224239 0.162361
vt 0.208544 0.179309
vt 0.199643 0.180042
vt 0.198454 0.163715
vt 0.207346 0.162854
vt 0.238065 0.147800
vt 0.243532 0.149186
vt 0.231581 0.146607
vt 0.232750 0.131299
vt 0.239089 0.133004
vt 0.244295 0.134850
vt 0.223873 0.146007
vt 0.215294 0.145844
vt 0.215891 0.129427
vt 0.224852 0.130193
vt 0.206198 0.145959
vt 0.197146 0.146914
vt 0.196990 0.129239
vt 0.206360 0.128739
vt 0.241433 0.119377
vt 0.245934 0.121170
vt 0.235725 0.117516
vt 0.240883 0.105013
vt 0.245812 0.106950
vt 0.249511 0.108583
vt 0.228005 0.115733
vt 0.218914 0.113755
vt 0.224777 0.099253
vt 0.233607 0.102518
vt 0.209094 0.111308
vt 0.199254 0.110289
vt 0.204072 0.088953
vt 0.215187 0.095007
vt 0.252940 0.095756
vt 0.256091 0.097522
vt 0.248597 0.093548
vt 0.258622 0.083119
vt 0.262400 0.085656
vt 0.265079 0.087671
vt 0.241934 0.090442
vt 0.233896 0.086348
vt 0.245778 0.074908
vt 0.252739 0.079517
vt 0.225428 0.081176
vt 0.218352 0.074172
vt 0.232856 0.062654
vt 0.238763 0.069350
vt 0.273775 0.076511
vt 0.275884 0.078710
vt 0.270709 0.073728
vt 0.284442 0.065079
vt 0.286779 0.068036
vt 0.288313 0.070360
vt 0.265777 0.069756
vt 0.259935 0.064800
vt 0.275716 0.055672
vt 0.280484 0.060846
vt 0.254136 0.059063
vt 0.249186 0.052641
vt 0.266811 0.043716
vt 0.270950 0.049892
vt 0.301127 0.059942
vt 0.302173 0.062341
vt 0.299405 0.056878
vt 0.314588 0.049177
vt 0.315784 0.052331
vt 0.316411 0.054798
vt 0.296296 0.052472
vt 0.292472 0.047169
vt 0.309226 0.039259
vt 0.312223 0.044641
vt 0.288606 0.041411
vt 0.285203 0.035466
vt 0.303379 0.027858
vt 0.306140 0.033569
vt 0.329715 0.045301
vt 0.329972 0.047873
vt 0.328985 0.042032
vt 0.344624 0.035919
vt 0.343284 0.038562
vt 0.344357 0.040059
vt 0.327273 0.037360
vt 0.325001 0.031912
vt 0.337872 0.025936
vt 0.339570 0.031447
vt 0.322590 0.026314
vt 0.320359 0.020860
vt 0.334130 0.015231
vt 0.335983 0.020433
vt 0.256040 0.179912
vt 0.258992 0.180354
vt 0.252766 0.179489
vt 0.252166 0.165347
vt 0.255515 0.166081
vt 0.258560 0.166825
vt 0.844087 0.705145
vt 0.842036 0.717864
vt 0.838471 0.717297
vt 0.840205 0.704745
vt 0.847504 0.705766
vt 0.845150 0.718660
vt 0.840136 0.730094
vt 0.838458 0.741911
vt 0.835533 0.740758
vt 0.836894 0.729274
vt 0.842942 0.731118
vt 0.841147 0.746622
vt 0.845269 0.732233
vt 0.847356 0.733394
vt 0.844564 0.746013
vt 0.842809 0.744675
vt 0.847791 0.719581
vt 0.850196 0.720565
vt 0.257471 0.126405
vt 0.260238 0.114505
vt 0.263285 0.116809
vt 0.260542 0.128263
vt 0.259580 0.144132
vt 0.256237 0.139314
vt 0.252729 0.137798
vt 0.253845 0.124404
vt 0.256650 0.112032
vt 0.837075 0.753391
vt 0.835840 0.764702
vt 0.833510 0.762695
vt 0.834452 0.751830
vt 0.839671 0.755136
vt 0.838286 0.766935
vt 0.485319 0.760137
vt 0.485143 0.751999
vt 0.489349 0.752411
vt 0.489275 0.760256
vt 0.489913 0.767496
vt 0.486357 0.767723
vt 0.482507 0.768035
vt 0.480978 0.760036
vt 0.480494 0.751550
vt 0.269821 0.108456
vt 0.268199 0.106941
vt 0.275059 0.098110
vt 0.276337 0.099756
vt 0.277154 0.100789
vt 0.270899 0.109408
vt 0.266581 0.119058
vt 0.265212 0.118170
vt 0.284585 0.091486
vt 0.283638 0.089772
vt 0.293075 0.081680
vt 0.293699 0.083432
vt 0.294090 0.084533
vt 0.285179 0.092563
vt 0.486694 0.742755
vt 0.489192 0.732288
vt 0.493076 0.732952
vt 0.490845 0.743353
vt 0.482099 0.742092
vt 0.483748 0.734558
vt 0.491857 0.720483
vt 0.494312 0.708362
vt 0.497381 0.708673
vt 0.495356 0.721074
vt 0.488645 0.719890
vt 0.491492 0.707970
vt 0.486721 0.719412
vt 0.484682 0.718742
vt 0.487934 0.706596
vt 0.489780 0.707473
vt 0.483397 0.731843
vt 0.481246 0.731356
vt 0.488223 0.693416
vt 0.491584 0.684359
vt 0.493558 0.686889
vt 0.490820 0.695386
vt 0.484716 0.705066
vt 0.480811 0.703210
vt 0.485071 0.691025
vt 0.489181 0.681289
vt 0.496180 0.696947
vt 0.497234 0.688362
vt 0.499640 0.687536
vt 0.498850 0.696703
vt 0.493745 0.696978
vt 0.495209 0.690724
vt 0.487324 0.670758
vt 0.489857 0.666837
vt 0.491938 0.669832
vt 0.489362 0.672442
vt 0.486568 0.676562
vt 0.484501 0.675128
vt 0.482434 0.673693
vt 0.485285 0.669074
vt 0.487844 0.664929
vt 0.494736 0.679633
vt 0.497402 0.677323
vt 0.498869 0.681285
vt 0.496368 0.682878
vt 0.492728 0.675690
vt 0.494698 0.672563
vt 0.722491 0.750597
vt 0.719269 0.751475
vt 0.719154 0.745353
vt 0.721979 0.744553
vt 0.724804 0.743753
vt 0.725713 0.749718
vt 0.726395 0.755490
vt 0.722885 0.756398
vt 0.719374 0.757305
vt 0.723040 0.761713
vt 0.719457 0.762551
vt 0.726623 0.760874
vt 0.355742 0.023537
vt 0.352039 0.025358
vt 0.350968 0.019720
vt 0.354861 0.017851
vt 0.358176 0.016260
vt 0.358894 0.021986
vt 0.359417 0.027927
vt 0.356446 0.029400
vt 0.352958 0.031129
vt 0.353630 0.012521
vt 0.349592 0.014348
vt 0.348005 0.009546
vt 0.352101 0.007858
vt 0.355584 0.006420
vt 0.357064 0.010965
vt 0.909799 0.568129
vt 0.906299 0.568404
vt 0.906295 0.563573
vt 0.909441 0.563546
vt 0.912588 0.563519
vt 0.913298 0.567853
vt 0.914083 0.575027
vt 0.910214 0.575479
vt 0.906345 0.575930
vt 0.341069 0.007494
vt 0.339486 0.003630
vt 0.344541 0.002134
vt 0.346302 0.005621
vt 0.342680 0.011732
vt 0.332541 0.010625
vt 0.331084 0.006316
vt 0.910665 0.587315
vt 0.906473 0.587739
vt 0.914856 0.586891
vt 0.915619 0.601715
vt 0.911154 0.602004
vt 0.906689 0.602294
vt 0.318627 0.015842
vt 0.301359 0.022413
vt 0.299709 0.017100
vt 0.317143 0.011043
vt 0.911685 0.617913
vt 0.906999 0.618059
vt 0.916371 0.617768
vt 0.282771 0.029601
vt 0.263926 0.037356
vt 0.261668 0.030903
vt 0.280825 0.023775
vt 0.245887 0.045627
vt 0.243414 0.038317
vt 0.229218 0.054630
vt 0.226715 0.045943
vt 0.214486 0.064584
vt 0.212225 0.053703
vt 0.202106 0.073495
vt 0.200576 0.060864
vt 0.192495 0.079372
vt 0.192402 0.066688
vt 0.191944 0.094020
vt 0.182677 0.097884
vt 0.184269 0.083732
vt 0.185965 0.071845
vt 0.421311 0.424043
vt 0.416447 0.421246
vt 0.426176 0.426840
vt 0.427155 0.445960
vt 0.421658 0.443138
vt 0.416161 0.440315
vt 0.190102 0.112597
vt 0.188509 0.132036
vt 0.180473 0.135983
vt 0.181294 0.116568
vt 0.347508 0.042078
vt 0.351872 0.040193
vt 0.351345 0.043302
vt 0.347227 0.044988
vt 0.341006 0.047845
vt 0.341015 0.045115
vt 0.347788 0.039168
vt 0.352399 0.037084
vt 0.330266 0.050455
vt 0.330576 0.053042
vt 0.317755 0.059756
vt 0.317074 0.057275
vt 0.303255 0.064750
vt 0.304355 0.067164
vt 0.294419 0.073906
vt 0.289862 0.072696
vt 0.277945 0.080928
vt 0.279974 0.083505
vt 0.270233 0.092117
vt 0.267664 0.089709
vt 0.259179 0.099305
vt 0.262285 0.101448
vt 0.253099 0.110168
vt 0.250035 0.122753
vt 0.248795 0.136379
vt 0.248187 0.150365
vt 0.252161 0.151447
vt 0.248207 0.164633
vt 0.248849 0.179105
vt 0.241743 0.208923
vt 0.270968 0.321425
vt 0.275551 0.333810
vt 0.266077 0.308654
vt 0.256951 0.237420
vt 0.253162 0.267735
vt 0.257111 0.281779
vt 0.289192 0.417189
vt 0.290284 0.424269
vt 0.287797 0.408414
vt 0.291743 0.406377
vt 0.293839 0.414767
vt 0.298611 0.419459
vt 0.284223 0.372495
vt 0.285693 0.386272
vt 0.282148 0.358483
vt 0.291489 0.357488
vt 0.289823 0.370187
vt 0.289845 0.384283
vt 0.305155 0.538917
vt 0.307635 0.551019
vt 0.302217 0.523226
vt 0.313454 0.520445
vt 0.317068 0.531531
vt 0.319894 0.540050
vt 0.261437 0.295428
vt 0.286758 0.398177
vt 0.290448 0.396281
vt 0.499150 0.664270
vt 0.500966 0.662858
vt 0.497380 0.665898
vt 0.867303 0.391721
vt 0.868096 0.387285
vt 0.877160 0.389790
vt 0.875955 0.393835
vt 0.874230 0.397957
vt 0.866212 0.396239
vt 0.252640 0.517460
vt 0.252712 0.521404
vt 0.232759 0.522532
vt 0.232344 0.518785
vt 0.231865 0.514472
vt 0.252557 0.512919
vt 0.273249 0.511366
vt 0.272936 0.516134
vt 0.272666 0.520277
vt 0.452237 0.828638
vt 0.452226 0.832356
vt 0.434765 0.827836
vt 0.434777 0.823595
vt 0.452248 0.824358
vt 0.472546 0.825374
vt 0.472535 0.829706
vt 0.472525 0.833470
vt 0.422973 0.818000
vt 0.413982 0.817996
vt 0.413996 0.812797
vt 0.422988 0.812801
vt 0.434806 0.813025
vt 0.434792 0.818240
vt 0.422959 0.823338
vt 0.413967 0.823334
vt 0.290420 0.429425
vt 0.290076 0.433618
vt 0.284348 0.436908
vt 0.284470 0.432561
vt 0.297590 0.425835
vt 0.297338 0.429595
vt 0.452305 0.748354
vt 0.472630 0.750387
vt 0.246133 0.439236
vt 0.222102 0.439980
vt 0.266004 0.437945
vt 0.277557 0.435560
vt 0.277889 0.439813
vt 0.308164 0.421473
vt 0.308398 0.424488
vt 0.307930 0.418458
vt 0.319030 0.414398
vt 0.319746 0.416754
vt 0.320463 0.419109
vt 0.341876 0.406293
vt 0.342143 0.408775
vt 0.338285 0.410609
vt 0.337675 0.408322
vt 0.344311 0.405134
vt 0.344159 0.407852
vt 0.857574 0.477914
vt 0.864666 0.477168
vt 0.850812 0.478375
vt 0.423003 0.736141
vt 0.414011 0.736138
vt 0.842620 0.478310
vt 0.833713 0.477982
vt 0.329941 0.412089
vt 0.330742 0.414269
vt 0.329140 0.409910
vt 0.497249 0.684730
vt 0.499631 0.683543
vt 0.494677 0.688336
vt 0.492309 0.696516
vt 0.481125 0.717573
vt 0.476811 0.716155
vt 0.477494 0.730509
vt 0.472941 0.729480
vt 0.281986 0.086783
vt 0.291987 0.078625
vt 0.272861 0.095241
vt 0.265490 0.104299
vt 0.262685 0.129481
vt 0.264365 0.130380
vt 0.263200 0.142538
vt 0.261198 0.141591
vt 0.255583 0.152544
vt 0.258728 0.153647
vt 0.850439 0.706511
vt 0.853131 0.693089
vt 0.856093 0.693732
vt 0.853133 0.707317
vt 0.855787 0.679382
vt 0.858354 0.665514
vt 0.861808 0.665908
vt 0.859004 0.679892
vt 0.291320 0.314756
vt 0.296796 0.326324
vt 0.285845 0.303189
vt 0.288807 0.302221
vt 0.294333 0.313839
vt 0.299858 0.325457
vt 0.860779 0.651607
vt 0.863088 0.637744
vt 0.866944 0.637922
vt 0.864448 0.651890
vt 0.865307 0.624008
vt 0.869314 0.624091
vt 0.876668 0.597058
vt 0.878571 0.583925
vt 0.881817 0.583604
vt 0.879864 0.596830
vt 0.877910 0.610057
vt 0.874766 0.610192
vt 0.503191 0.681556
vt 0.503533 0.683488
vt 0.503323 0.686788
vt 0.502624 0.681960
vt 0.503446 0.681281
vt 0.501430 0.682621
vt 0.501535 0.686906
vt 0.500683 0.680036
vt 0.873850 0.476375
vt 0.874260 0.474174
vt 0.884407 0.473430
vt 0.884079 0.475561
vt 0.883869 0.479607
vt 0.873627 0.480520
vt 0.495705 0.667961
vt 0.497555 0.670883
vt 0.494076 0.670241
vt 0.493780 0.665892
vt 0.350330 0.004175
vt 0.348438 0.000982
vt 0.351757 0.000000
vt 0.353757 0.002943
vt 0.909166 0.560013
vt 0.906291 0.559848
vt 0.906288 0.556677
vt 0.908932 0.557005
vt 0.911575 0.557332
vt 0.912041 0.560178
vt 0.344347 0.016715
vt 0.345916 0.022144
vt 0.347237 0.027721
vt 0.348433 0.033371
vt 0.499303 0.675516
vt 0.491810 0.663814
vt 0.489816 0.661733
vt 0.500990 0.696529
vt 0.502865 0.696390
vt 0.502000 0.709157
vt 0.499843 0.708929
vt 0.498140 0.721543
vt 0.500567 0.721953
vt 0.496141 0.733475
vt 0.494105 0.743825
vt 0.492667 0.752752
vt 0.492464 0.760411
vt 0.495269 0.760583
vt 0.495549 0.767462
vt 0.492878 0.767437
vt 0.831772 0.750637
vt 0.831414 0.761139
vt 0.832323 0.739919
vt 0.833260 0.728770
vt 0.834479 0.717060
vt 0.835876 0.704663
vt 0.837383 0.691567
vt 0.838931 0.677763
vt 0.840463 0.663813
vt 0.863121 0.573701
vt 0.864755 0.563086
vt 0.861362 0.585309
vt 0.841922 0.650278
vt 0.843348 0.636735
vt 0.844779 0.622758
vt 0.873248 0.487448
vt 0.883500 0.486414
vt 0.883022 0.495084
vt 0.872744 0.496525
vt 0.869419 0.531876
vt 0.871137 0.518979
vt 0.881218 0.515584
vt 0.878574 0.527959
vt 0.877164 0.537465
vt 0.867556 0.544076
vt 0.859620 0.597532
vt 0.872143 0.507115
vt 0.882481 0.504716
vt 0.423014 0.803236
vt 0.414023 0.803233
vt 0.423007 0.805993
vt 0.414015 0.805990
vt 0.861479 0.408496
vt 0.862774 0.405194
vt 0.868598 0.406020
vt 0.866485 0.408875
vt 0.252280 0.497512
vt 0.252353 0.501604
vt 0.230674 0.503724
vt 0.230243 0.499837
vt 0.274317 0.495186
vt 0.274032 0.499484
vt 0.452288 0.809834
vt 0.452277 0.813691
vt 0.434817 0.809203
vt 0.472586 0.810675
vt 0.472575 0.814579
vt 0.452263 0.818954
vt 0.472561 0.819905
vt 0.252453 0.507187
vt 0.231262 0.509027
vt 0.273645 0.505346
vt 0.864527 0.400919
vt 0.871479 0.402200
vt 0.422998 0.808990
vt 0.414007 0.808987
vt 0.452310 0.795000
vt 0.472612 0.795900
vt 0.251161 0.482435
vt 0.228434 0.485146
vt 0.273888 0.479724
vt 0.857943 0.426214
vt 0.861042 0.426213
vt 0.852946 0.427616
vt 0.423008 0.781091
vt 0.414017 0.781087
vt 0.845138 0.431732
vt 0.835926 0.437205
vt 0.866117 0.553845
vt 0.872483 0.551733
vt 0.859284 0.556072
vt 0.885199 0.550028
vt 0.887718 0.540199
vt 0.891478 0.542037
vt 0.888755 0.550847
vt 0.886032 0.559657
vt 0.882680 0.559857
vt 0.881476 0.549687
vt 0.883808 0.539162
vt 0.279268 0.345875
vt 0.270671 0.348497
vt 0.286283 0.343063
vt 0.837943 0.559074
vt 0.829030 0.558755
vt 0.846150 0.558926
vt 0.452603 0.666136
vt 0.472902 0.667864
vt 0.230869 0.356111
vt 0.213627 0.357748
vt 0.246754 0.354118
vt 0.259927 0.351412
vt 0.292281 0.339576
vt 0.295950 0.349678
vt 0.297771 0.335752
vt 0.301808 0.344312
vt 0.877420 0.550301
vt 0.879599 0.539725
vt 0.852946 0.557845
vt 0.423492 0.644647
vt 0.414500 0.644644
vt 0.211583 0.694845
vt 0.197713 0.690770
vt 0.194006 0.674441
vt 0.209055 0.678764
vt 0.213491 0.713102
vt 0.200609 0.709321
vt 0.214155 0.735707
vt 0.201883 0.732318
vt 0.214198 0.760488
vt 0.202347 0.757536
vt 0.519790 0.598863
vt 0.527710 0.597254
vt 0.533260 0.607994
vt 0.528316 0.615371
vt 0.525161 0.622444
vt 0.511213 0.601475
vt 0.501010 0.582008
vt 0.511265 0.582354
vt 0.522161 0.586513
vt 0.192040 0.729252
vt 0.193760 0.755517
vt 0.186806 0.753963
vt 0.183411 0.726350
vt 0.181003 0.701308
vt 0.190190 0.705360
vt 0.188082 0.686211
vt 0.185844 0.669434
vt 0.180571 0.681411
vt 0.181126 0.664086
vt 0.311289 0.611132
vt 0.306782 0.632262
vt 0.301289 0.624446
vt 0.307252 0.605522
vt 0.312013 0.584653
vt 0.314668 0.587952
vt 0.317336 0.591251
vt 0.315378 0.616740
vt 0.312451 0.640107
vt 0.319696 0.568613
vt 0.318101 0.566605
vt 0.324854 0.549968
vt 0.325550 0.551193
vt 0.326245 0.552418
vt 0.321291 0.570620
vt 0.313849 0.561253
vt 0.305131 0.575850
vt 0.303397 0.573657
vt 0.312741 0.559919
vt 0.322536 0.545884
vt 0.323000 0.546701
vt 0.323521 0.547620
vt 0.315045 0.562758
vt 0.307011 0.578328
vt 0.297278 0.590539
vt 0.288520 0.603413
vt 0.285675 0.597891
vt 0.294955 0.586801
vt 0.299864 0.594759
vt 0.291757 0.609504
vt 0.298366 0.645454
vt 0.291594 0.636660
vt 0.305587 0.654372
vt 0.296754 0.664086
vt 0.287997 0.654677
vt 0.280034 0.645518
vt 0.450565 0.976789
vt 0.451237 0.968222
vt 0.467655 0.961024
vt 0.465836 0.971088
vt 0.464224 0.981483
vt 0.450021 0.984857
vt 0.436882 0.981057
vt 0.277085 0.612568
vt 0.273821 0.605467
vt 0.280846 0.620013
vt 0.268533 0.628406
vt 0.264311 0.619864
vt 0.260679 0.611285
vt 0.453123 0.939118
vt 0.453027 0.929755
vt 0.472535 0.924673
vt 0.472430 0.933599
vt 0.471748 0.942579
vt 0.452929 0.948739
vt 0.436415 0.943079
vt 0.431218 0.932056
vt 0.452693 0.900180
vt 0.472869 0.898058
vt 0.472781 0.906925
vt 0.452807 0.910988
vt 0.452920 0.920612
vt 0.472661 0.915789
vt 0.433179 0.925436
vt 0.263095 0.584342
vt 0.275506 0.581517
vt 0.279027 0.586961
vt 0.266887 0.591357
vt 0.253899 0.594179
vt 0.250068 0.585683
vt 0.270442 0.598398
vt 0.282464 0.592413
vt 0.257322 0.602718
vt 0.286688 0.575725
vt 0.297599 0.567142
vt 0.299488 0.569318
vt 0.289472 0.579414
vt 0.292290 0.583100
vt 0.301469 0.571485
vt 0.309200 0.555942
vt 0.321145 0.543434
vt 0.321609 0.544250
vt 0.310339 0.557272
vt 0.311546 0.558595
vt 0.322072 0.545067
vt 0.742090 0.751536
vt 0.740567 0.761871
vt 0.735999 0.750688
vt 0.740567 0.740777
vt 0.745135 0.730866
vt 0.745135 0.751960
vt 0.745135 0.773054
vt 0.484785 0.619683
vt 0.491912 0.612300
vt 0.497750 0.621605
vt 0.490026 0.625296
vt 0.483637 0.630854
vt 0.478799 0.627654
vt 0.472941 0.625367
vt 0.478322 0.612873
vt 0.484441 0.600729
vt 0.501321 0.606092
vt 0.508239 0.619283
vt 0.492036 0.589287
vt 0.426371 0.982460
vt 0.417446 0.982430
vt 0.452163 0.958657
vt 0.469892 0.951621
vt 0.285719 0.628112
vt 0.296147 0.616687
vt 0.273660 0.636859
vt 0.316507 0.564598
vt 0.309383 0.581354
vt 0.324159 0.548743
vt 0.303316 0.599909
vt 0.424902 0.943927
vt 0.415987 0.943218
vt 0.415688 0.932388
vt 0.424614 0.933512
vt 0.452216 0.836075
vt 0.472515 0.837233
vt 0.252786 0.525349
vt 0.233175 0.526279
vt 0.272396 0.524419
vt 0.868890 0.382848
vt 0.869684 0.378412
vt 0.879537 0.381789
vt 0.878352 0.385780
vt 0.857553 0.379962
vt 0.857933 0.375144
vt 0.847836 0.378780
vt 0.838929 0.378452
vt 0.839171 0.373507
vt 0.848078 0.373836
vt 0.422947 0.827566
vt 0.413955 0.827563
vt 0.356527 0.712330
vt 0.356601 0.718414
vt 0.355543 0.718417
vt 0.355469 0.712319
vt 0.355418 0.706983
vt 0.356477 0.707021
vt 0.357535 0.707058
vt 0.357586 0.712342
vt 0.357660 0.718411
vt 0.356717 0.668419
vt 0.356691 0.672242
vt 0.355632 0.672239
vt 0.355655 0.668673
vt 0.355677 0.665278
vt 0.356742 0.664682
vt 0.357808 0.664086
vt 0.357779 0.668165
vt 0.357751 0.672245
vt 0.913808 0.765538
vt 0.915019 0.772830
vt 0.913630 0.771917
vt 0.912486 0.765054
vt 0.911300 0.757475
vt 0.912569 0.757622
vt 0.913780 0.757567
vt 0.915071 0.765823
vt 0.916350 0.773552
vt 0.548854 0.482089
vt 0.546157 0.486934
vt 0.545096 0.486879
vt 0.547691 0.482169
vt 0.550410 0.477293
vt 0.551697 0.477031
vt 0.552984 0.476768
vt 0.550016 0.482010
vt 0.547216 0.486988
vt 0.911273 0.748460
vt 0.910031 0.748466
vt 0.908207 0.738466
vt 0.909446 0.738408
vt 0.910640 0.738155
vt 0.912463 0.748253
vt 0.543753 0.491349
vt 0.540667 0.496985
vt 0.539700 0.496892
vt 0.542748 0.491257
vt 0.544757 0.491440
vt 0.541635 0.497077
vt 0.905907 0.708302
vt 0.904769 0.717523
vt 0.903499 0.717621
vt 0.904645 0.708405
vt 0.906662 0.700931
vt 0.907897 0.700848
vt 0.909175 0.700552
vt 0.907178 0.707994
vt 0.906015 0.717226
vt 0.533656 0.526482
vt 0.536457 0.535436
vt 0.535575 0.535434
vt 0.532721 0.526490
vt 0.530509 0.512935
vt 0.532572 0.515710
vt 0.533452 0.515864
vt 0.534512 0.526670
vt 0.537305 0.535653
vt 0.911731 0.690256
vt 0.909424 0.692553
vt 0.908235 0.692538
vt 0.910436 0.690277
vt 0.913330 0.688548
vt 0.914784 0.688453
vt 0.916350 0.688130
vt 0.913123 0.690010
vt 0.910695 0.692348
vt 0.356718 0.739838
vt 0.356688 0.749153
vt 0.355629 0.748746
vt 0.355660 0.739622
vt 0.355664 0.731272
vt 0.356723 0.731340
vt 0.357782 0.731409
vt 0.357777 0.740055
vt 0.357747 0.749560
vt 0.875198 0.473075
vt 0.867208 0.471144
vt 0.868640 0.470652
vt 0.876399 0.472527
vt 0.886043 0.471841
vt 0.885127 0.472368
vt 0.906613 0.727827
vt 0.905358 0.727913
vt 0.907830 0.727546
vt 0.535924 0.505491
vt 0.535003 0.505374
vt 0.536846 0.505609
vt 0.356589 0.686860
vt 0.356549 0.692634
vt 0.355490 0.692546
vt 0.355531 0.686772
vt 0.355572 0.680843
vt 0.356631 0.680932
vt 0.357690 0.681020
vt 0.357648 0.686949
vt 0.357608 0.692723
vt 0.356675 0.724475
vt 0.355617 0.724469
vt 0.357734 0.724481
vt 0.908608 0.695841
vt 0.907418 0.695866
vt 0.909863 0.695599
vt 0.538252 0.540201
vt 0.539545 0.542871
vt 0.540683 0.544227
vt 0.537391 0.540185
vt 0.539107 0.540442
vt 0.540414 0.543132
vt 0.882442 0.387097
vt 0.883698 0.383423
vt 0.884849 0.384174
vt 0.883677 0.387594
vt 0.882451 0.391156
vt 0.881159 0.390843
vt 0.863153 0.426299
vt 0.864125 0.418659
vt 0.865729 0.418848
vt 0.864771 0.426429
vt 0.864032 0.435635
vt 0.862412 0.435557
vt 0.863098 0.463939
vt 0.861656 0.454238
vt 0.863259 0.454175
vt 0.864651 0.463654
vt 0.874771 0.402851
vt 0.877880 0.398738
vt 0.879148 0.399036
vt 0.876017 0.403174
vt 0.872755 0.406863
vt 0.871521 0.406528
vt 0.356474 0.703281
vt 0.355415 0.703218
vt 0.355437 0.700118
vt 0.356496 0.700200
vt 0.357554 0.700282
vt 0.357533 0.703344
vt 0.865558 0.414245
vt 0.867289 0.411590
vt 0.868459 0.412515
vt 0.867130 0.414500
vt 0.356519 0.696866
vt 0.355460 0.696777
vt 0.357578 0.696954
vt 0.869152 0.409230
vt 0.870394 0.409556
vt 0.861671 0.444824
vt 0.863290 0.444859
vt 0.356664 0.676236
vt 0.355605 0.676147
vt 0.357723 0.676324
vt 0.879824 0.394729
vt 0.881117 0.395000
vt 0.422325 0.459802
vt 0.416021 0.457486
vt 0.428630 0.462119
vt 0.190671 0.180949
vt 0.181663 0.181942
vt 0.181114 0.167134
vt 0.189740 0.165255
vt 0.188703 0.149270
vt 0.180565 0.152326
vt 0.923041 0.536879
vt 0.910768 0.555048
vt 0.904550 0.555718
vt 0.917791 0.537420
vt 0.930288 0.518740
vt 0.934616 0.518342
vt 0.939661 0.517937
vt 0.929161 0.536317
vt 0.918014 0.554349
vt 0.935291 0.535834
vt 0.925273 0.553742
vt 0.944717 0.517600
vt 0.950003 0.517307
vt 0.941698 0.535398
vt 0.932859 0.553190
vt 0.948646 0.534978
vt 0.941084 0.552652
vt 0.955736 0.517035
vt 0.961720 0.516853
vt 0.955895 0.534658
vt 0.949665 0.552232
vt 0.963207 0.534524
vt 0.958317 0.552029
vt 0.967760 0.516832
vt 0.973274 0.516962
vt 0.969877 0.534574
vt 0.966208 0.552049
vt 0.975202 0.534808
vt 0.972506 0.552293
vt 0.977681 0.517232
vt 0.981469 0.517641
vt 0.979773 0.535213
vt 0.977910 0.552744
vt 0.984181 0.535776
vt 0.983119 0.553382
vt 0.985125 0.518183
vt 0.988716 0.518793
vt 0.988508 0.536419
vt 0.988231 0.554114
vt 0.955384 0.574238
vt 0.959189 0.556975
vt 0.959959 0.557273
vt 0.956039 0.574492
vt 0.953468 0.591527
vt 0.952900 0.591306
vt 0.952332 0.591085
vt 0.954729 0.573984
vt 0.958419 0.556677
vt 0.484710 0.421166
vt 0.474696 0.436622
vt 0.472941 0.435187
vt 0.483225 0.419963
vt 0.493542 0.404781
vt 0.494768 0.405762
vt 0.496740 0.407057
vt 0.487087 0.422763
vt 0.477501 0.438527
vt 0.491248 0.425146
vt 0.482410 0.441373
vt 0.500204 0.408977
vt 0.505256 0.411615
vt 0.497308 0.428428
vt 0.489558 0.445295
vt 0.505382 0.432721
vt 0.499082 0.450425
vt 0.511989 0.415063
vt 0.519419 0.418910
vt 0.514296 0.437508
vt 0.509595 0.456145
vt 0.522873 0.442273
vt 0.519713 0.461838
vt 0.526566 0.422745
vt 0.532926 0.426100
vt 0.530505 0.446446
vt 0.528716 0.466823
vt 0.536583 0.449459
vt 0.535883 0.470425
vt 0.538000 0.428512
vt 0.542126 0.430248
vt 0.541515 0.451641
vt 0.541696 0.473036
vt 0.545709 0.453324
vt 0.546639 0.475051
vt 0.545639 0.431580
vt 0.548246 0.432421
vt 0.548814 0.454397
vt 0.550298 0.476338
vt 0.550479 0.454750
vt 0.552258 0.476764
vt 0.549650 0.432685
vt 0.550452 0.432661
vt 0.551425 0.454743
vt 0.553369 0.476759
vt 0.350761 0.747388
vt 0.354146 0.768493
vt 0.352898 0.769337
vt 0.349704 0.748095
vt 0.347833 0.726690
vt 0.348734 0.726111
vt 0.349634 0.725532
vt 0.351818 0.746682
vt 0.355394 0.767649
vt 0.914267 0.537841
vt 0.900376 0.556235
vt 0.897224 0.556677
vt 0.911607 0.538202
vt 0.925195 0.519333
vt 0.927386 0.519057
vt 0.979727 0.499475
vt 0.982829 0.499984
vt 0.976130 0.499074
vt 0.978193 0.484031
vt 0.981065 0.484602
vt 0.984474 0.480981
vt 0.519207 0.397497
vt 0.525391 0.400389
vt 0.513601 0.394910
vt 0.520814 0.381054
vt 0.525442 0.382807
vt 0.530541 0.384773
vt 0.349421 0.704490
vt 0.350234 0.704018
vt 0.348608 0.704961
vt 0.350600 0.686222
vt 0.351362 0.685844
vt 0.352124 0.685466
vt 0.961880 0.498554
vt 0.966733 0.498585
vt 0.957237 0.498616
vt 0.963250 0.482645
vt 0.966908 0.482814
vt 0.970739 0.483085
vt 0.504912 0.390461
vt 0.506528 0.391466
vt 0.503923 0.389682
vt 0.512932 0.377356
vt 0.513703 0.377949
vt 0.515001 0.378683
vt 0.944792 0.499067
vt 0.948869 0.498858
vt 0.941299 0.499294
vt 0.950736 0.482520
vt 0.953472 0.482471
vt 0.956670 0.482468
vt 0.547291 0.409804
vt 0.549506 0.410376
vt 0.544323 0.408861
vt 0.546206 0.390460
vt 0.548715 0.391013
vt 0.550606 0.391308
vt 0.985832 0.500615
vt 0.988785 0.501306
vt 0.986420 0.483058
vt 0.988785 0.483887
vt 0.531325 0.403287
vt 0.536612 0.405816
vt 0.535417 0.386770
vt 0.539769 0.388502
vt 0.971641 0.498768
vt 0.974626 0.483508
vt 0.509399 0.392925
vt 0.517353 0.379699
vt 0.550716 0.410520
vt 0.551424 0.410449
vt 0.551663 0.391321
vt 0.552303 0.391192
vt 0.938958 0.499493
vt 0.937194 0.499678
vt 0.947530 0.482693
vt 0.948906 0.482599
vt 0.952958 0.498712
vt 0.959883 0.482528
vt 0.953058 0.607984
vt 0.952519 0.607774
vt 0.953597 0.608194
vt 0.955173 0.620864
vt 0.954334 0.621775
vt 0.953795 0.621566
vt 0.540854 0.407603
vt 0.543294 0.389678
vt 0.960556 0.471967
vt 0.962949 0.472153
vt 0.958514 0.471853
vt 0.965462 0.464240
vt 0.966842 0.464509
vt 0.968466 0.464876
vt 0.522583 0.372009
vt 0.525367 0.372786
vt 0.520708 0.371400
vt 0.525031 0.366866
vt 0.526452 0.367087
vt 0.528589 0.367313
vt 0.965359 0.472401
vt 0.967890 0.472715
vt 0.970110 0.465304
vt 0.971844 0.465805
vt 0.957153 0.471822
vt 0.956133 0.471833
vt 0.963868 0.464035
vt 0.964549 0.464104
vt 0.529098 0.373775
vt 0.533203 0.374894
vt 0.531464 0.367572
vt 0.534621 0.367883
vt 0.970644 0.473096
vt 0.973539 0.473587
vt 0.973736 0.466388
vt 0.975736 0.467089
vt 0.537110 0.376064
vt 0.540604 0.377066
vt 0.537602 0.368264
vt 0.540279 0.368568
vt 0.976490 0.474229
vt 0.979213 0.474950
vt 0.977796 0.467941
vt 0.979712 0.468851
vt 0.543473 0.377682
vt 0.545873 0.378029
vt 0.542521 0.368650
vt 0.544433 0.368581
vt 0.981421 0.475677
vt 0.983370 0.476408
vt 0.981286 0.469727
vt 0.982687 0.470586
vt 0.547962 0.378222
vt 0.549556 0.378265
vt 0.546121 0.368433
vt 0.547432 0.368234
vt 0.957564 0.631610
vt 0.956063 0.630645
vt 0.956944 0.625911
vt 0.958813 0.627145
vt 0.959386 0.632828
vt 0.959959 0.638512
vt 0.958184 0.637310
vt 0.956719 0.636357
vt 0.550473 0.378158
vt 0.551050 0.377976
vt 0.548214 0.368013
vt 0.548731 0.367780
vt 0.955204 0.630183
vt 0.954666 0.629974
vt 0.955872 0.635899
vt 0.955334 0.635690
vt 0.353094 0.673496
vt 0.353810 0.673204
vt 0.352378 0.673788
vt 0.354051 0.664506
vt 0.354722 0.664296
vt 0.355394 0.664086
vt 0.519701 0.370914
vt 0.519129 0.370491
vt 0.523922 0.366356
vt 0.524303 0.366618
vt 0.337616 0.757656
vt 0.345281 0.757784
vt 0.346478 0.766709
vt 0.337467 0.766696
vt 0.328456 0.766683
vt 0.329952 0.757528
vt 0.331455 0.748292
vt 0.337941 0.748513
vt 0.344427 0.748734
vt 0.543105 0.563556
vt 0.542996 0.556079
vt 0.548465 0.556204
vt 0.548465 0.563678
vt 0.548465 0.571153
vt 0.543214 0.571033
vt 0.537963 0.570913
vt 0.537745 0.563433
vt 0.537526 0.555953
vt 0.930639 0.567509
vt 0.920545 0.562554
vt 0.922864 0.556677
vt 0.932501 0.562490
vt 0.942139 0.568303
vt 0.940734 0.572464
vt 0.939646 0.578179
vt 0.929647 0.574295
vt 0.919647 0.570412
vt 0.142171 0.756767
vt 0.142301 0.750861
vt 0.146930 0.749828
vt 0.146930 0.755719
vt 0.146930 0.761610
vt 0.142041 0.762674
vt 0.137152 0.763737
vt 0.137412 0.757816
vt 0.137672 0.751894
vt 0.934912 0.607227
vt 0.929226 0.606773
vt 0.925187 0.595266
vt 0.932331 0.596314
vt 0.939475 0.597362
vt 0.940597 0.607681
vt 0.941535 0.616259
vt 0.936993 0.615978
vt 0.932452 0.615696
vt 0.517549 0.736356
vt 0.508585 0.738330
vt 0.513551 0.724331
vt 0.520648 0.723984
vt 0.930393 0.584617
vt 0.921594 0.582231
vt 0.939193 0.587003
vt 0.323596 0.709253
vt 0.331084 0.710684
vt 0.328898 0.724385
vt 0.320140 0.722569
vt 0.311382 0.720753
vt 0.316108 0.707823
vt 0.320398 0.695416
vt 0.326771 0.696518
vt 0.333145 0.697619
vt 0.332562 0.670964
vt 0.337201 0.671630
vt 0.336363 0.676700
vt 0.331349 0.675950
vt 0.326335 0.675201
vt 0.327923 0.670297
vt 0.328764 0.667692
vt 0.333190 0.668315
vt 0.337616 0.668938
vt 0.338615 0.739164
vt 0.344262 0.739433
vt 0.332968 0.738894
vt 0.334203 0.731157
vt 0.339274 0.731445
vt 0.344346 0.731734
vt 0.329387 0.684942
vt 0.334958 0.685827
vt 0.323817 0.684058
vt 0.333399 0.666337
vt 0.337755 0.666946
vt 0.329044 0.665728
vt 0.329044 0.664086
vt 0.333399 0.664694
vt 0.337755 0.665303
vt 0.937434 0.621189
vt 0.933604 0.620983
vt 0.941264 0.621395
vt 0.940390 0.624811
vt 0.937054 0.624631
vt 0.933719 0.624452
vt 0.339554 0.727194
vt 0.344240 0.727489
vt 0.334868 0.726900
vt 0.335247 0.724385
vt 0.339644 0.724678
vt 0.344040 0.724971
vt 0.129862 0.598060
vt 0.117810 0.589092
vt 0.118716 0.587623
vt 0.130653 0.596707
vt 0.142590 0.605792
vt 0.141914 0.607028
vt 0.141237 0.608263
vt 0.129070 0.599412
vt 0.120172 0.592407
vt 0.173344 0.635430
vt 0.169169 0.630535
vt 0.169797 0.630676
vt 0.174414 0.635737
vt 0.178213 0.640216
vt 0.178409 0.641370
vt 0.176072 0.639555
vt 0.172274 0.635123
vt 0.168541 0.630393
vt 0.741679 0.911417
vt 0.742756 0.887758
vt 0.783233 0.887758
vt 0.784311 0.911417
vt 0.166774 0.627728
vt 0.166399 0.627682
vt 0.165053 0.625979
vt 0.165269 0.625966
vt 0.510424 0.625245
vt 0.500321 0.626381
vt 0.519482 0.626168
vt 0.518230 0.628010
vt 0.510243 0.627593
vt 0.501259 0.628892
vt 0.523843 0.630208
vt 0.525585 0.628907
vt 0.527799 0.635065
vt 0.525856 0.635808
vt 0.523913 0.636551
vt 0.522101 0.631510
vt 0.488243 0.636549
vt 0.489859 0.641949
vt 0.488213 0.641818
vt 0.486435 0.635880
vt 0.488580 0.631841
vt 0.490410 0.633117
vt 0.490051 0.637218
vt 0.491506 0.642079
vt 0.492823 0.628515
vt 0.494397 0.630537
vt 0.953841 0.646638
vt 0.954237 0.644365
vt 0.956627 0.643776
vt 0.956247 0.646150
vt 0.956073 0.650288
vt 0.953673 0.650658
vt 0.951272 0.651028
vt 0.951435 0.647125
vt 0.951848 0.644955
vt 0.954856 0.677485
vt 0.954391 0.667927
vt 0.956676 0.667891
vt 0.957072 0.677626
vt 0.957469 0.687361
vt 0.955321 0.687043
vt 0.953174 0.686724
vt 0.952640 0.677344
vt 0.952107 0.667963
vt 0.036611 0.717848
vt 0.035981 0.725050
vt 0.030356 0.726381
vt 0.031148 0.719386
vt 0.032680 0.714828
vt 0.036866 0.712222
vt 0.047361 0.708780
vt 0.043459 0.715652
vt 0.043033 0.723211
vt 0.034456 0.742698
vt 0.034188 0.746090
vt 0.027757 0.746848
vt 0.028270 0.743482
vt 0.028849 0.739335
vt 0.034812 0.738464
vt 0.042296 0.737259
vt 0.042216 0.741605
vt 0.042253 0.745029
vt 0.032165 0.772555
vt 0.031698 0.776179
vt 0.025460 0.776001
vt 0.023996 0.773368
vt 0.024740 0.768083
vt 0.032566 0.767413
vt 0.046057 0.764640
vt 0.043379 0.771039
vt 0.043225 0.774586
vt 0.088832 0.755937
vt 0.088710 0.759295
vt 0.083619 0.761476
vt 0.086154 0.757298
vt 0.086861 0.752937
vt 0.089190 0.751749
vt 0.091519 0.750560
vt 0.091510 0.754577
vt 0.091717 0.757762
vt 0.056387 0.768294
vt 0.056125 0.771711
vt 0.056830 0.764103
vt 0.071168 0.760948
vt 0.070292 0.764934
vt 0.071640 0.767016
vt 0.132862 0.758984
vt 0.128572 0.756771
vt 0.128894 0.749828
vt 0.133023 0.751910
vt 0.137152 0.753992
vt 0.137152 0.761197
vt 0.137152 0.768402
vt 0.132701 0.766058
vt 0.128250 0.763714
vt 0.033912 0.749778
vt 0.033563 0.754467
vt 0.026591 0.755167
vt 0.027240 0.750509
vt 0.042293 0.748751
vt 0.042344 0.753483
vt 0.954668 0.641895
vt 0.955116 0.639327
vt 0.957469 0.638512
vt 0.957039 0.641195
vt 0.952296 0.642595
vt 0.952763 0.640141
vt 0.892968 0.404878
vt 0.893192 0.400020
vt 0.895415 0.398945
vt 0.895199 0.404022
vt 0.894983 0.409099
vt 0.892743 0.409736
vt 0.891032 0.410827
vt 0.890996 0.405493
vt 0.891579 0.399822
vt 0.033073 0.760865
vt 0.025681 0.761520
vt 0.042414 0.759939
vt 0.035351 0.732252
vt 0.029567 0.733333
vt 0.042607 0.730771
vt 0.953927 0.658370
vt 0.956280 0.658156
vt 0.951573 0.658583
vt 0.026726 0.733613
vt 0.025927 0.739538
vt 0.023755 0.740058
vt 0.024530 0.734210
vt 0.025332 0.727344
vt 0.027584 0.726695
vt 0.888205 0.428764
vt 0.887704 0.438288
vt 0.884030 0.438015
vt 0.884555 0.428456
vt 0.885034 0.420878
vt 0.888613 0.421185
vt 0.889946 0.421257
vt 0.889538 0.428814
vt 0.889030 0.438197
vt 0.889581 0.458519
vt 0.892430 0.459107
vt 0.892440 0.461168
vt 0.889194 0.460649
vt 0.884635 0.457819
vt 0.887565 0.455607
vt 0.888681 0.454742
vt 0.890177 0.457459
vt 0.892343 0.457954
vt 0.057856 0.702228
vt 0.045260 0.706525
vt 0.045216 0.704477
vt 0.057828 0.700273
vt 0.071024 0.696163
vt 0.071013 0.698036
vt 0.071239 0.699116
vt 0.058217 0.703282
vt 0.036371 0.709747
vt 0.030874 0.713554
vt 0.028825 0.712291
vt 0.036243 0.707717
vt 0.022187 0.761634
vt 0.021073 0.768318
vt 0.018484 0.768577
vt 0.019702 0.761886
vt 0.020830 0.755627
vt 0.023237 0.755295
vt 0.889544 0.405626
vt 0.889293 0.409701
vt 0.886611 0.409342
vt 0.887283 0.405324
vt 0.887977 0.400783
vt 0.889829 0.401079
vt 0.081584 0.695132
vt 0.081746 0.693207
vt 0.091231 0.690827
vt 0.090864 0.692871
vt 0.090743 0.694011
vt 0.081646 0.696241
vt 0.025231 0.743647
vt 0.024597 0.746998
vt 0.022309 0.747432
vt 0.023014 0.744119
vt 0.888828 0.417259
vt 0.885403 0.416901
vt 0.885738 0.414662
vt 0.888956 0.415069
vt 0.890261 0.415184
vt 0.890151 0.417355
vt 0.028456 0.719606
vt 0.026155 0.720235
vt 0.023986 0.750648
vt 0.021640 0.751038
vt 0.889104 0.412699
vt 0.886118 0.412298
vt 0.890379 0.412826
vt 0.887216 0.448050
vt 0.883520 0.447935
vt 0.888521 0.447581
vt 0.020126 0.774003
vt 0.022412 0.777638
vt 0.018996 0.779419
vt 0.017402 0.774460
vt 0.890121 0.396662
vt 0.888538 0.396254
vt 0.889962 0.391236
vt 0.890416 0.392310
vt 0.891402 0.393063
vt 0.891186 0.397079
vt 0.077746 0.766347
vt 0.084585 0.763181
vt 0.083744 0.765220
vt 0.078060 0.767405
vt 0.071661 0.770618
vt 0.068355 0.769982
vt 0.077432 0.765289
vt 0.056226 0.773581
vt 0.056179 0.774903
vt 0.043041 0.777894
vt 0.043169 0.776520
vt 0.089060 0.760991
vt 0.092353 0.759287
vt 0.092754 0.760331
vt 0.089212 0.762187
vt 0.030996 0.778175
vt 0.030427 0.779593
vt 0.019297 0.745821
vt 0.018494 0.749041
vt 0.014580 0.750634
vt 0.015464 0.747508
vt 0.016200 0.743690
vt 0.020044 0.741880
vt 0.024946 0.709175
vt 0.022937 0.716176
vt 0.018250 0.719137
vt 0.020024 0.711362
vt 0.022154 0.706351
vt 0.026406 0.703715
vt 0.032635 0.701653
vt 0.031075 0.706221
vt 0.058468 0.696517
vt 0.046180 0.700340
vt 0.046953 0.696300
vt 0.058883 0.692870
vt 0.075367 0.687414
vt 0.071510 0.692705
vt 0.889225 0.464922
vt 0.892296 0.465046
vt 0.892075 0.469832
vt 0.889465 0.470265
vt 0.885107 0.470746
vt 0.884344 0.464597
vt 0.021864 0.723004
vt 0.021266 0.729683
vt 0.017051 0.732036
vt 0.017416 0.725845
vt 0.037601 0.703425
vt 0.038844 0.699205
vt 0.012674 0.774739
vt 0.011865 0.779054
vt 0.006882 0.778694
vt 0.007895 0.774824
vt 0.009223 0.769989
vt 0.013895 0.769314
vt 0.082352 0.689650
vt 0.083181 0.685276
vt 0.093203 0.682214
vt 0.092093 0.686973
vt 0.885920 0.395861
vt 0.886890 0.391970
vt 0.884697 0.400236
vt 0.881531 0.399668
vt 0.883384 0.395515
vt 0.884649 0.391713
vt 0.875043 0.446655
vt 0.875654 0.437016
vt 0.874939 0.455844
vt 0.864135 0.453911
vt 0.864175 0.444792
vt 0.864929 0.435653
vt 0.875843 0.463874
vt 0.877250 0.471324
vt 0.867645 0.471950
vt 0.865531 0.462950
vt 0.877774 0.416019
vt 0.878695 0.413673
vt 0.876962 0.420102
vt 0.866645 0.419091
vt 0.868043 0.414876
vt 0.869142 0.412867
vt 0.879713 0.411351
vt 0.881039 0.408516
vt 0.873508 0.410365
vt 0.875648 0.407649
vt 0.017691 0.752521
vt 0.016700 0.756935
vt 0.012476 0.758225
vt 0.013647 0.753986
vt 0.015336 0.762956
vt 0.010875 0.764008
vt 0.882885 0.404633
vt 0.878637 0.403898
vt 0.876275 0.427632
vt 0.865680 0.426551
vt 0.020680 0.736238
vt 0.016688 0.738258
vt 0.887939 0.389023
vt 0.889028 0.386549
vt 0.891716 0.387484
vt 0.890573 0.389521
vt 0.885781 0.388535
vt 0.886847 0.385669
vt 0.901168 0.706107
vt 0.902226 0.707342
vt 0.899864 0.718639
vt 0.898249 0.714833
vt 0.897224 0.713360
vt 0.900167 0.704631
vt 0.903111 0.695903
vt 0.904086 0.697380
vt 0.904893 0.697480
vt 0.011661 0.782081
vt 0.011760 0.784465
vt 0.005619 0.784467
vt 0.006174 0.781777
vt 0.019656 0.782153
vt 0.020195 0.784325
vt 0.055474 0.776677
vt 0.054440 0.778675
vt 0.042179 0.781881
vt 0.042671 0.779764
vt 0.068524 0.772906
vt 0.067018 0.774733
vt 0.088498 0.764045
vt 0.087350 0.766234
vt 0.083389 0.768299
vt 0.084739 0.766014
vt 0.092257 0.762075
vt 0.091311 0.764170
vt 0.030362 0.781485
vt 0.030549 0.783614
vt 0.844371 0.446160
vt 0.843929 0.454381
vt 0.851961 0.444985
vt 0.843371 0.464614
vt 0.842876 0.473658
vt 0.842009 0.489372
vt 0.840716 0.512014
vt 0.834298 0.591709
vt 0.826984 0.692915
vt 0.826044 0.706373
vt 0.831142 0.705129
vt 0.822762 0.765464
vt 0.500084 0.744534
vt 0.177349 0.761089
vt 0.501790 0.673130
vt 0.502670 0.678484
vt 0.722598 0.769783
vt 0.913098 0.675721
vt 0.422379 0.376051
vt 0.423154 0.475252
vt 0.424101 0.579075
vt 0.423938 0.596148
vt 0.435130 0.664840
vt 0.434992 0.654891
vt 0.423131 0.691078
vt 0.434882 0.706707
vt 0.422988 0.746318
vt 0.422994 0.742644
vt 0.422988 0.751263
vt 0.423017 0.794096
vt 0.423072 0.863367
vt 0.435083 0.885523
vt 0.423560 0.901629
vt 0.744902 0.851123
vt 0.781088 0.851123
vt 0.425521 0.965513
vt 0.425899 0.975336
vt 0.436693 0.973600
vt 0.436587 0.953267
vt 0.426855 0.988239
vt 0.236519 0.716790
vt 0.226499 0.738371
vt 0.236489 0.698678
vt 0.225805 0.697720
vt 0.203102 0.229157
vt 0.201930 0.213125
vt 0.191534 0.197246
vt 0.452324 0.729695
vt 0.452392 0.864287
vt 0.452560 0.885507
vt 0.197457 0.304842
vt 0.196434 0.287416
vt 0.434818 0.762012
vt 0.434824 0.773321
vt 0.452304 0.804010
vt 0.235855 0.383631
vt 0.257632 0.396661
vt 0.253822 0.382067
vt 0.211206 0.211756
vt 0.212704 0.227486
vt 0.221753 0.226340
vt 0.218444 0.194836
vt 0.209821 0.195539
vt 0.240838 0.410464
vt 0.222538 0.302012
vt 0.234252 0.300454
vt 0.270805 0.552252
vt 0.247515 0.453306
vt 0.248331 0.463022
vt 0.270988 0.392885
vt 0.282737 0.549659
vt 0.284316 0.567364
vt 0.293595 0.545296
vt 0.267336 0.378848
vt 0.228083 0.209985
vt 0.321130 0.356413
vt 0.333171 0.378262
vt 0.863254 0.414093
vt 0.858636 0.418584
vt 0.855464 0.585219
vt 0.852245 0.609898
vt 0.856911 0.464583
vt 0.856457 0.454264
vt 0.856715 0.444671
vt 0.859622 0.444768
vt 0.857329 0.435443
vt 0.452308 0.782318
vt 0.422994 0.761582
vt 0.423002 0.772962
vt 0.856956 0.489091
vt 0.339327 0.395876
vt 0.341106 0.402449
vt 0.263775 0.426220
vt 0.277007 0.430335
vt 0.244101 0.428295
vt 0.452315 0.738177
vt 0.452308 0.744680
vt 0.423028 0.718047
vt 0.257994 0.222597
vt 0.260837 0.236887
vt 0.856075 0.623664
vt 0.857868 0.610329
vt 0.850638 0.623307
vt 0.854236 0.637296
vt 0.860995 0.623880
vt 0.852350 0.650985
vt 0.856837 0.651311
vt 0.218074 0.271600
vt 0.195495 0.271104
vt 0.424613 0.526520
vt 0.232291 0.240442
vt 0.223720 0.241340
vt 0.214320 0.242252
vt 0.193889 0.244467
vt 0.252229 0.238054
vt 0.249495 0.223404
vt 0.850864 0.574204
vt 0.858428 0.564119
vt 0.844118 0.573816
vt 0.873210 0.572737
vt 0.875278 0.561198
vt 0.868629 0.573272
vt 0.226973 0.331378
vt 0.449181 0.644586
vt 0.434410 0.644634
vt 0.451780 0.655980
vt 0.423763 0.615010
vt 0.837395 0.565333
vt 0.251847 0.208348
vt 0.247226 0.208586
vt 0.254146 0.222951
vt 0.848325 0.678442
vt 0.842023 0.691653
vt 0.852313 0.678892
vt 0.208544 0.179309
vt 0.199643 0.180042
vt 0.239089 0.133004
vt 0.224852 0.130193
vt 0.241433 0.119377
vt 0.245934 0.121170
vt 0.245812 0.106950
vt 0.235725 0.117516
vt 0.228005 0.115733
vt 0.256091 0.097522
vt 0.265079 0.087671
vt 0.245778 0.074908
vt 0.288313 0.070360
vt 0.270709 0.073728
vt 0.265777 0.069756
vt 0.254136 0.059063
vt 0.301127 0.059942
vt 0.315784 0.052331
vt 0.312223 0.044641
vt 0.292472 0.047169
vt 0.288606 0.041411
vt 0.303379 0.027858
vt 0.329715 0.045301
vt 0.328985 0.042032
vt 0.327273 0.037360
vt 0.322590 0.026314
vt 0.844087 0.705145
vt 0.845269 0.732233
vt 0.257471 0.126406
vt 0.260238 0.114505
vt 0.256650 0.112032
vt 0.256237 0.139314
vt 0.834452 0.751830
vt 0.268199 0.106941
vt 0.265212 0.118170
vt 0.486694 0.742755
vt 0.486721 0.719412
vt 0.487934 0.706596
vt 0.488223 0.693416
vt 0.490820 0.695386
vt 0.487324 0.670758
vt 0.353630 0.012521
vt 0.352101 0.007858
vt 0.349592 0.014348
vt 0.910214 0.575479
vt 0.346302 0.005621
vt 0.910665 0.587315
vt 0.911154 0.602004
vt 0.911685 0.617913
vt 0.282771 0.029601
vt 0.245887 0.045627
vt 0.192495 0.079372
vt 0.191944 0.094020
vt 0.347508 0.042078
vt 0.330266 0.050455
vt 0.317074 0.057275
vt 0.277945 0.080928
vt 0.259179 0.099305
vt 0.262285 0.101448
vt 0.250035 0.122753
vt 0.248187 0.150365
vt 0.248207 0.164633
vt 0.248849 0.179105
vt 0.241743 0.208923
vt 0.256951 0.237420
vt 0.289192 0.417189
vt 0.287797 0.408414
vt 0.286758 0.398177
vt 0.877160 0.389790
vt 0.434765 0.827836
vt 0.422973 0.818000
vt 0.422988 0.812801
vt 0.290420 0.429425
vt 0.452305 0.748354
vt 0.266004 0.437945
vt 0.277557 0.435561
vt 0.341876 0.406293
vt 0.857574 0.477914
vt 0.864666 0.477168
vt 0.850812 0.478375
vt 0.842620 0.478310
vt 0.329941 0.412089
vt 0.497249 0.684730
vt 0.492309 0.696516
vt 0.272861 0.095241
vt 0.265490 0.104299
vt 0.262685 0.129481
vt 0.850439 0.706511
vt 0.853131 0.693088
vt 0.855787 0.679382
vt 0.858354 0.665514
vt 0.860779 0.651607
vt 0.863088 0.637744
vt 0.876668 0.597058
vt 0.503619 0.683339
vt 0.495705 0.667961
vt 0.497555 0.670883
vt 0.350330 0.004175
vt 0.347237 0.027721
vt 0.499303 0.675516
vt 0.498140 0.721544
vt 0.831772 0.750637
vt 0.832323 0.739919
vt 0.833260 0.728770
vt 0.838931 0.677763
vt 0.840463 0.663813
vt 0.863121 0.573701
vt 0.861362 0.585309
vt 0.843348 0.636735
vt 0.844779 0.622758
vt 0.861480 0.408496
vt 0.252280 0.497512
vt 0.864527 0.400919
vt 0.422998 0.808990
vt 0.452310 0.795000
vt 0.857943 0.426214
vt 0.861042 0.426213
vt 0.423008 0.781091
vt 0.866117 0.553845
vt 0.872483 0.551733
vt 0.885199 0.550028
vt 0.286283 0.343063
vt 0.837943 0.559074
vt 0.846150 0.558927
vt 0.452603 0.666136
vt 0.230869 0.356111
vt 0.292281 0.339576
vt 0.877420 0.550301
vt 0.211583 0.694845
vt 0.197713 0.690770
vt 0.214155 0.735707
vt 0.201883 0.732318
vt 0.511213 0.601475
vt 0.192040 0.729253
vt 0.190190 0.705360
vt 0.188082 0.686211
vt 0.313849 0.561253
vt 0.297278 0.590539
vt 0.294955 0.586801
vt 0.288520 0.603413
vt 0.299864 0.594759
vt 0.450565 0.976789
vt 0.436882 0.981058
vt 0.277085 0.612568
vt 0.280846 0.620013
vt 0.452693 0.900181
vt 0.452920 0.920612
vt 0.263095 0.584342
vt 0.282464 0.592413
vt 0.299488 0.569318
vt 0.292290 0.583100
vt 0.301469 0.571485
vt 0.310339 0.557272
vt 0.311546 0.558595
vt 0.484785 0.619683
vt 0.491912 0.612300
vt 0.501321 0.606092
vt 0.426371 0.982460
vt 0.452163 0.958657
vt 0.285719 0.628112
vt 0.316507 0.564598
vt 0.878352 0.385780
vt 0.422947 0.827566
vt 0.356527 0.712330
vt 0.356717 0.668419
vt 0.356692 0.672242
vt 0.546156 0.486933
vt 0.911273 0.748460
vt 0.910031 0.748466
vt 0.909446 0.738408
vt 0.908207 0.738466
vt 0.543753 0.491349
vt 0.540667 0.496985
vt 0.533656 0.526482
vt 0.532721 0.526490
vt 0.536457 0.535436
vt 0.910436 0.690277
vt 0.875197 0.473075
vt 0.867208 0.471144
vt 0.906613 0.727827
vt 0.905358 0.727913
vt 0.535924 0.505491
vt 0.356589 0.686860
vt 0.356631 0.680932
vt 0.356675 0.724475
vt 0.908608 0.695841
vt 0.907418 0.695866
vt 0.882442 0.387097
vt 0.883677 0.387594
vt 0.863153 0.426299
vt 0.864125 0.418659
vt 0.863098 0.463939
vt 0.874771 0.402851
vt 0.876017 0.403174
vt 0.356474 0.703281
vt 0.356496 0.700200
vt 0.865558 0.414244
vt 0.869152 0.409230
vt 0.861671 0.444824
vt 0.356664 0.676236
vt 0.879824 0.394729
vt 0.422325 0.459802
vt 0.190671 0.180949
vt 0.189740 0.165255
vt 0.935291 0.535834
vt 0.941698 0.535398
vt 0.948646 0.534978
vt 0.955895 0.534658
vt 0.961720 0.516853
vt 0.973274 0.516962
vt 0.975202 0.534808
vt 0.984181 0.535776
vt 0.985125 0.518183
vt 0.484710 0.421166
vt 0.487087 0.422763
vt 0.494768 0.405762
vt 0.491248 0.425146
vt 0.497308 0.428428
vt 0.505382 0.432721
vt 0.514296 0.437508
vt 0.519420 0.418910
vt 0.511989 0.415063
vt 0.530505 0.446446
vt 0.536583 0.449459
vt 0.550480 0.454750
vt 0.350761 0.747388
vt 0.348734 0.726111
vt 0.914267 0.537841
vt 0.979727 0.499475
vt 0.982829 0.499984
vt 0.349421 0.704490
vt 0.961880 0.498554
vt 0.515001 0.378684
vt 0.985832 0.500615
vt 0.971641 0.498768
vt 0.517353 0.379699
vt 0.938958 0.499493
vt 0.948906 0.482599
vt 0.953058 0.607984
vt 0.954334 0.621775
vt 0.960556 0.471967
vt 0.522583 0.372009
vt 0.520708 0.371400
vt 0.965359 0.472401
vt 0.537110 0.376064
vt 0.981421 0.475677
vt 0.547962 0.378222
vt 0.956063 0.630645
vt 0.550473 0.378158
vt 0.955204 0.630183
vt 0.353094 0.673496
vt 0.519701 0.370914
vt 0.337616 0.757656
vt 0.337941 0.748513
vt 0.930639 0.567509
vt 0.930393 0.584617
vt 0.323596 0.709253
vt 0.332562 0.670964
vt 0.331349 0.675950
vt 0.329387 0.684942
vt 0.333399 0.666337
vt 0.937434 0.621189
vt 0.339554 0.727194
vt 0.141172 0.608265
vt 0.141820 0.607153
vt 0.153591 0.616497
vt 0.154038 0.615872
vt 0.142468 0.606041
vt 0.153145 0.617121
vt 0.162412 0.624190
vt 0.162726 0.624039
vt 0.163039 0.623888
vt 0.762995 0.827956
vt 0.167149 0.627775
vt 0.549860 0.704215
vt 0.544454 0.702689
vt 0.543159 0.713185
vt 0.549821 0.715568
vt 0.556483 0.717950
vt 0.555267 0.705742
vt 0.554219 0.696323
vt 0.549878 0.695183
vt 0.545537 0.694042
vt 0.550648 0.689959
vt 0.546978 0.689028
vt 0.554318 0.690890
vt 0.554990 0.687451
vt 0.551794 0.686640
vt 0.548598 0.685829
vt 0.488243 0.636549
vt 0.488580 0.631841
vt 0.953841 0.646638
vt 0.954237 0.644365
vt 0.036611 0.717848
vt 0.034188 0.746090
vt 0.032165 0.772555
vt 0.032566 0.767413
vt 0.088832 0.755937
vt 0.056387 0.768294
vt 0.033912 0.749778
vt 0.033563 0.754467
vt 0.954668 0.641895
vt 0.033073 0.760865
vt 0.889581 0.458519
vt 0.887565 0.455607
vt 0.057828 0.700273
vt 0.071013 0.698036
vt 0.022187 0.761634
vt 0.887283 0.405324
vt 0.081584 0.695132
vt 0.885403 0.416901
vt 0.889104 0.412699
vt 0.887216 0.448050
vt 0.883520 0.447935
vt 0.020126 0.774003
vt 0.077746 0.766347
vt 0.056226 0.773581
vt 0.089060 0.760991
vt 0.089212 0.762187
vt 0.024946 0.709175
vt 0.022937 0.716176
vt 0.058468 0.696517
vt 0.071510 0.692705
vt 0.058883 0.692870
vt 0.889225 0.464922
vt 0.021864 0.723004
vt 0.017051 0.732036
vt 0.886890 0.391970
vt 0.875655 0.437016
vt 0.875843 0.463873
vt 0.877774 0.416019
vt 0.876962 0.420102
vt 0.879713 0.411351
vt 0.881039 0.408516
vt 0.017691 0.752521
vt 0.013647 0.753986
vt 0.015336 0.762956
vt 0.882885 0.404633
vt 0.876275 0.427632
vt 0.020680 0.736238
vt 0.887939 0.389023
vt 0.885781 0.388535
vt 0.901168 0.706107
vt 0.030362 0.781485
vt 0.846406 0.584322
vt 0.850564 0.583551
vt 0.848785 0.588443
vt 0.828217 0.543038
vt 0.823595 0.542255
vt 0.826624 0.539411
vt 0.854144 0.594653
vt 0.855172 0.599322
vt 0.850200 0.597275
vt 0.806518 0.596520
vt 0.811063 0.596173
vt 0.807467 0.599457
vt 0.855271 0.583070
vt 0.858599 0.585755
vt 0.853996 0.587707
vt 0.856820 0.590647
vt 0.852245 0.591393
vt 0.802568 0.597630
vt 0.846164 0.595652
vt 0.846988 0.600229
vt 0.850370 0.592374
vt 0.850966 0.602600
vt 0.855447 0.603712
vt 0.847404 0.604267
vt 0.852376 0.606315
vt 0.819119 0.542829
vt 0.821277 0.539288
vt 0.858012 0.580393
vt 0.799195 0.593430
vt 0.803137 0.593217
vt 0.808387 0.592316
vt 0.812941 0.591073
vt 0.855447 0.591393
vt 0.838932 0.591198
vt 0.841587 0.595848
vt 0.837035 0.595120
vt 0.844298 0.591238
vt 0.846164 0.595188
vt 0.826101 0.546958
vt 0.823427 0.546896
vt 0.820753 0.546835
vt 0.847834 0.579767
vt 0.853045 0.579031
vt 0.834612 0.591159
vt 0.830679 0.547020
vt 0.818716 0.546766
vt 0.816678 0.546698
vt 0.800277 0.583963
vt 0.806960 0.582817
vt 0.852791 0.569613
vt 0.859112 0.571347
vt 0.833416 0.581208
vt 0.838916 0.581258
vt 0.846164 0.570540
vt 0.826202 0.556945
vt 0.822791 0.556867
vt 0.832014 0.557024
vt 0.845746 0.581309
vt 0.812757 0.581235
vt 0.795260 0.584235
vt 0.796580 0.572114
vt 0.804357 0.570563
vt 0.840017 0.569346
vt 0.846164 0.569822
vt 0.853406 0.559443
vt 0.859112 0.560660
vt 0.835074 0.568952
vt 0.827120 0.568116
vt 0.823212 0.567956
vt 0.791036 0.572935
vt 0.833416 0.568564
vt 0.846994 0.561223
vt 0.811383 0.568878
vt 0.840830 0.558557
vt 0.845859 0.558946
vt 0.853992 0.551011
vt 0.858655 0.552015
vt 0.836792 0.558233
vt 0.827441 0.579046
vt 0.823570 0.578896
vt 0.788870 0.562371
vt 0.794271 0.561510
vt 0.833416 0.579435
vt 0.848408 0.552988
vt 0.802016 0.559939
vt 0.809148 0.558257
vt 0.812941 0.557108
vt 0.804546 0.547225
vt 0.807492 0.546381
vt 0.826047 0.590740
vt 0.823182 0.590634
vt 0.789443 0.550327
vt 0.793390 0.549663
vt 0.830328 0.590998
vt 0.849441 0.545382
vt 0.853146 0.543796
vt 0.799159 0.548478
vt 0.842693 0.547051
vt 0.845822 0.547293
vt 0.856048 0.544420
vt 0.824702 0.598599
vt 0.822683 0.598526
vt 0.790445 0.542088
vt 0.793210 0.541611
vt 0.827670 0.598770
vt 0.812984 0.590520
vt 0.815328 0.590445
vt 0.817095 0.598390
vt 0.815362 0.598431
vt 0.797289 0.540767
vt 0.801125 0.539880
vt 0.817823 0.590487
vt 0.820318 0.590529
vt 0.820663 0.598454
vt 0.818879 0.598422
vt 0.843834 0.539288
vt 0.845828 0.539443
vt 0.852320 0.539288
vt 0.854168 0.539686
vt 0.803253 0.539288
vt 0.813144 0.578652
vt 0.816421 0.578700
vt 0.812941 0.567726
vt 0.816123 0.567761
vt 0.814177 0.556614
vt 0.816778 0.556701
vt 0.836616 0.609531
vt 0.834638 0.609230
vt 0.833416 0.606430
vt 0.833416 0.604316
vt 0.833416 0.602202
vt 0.834027 0.600181
vt 0.834638 0.598160
vt 0.836616 0.595848
vt 0.838594 0.596149
vt 0.839816 0.598948
vt 0.839816 0.603176
vt 0.838594 0.607219
vt 0.882043 0.395245
vt 0.883392 0.391444
vt 0.880023 0.399307
vt 0.005022 0.774701
vt 0.006385 0.770062
vt 0.003922 0.778478
vt 0.001974 0.778334
vt 0.003102 0.774473
vt 0.004465 0.769834
vt 0.557827 0.714228
vt 0.558082 0.723412
vt 0.557383 0.723412
vt 0.557136 0.714271
vt 0.557184 0.705151
vt 0.557873 0.705010
vt 0.558563 0.704869
vt 0.558518 0.714185
vt 0.558780 0.723411
vt 0.871124 0.409851
vt 0.873509 0.407167
vt 0.869205 0.412025
vt 0.011019 0.754323
vt 0.011993 0.751017
vt 0.009787 0.758503
vt 0.007867 0.758275
vt 0.009099 0.754095
vt 0.010071 0.750795
vt 0.559030 0.744375
vt 0.559468 0.747041
vt 0.558753 0.746792
vt 0.558317 0.744196
vt 0.557928 0.739978
vt 0.558638 0.740090
vt 0.559348 0.740201
vt 0.559744 0.744553
vt 0.560183 0.747290
vt 0.012902 0.747935
vt 0.013630 0.744175
vt 0.010974 0.747733
vt 0.011697 0.743997
vt 0.876827 0.403467
vt 0.558521 0.695751
vt 0.557822 0.696112
vt 0.558756 0.687113
vt 0.559469 0.686471
vt 0.560183 0.685829
vt 0.559220 0.695389
vt 0.558337 0.732567
vt 0.557632 0.732515
vt 0.559042 0.732619
vt 0.884576 0.388066
vt 0.885677 0.384900
vt 0.536517 0.540620
vt 0.539313 0.544138
vt 0.538480 0.544777
vt 0.535637 0.541279
vt 0.533650 0.536499
vt 0.534629 0.535859
vt 0.906359 0.695455
vt 0.905516 0.700587
vt 0.905366 0.694826
vt 0.906259 0.691403
vt 0.907206 0.692081
vt 0.014642 0.726695
vt 0.015404 0.719985
vt 0.014356 0.732728
vt 0.012420 0.732591
vt 0.012707 0.726549
vt 0.013478 0.719777
vt 0.008108 0.764206
vt 0.006188 0.763978
vt 0.058184 0.691239
vt 0.071970 0.687704
vt 0.046339 0.694543
vt 0.045030 0.693927
vt 0.056928 0.690616
vt 0.070781 0.687071
vt 0.904027 0.727608
vt 0.906878 0.738131
vt 0.905504 0.737601
vt 0.902657 0.727108
vt 0.902183 0.717323
vt 0.545037 0.549382
vt 0.552225 0.555489
vt 0.551466 0.555953
vt 0.544243 0.549947
vt 0.545831 0.548817
vt 0.552984 0.555024
vt 0.017118 0.711854
vt 0.020390 0.704847
vt 0.015220 0.711499
vt 0.018585 0.704340
vt 0.909334 0.689849
vt 0.908328 0.689196
vt 0.910985 0.687598
vt 0.912101 0.688187
vt 0.531627 0.526888
vt 0.530454 0.527480
vt 0.526655 0.516342
vt 0.528068 0.515810
vt 0.903402 0.708096
vt 0.038372 0.697387
vt 0.032222 0.699724
vt 0.030823 0.699114
vt 0.037043 0.696771
vt 0.908683 0.748072
vt 0.909915 0.756921
vt 0.908471 0.756164
vt 0.907283 0.747477
vt 0.025827 0.701507
vt 0.024228 0.700924
vt 0.911045 0.764171
vt 0.912124 0.770622
vt 0.910560 0.769137
vt 0.909544 0.763091
vt 0.002991 0.781748
vt 0.002143 0.784766
vt 0.000000 0.785213
vt 0.000959 0.781858
vt 0.014067 0.738830
vt 0.012131 0.738679
vt 0.882043 0.395245
vt 0.883392 0.391444
vt 0.880023 0.399307
vt 0.557827 0.714228
vt 0.558082 0.723412
vt 0.557873 0.705010
vt 0.873509 0.407167
vt 0.011019 0.754323
vt 0.559030 0.744375
vt 0.558638 0.740089
vt 0.012902 0.747935
vt 0.876827 0.403467
vt 0.558521 0.695751
vt 0.558337 0.732567
vt 0.884575 0.388066
vt 0.536517 0.540620
vt 0.534629 0.535859
vt 0.906359 0.695455
vt 0.905516 0.700587
vt 0.907206 0.692081
vt 0.058184 0.691239
vt 0.904027 0.727608
vt 0.906878 0.738131
vt 0.909334 0.689849
vt 0.531627 0.526888
vt 0.903402 0.708096
vt 0.908683 0.748072
vt 0.002991 0.781748
vt 0.556770 0.519704
vt 0.556409 0.511031
vt 0.557835 0.511252
vt 0.558195 0.519875
vt 0.558396 0.526306
vt 0.556963 0.526155
vt 0.555530 0.526003
vt 0.555345 0.519533
vt 0.554983 0.510810
vt 0.848251 0.372199
vt 0.839262 0.371864
vt 0.839353 0.370220
vt 0.848424 0.370563
vt 0.858423 0.371889
vt 0.858178 0.373516
vt 0.345023 0.505818
vt 0.351295 0.501899
vt 0.352400 0.503402
vt 0.346191 0.507303
vt 0.338061 0.512012
vt 0.336757 0.510568
vt 0.335453 0.509124
vt 0.343854 0.504332
vt 0.350190 0.500397
vt 0.885735 0.382112
vt 0.880288 0.380257
vt 0.880558 0.378627
vt 0.885848 0.380408
vt 0.888643 0.381357
vt 0.888750 0.383165
vt 0.888858 0.384973
vt 0.885621 0.383816
vt 0.880018 0.381887
vt 0.326611 0.515900
vt 0.328249 0.517190
vt 0.320404 0.521198
vt 0.319166 0.522786
vt 0.317237 0.521758
vt 0.324973 0.514610
vt 0.319004 0.532197
vt 0.320567 0.532544
vt 0.323175 0.540422
vt 0.321721 0.540395
vt 0.869979 0.376797
vt 0.870275 0.375182
vt 0.355462 0.499064
vt 0.358576 0.496769
vt 0.359417 0.498472
vt 0.356449 0.500650
vt 0.354475 0.497477
vt 0.357735 0.495066
vt 0.322914 0.543642
vt 0.324310 0.543531
vt 0.324724 0.544278
vt 0.323353 0.544424
vt 0.556028 0.476628
vt 0.557207 0.470686
vt 0.558724 0.471286
vt 0.557527 0.477163
vt 0.556838 0.485371
vt 0.555360 0.484921
vt 0.553883 0.484471
vt 0.554529 0.476094
vt 0.555689 0.470085
vt 0.555713 0.497912
vt 0.557162 0.498242
vt 0.554265 0.497583
vt 0.325887 0.548902
vt 0.325252 0.547780
vt 0.326610 0.547620
vt 0.327242 0.548741
vt 0.328520 0.550306
vt 0.326572 0.550124
vt 0.324733 0.546861
vt 0.324270 0.546045
vt 0.325631 0.545887
vt 0.326092 0.546703
vt 0.323808 0.545229
vt 0.325170 0.545071
vt 0.327242 0.551342
vt 0.328933 0.551491
vt 0.329562 0.552698
vt 0.327904 0.552558
vt 0.557826 0.578944
vt 0.559377 0.578381
vt 0.560660 0.578566
vt 0.559121 0.579200
vt 0.556485 0.580644
vt 0.555149 0.580338
vt 0.553814 0.580031
vt 0.556531 0.578687
vt 0.558094 0.578195
vt 0.325786 0.544275
vt 0.325349 0.543494
vt 0.325600 0.542390
vt 0.326028 0.543160
vt 0.326487 0.543975
vt 0.326246 0.545091
vt 0.326705 0.545906
vt 0.326944 0.544789
vt 0.327458 0.545705
vt 0.327220 0.546822
vt 0.327850 0.547942
vt 0.328085 0.546824
vt 0.328768 0.548045
vt 0.328536 0.549164
vt 0.539593 0.602291
vt 0.544537 0.590060
vt 0.546082 0.590334
vt 0.541222 0.602471
vt 0.537829 0.615463
vt 0.536151 0.615383
vt 0.534472 0.615302
vt 0.537963 0.602112
vt 0.542992 0.589785
vt 0.550221 0.583392
vt 0.551654 0.583707
vt 0.548788 0.583078
vt 0.324959 0.542781
vt 0.323882 0.539810
vt 0.324216 0.538879
vt 0.325235 0.541713
vt 0.479602 0.567882
vt 0.476592 0.566678
vt 0.477366 0.566475
vt 0.480189 0.567582
vt 0.485161 0.569284
vt 0.484727 0.569611
vt 0.484293 0.569938
vt 0.479014 0.568181
vt 0.475818 0.566881
vt 0.474075 0.550912
vt 0.474066 0.540700
vt 0.475150 0.540834
vt 0.475164 0.551089
vt 0.475355 0.560200
vt 0.474302 0.560054
vt 0.473249 0.559907
vt 0.472985 0.550735
vt 0.472981 0.540566
vt 0.321383 0.532252
vt 0.318174 0.522401
vt 0.318751 0.522202
vt 0.321826 0.531641
vt 0.514031 0.577822
vt 0.502708 0.576582
vt 0.502938 0.576321
vt 0.513881 0.577587
vt 0.525355 0.577763
vt 0.526005 0.577979
vt 0.526655 0.578195
vt 0.514181 0.578057
vt 0.502477 0.576844
vt 0.474983 0.564689
vt 0.475922 0.564672
vt 0.474045 0.564706
vt 0.492685 0.573178
vt 0.493055 0.572875
vt 0.492315 0.573481
vt 0.474040 0.532854
vt 0.474005 0.526192
vt 0.475069 0.526206
vt 0.475115 0.532932
vt 0.472964 0.532777
vt 0.472941 0.526178
vt 0.534974 0.624628
vt 0.536660 0.624656
vt 0.536601 0.631948
vt 0.534930 0.631951
vt 0.533260 0.631955
vt 0.533289 0.624601
vt 0.556770 0.519704
vt 0.556409 0.511031
vt 0.345023 0.505818
vt 0.885734 0.382112
vt 0.355462 0.499064
vt 0.322914 0.543642
vt 0.323353 0.544424
vt 0.555713 0.497912
vt 0.324270 0.546045
vt 0.323808 0.545229
vt 0.539593 0.602291
vt 0.536151 0.615383
vt 0.550221 0.583392
vt 0.484727 0.569611
vt 0.474075 0.550912
vt 0.474066 0.540700
vt 0.474302 0.560054
vt 0.474983 0.564689
vt 0.492685 0.573178
vt 0.474040 0.532854
vt 0.534974 0.624628
vt 0.960785 0.573715
vt 0.960246 0.573693
vt 0.960189 0.577642
vt 0.960729 0.577569
vt 0.961269 0.577495
vt 0.961323 0.573738
vt 0.961609 0.571576
vt 0.961077 0.571499
vt 0.960546 0.571422
vt 0.559530 0.501932
vt 0.558756 0.502107
vt 0.558789 0.505377
vt 0.559562 0.505123
vt 0.560335 0.504869
vt 0.560304 0.501757
vt 0.560297 0.497806
vt 0.559524 0.497881
vt 0.558750 0.497956
vt 0.731401 0.740077
vt 0.730351 0.739861
vt 0.728487 0.749555
vt 0.729582 0.749537
vt 0.730677 0.749519
vt 0.732451 0.740293
vt 0.735999 0.731733
vt 0.735040 0.731300
vt 0.734080 0.730866
vt 0.731401 0.760360
vt 0.730351 0.760646
vt 0.734080 0.772435
vt 0.735040 0.771865
vt 0.735999 0.771294
vt 0.732451 0.760074
vt 0.961123 0.584888
vt 0.960592 0.585142
vt 0.961226 0.594419
vt 0.961741 0.593940
vt 0.962256 0.593462
vt 0.961653 0.584634
vt 0.961395 0.569090
vt 0.960872 0.568953
vt 0.961919 0.569227
vt 0.962313 0.566239
vt 0.961800 0.566027
vt 0.961286 0.565814
vt 0.559705 0.519016
vt 0.558935 0.519614
vt 0.559007 0.526603
vt 0.559775 0.525836
vt 0.560542 0.525069
vt 0.560474 0.518418
vt 0.560414 0.512551
vt 0.559643 0.513000
vt 0.558872 0.513449
vt 0.559598 0.508590
vt 0.558826 0.508930
vt 0.560370 0.508250
vt 0.559567 0.491831
vt 0.558795 0.491756
vt 0.560340 0.491906
vt 0.560408 0.485032
vt 0.559637 0.484782
vt 0.558865 0.484533
vt 0.559706 0.477733
vt 0.558936 0.477309
vt 0.560475 0.478157
vt 0.560542 0.471283
vt 0.559775 0.470684
vt 0.559007 0.470085
vt 0.531684 0.666897
vt 0.532451 0.667270
vt 0.532451 0.655504
vt 0.531684 0.655416
vt 0.530917 0.655328
vt 0.530917 0.666525
vt 0.530917 0.677722
vt 0.531684 0.678379
vt 0.532451 0.679035
vt 0.962359 0.602993
vt 0.961859 0.603695
vt 0.962493 0.612972
vt 0.962977 0.612045
vt 0.963462 0.611119
vt 0.962859 0.602290
vt 0.962352 0.561847
vt 0.961852 0.561531
vt 0.962852 0.562164
vt 0.963462 0.557543
vt 0.962977 0.557110
vt 0.962493 0.556677
vt 0.358444 0.694692
vt 0.359080 0.694843
vt 0.359080 0.686156
vt 0.358444 0.686215
vt 0.357808 0.686274
vt 0.357808 0.694541
vt 0.357808 0.702808
vt 0.358444 0.703169
vt 0.359080 0.703529
vt 0.124431 0.758658
vt 0.125374 0.758391
vt 0.128250 0.749828
vt 0.127242 0.750292
vt 0.126233 0.750756
vt 0.123489 0.758925
vt 0.122117 0.767965
vt 0.123026 0.767917
vt 0.123935 0.767869
vt 0.896109 0.404368
vt 0.895009 0.408501
vt 0.895923 0.408744
vt 0.896837 0.408986
vt 0.897018 0.404714
vt 0.897224 0.399871
vt 0.896319 0.399408
vt 0.893860 0.447546
vt 0.892897 0.448219
vt 0.893318 0.457057
vt 0.894294 0.456160
vt 0.894823 0.446873
vt 0.895352 0.437587
vt 0.894402 0.438035
vt 0.893452 0.438483
vt 0.124431 0.778960
vt 0.125374 0.779173
vt 0.123489 0.778748
vt 0.126233 0.790403
vt 0.127242 0.790897
vt 0.128250 0.791390
vt 0.044125 0.716112
vt 0.043709 0.723497
vt 0.044385 0.723783
vt 0.044792 0.716572
vt 0.048514 0.710016
vt 0.047938 0.709398
vt 0.043293 0.730882
vt 0.042989 0.737221
vt 0.043682 0.737183
vt 0.043979 0.730994
vt 0.042986 0.748448
vt 0.043036 0.753071
vt 0.043728 0.752659
vt 0.043679 0.748145
vt 0.043641 0.744595
vt 0.042947 0.744812
vt 0.043104 0.759379
vt 0.042493 0.767258
vt 0.043181 0.766529
vt 0.043870 0.765800
vt 0.043795 0.758818
vt 0.895786 0.411951
vt 0.894869 0.411784
vt 0.894760 0.414366
vt 0.895679 0.414473
vt 0.896599 0.414581
vt 0.896704 0.412118
vt 0.894944 0.428524
vt 0.894007 0.428748
vt 0.895881 0.428300
vt 0.896301 0.420794
vt 0.895374 0.420836
vt 0.894447 0.420879
vt 0.058543 0.704027
vt 0.058869 0.704772
vt 0.071292 0.700799
vt 0.071266 0.699957
vt 0.081432 0.697148
vt 0.081218 0.698056
vt 0.089897 0.695928
vt 0.090320 0.694969
vt 0.042911 0.741467
vt 0.043606 0.741329
vt 0.895581 0.416794
vt 0.894659 0.416741
vt 0.896503 0.416846
vt 0.890849 0.536755
vt 0.890533 0.537763
vt 0.896433 0.538631
vt 0.896934 0.537472
vt 0.896644 0.536529
vt 0.890729 0.535832
vt 0.884813 0.535134
vt 0.884764 0.536039
vt 0.884633 0.536894
vt 0.531765 0.688758
vt 0.532612 0.689057
vt 0.532612 0.679155
vt 0.531765 0.679095
vt 0.530917 0.679035
vt 0.530917 0.688459
vt 0.530917 0.697883
vt 0.531765 0.698421
vt 0.532612 0.698959
vt 0.177756 0.697322
vt 0.177176 0.696922
vt 0.176019 0.710555
vt 0.176698 0.710620
vt 0.177377 0.710686
vt 0.178336 0.697721
vt 0.179932 0.683736
vt 0.179492 0.682975
vt 0.179052 0.682214
vt 0.300742 0.352323
vt 0.299956 0.351483
vt 0.293228 0.359285
vt 0.293872 0.356076
vt 0.294267 0.356805
vt 0.301042 0.353138
vt 0.307817 0.349471
vt 0.307612 0.348571
vt 0.306758 0.347476
vt 0.334696 0.396571
vt 0.335331 0.396850
vt 0.332710 0.388922
vt 0.332138 0.388834
vt 0.331566 0.388747
vt 0.334061 0.396292
vt 0.336242 0.403435
vt 0.336933 0.403895
vt 0.337624 0.404355
vt 0.358487 0.675080
vt 0.359167 0.675121
vt 0.359167 0.664086
vt 0.358487 0.664311
vt 0.357808 0.664537
vt 0.357808 0.675039
vt 0.357808 0.685541
vt 0.358487 0.685849
vt 0.359167 0.686156
vt 0.317355 0.360074
vt 0.317584 0.359455
vt 0.309375 0.347963
vt 0.309292 0.348847
vt 0.309427 0.349744
vt 0.317219 0.360697
vt 0.323922 0.371098
vt 0.324282 0.370738
vt 0.326795 0.373159
vt 0.178629 0.739198
vt 0.177974 0.739841
vt 0.178654 0.747240
vt 0.179293 0.746417
vt 0.179932 0.745595
vt 0.179284 0.738554
vt 0.178562 0.730797
vt 0.177888 0.731244
vt 0.177215 0.731691
vt 0.176993 0.721823
vt 0.176297 0.722037
vt 0.177689 0.721610
vt 0.328938 0.380274
vt 0.329431 0.380150
vt 0.328446 0.380399
vt 0.559441 0.432970
vt 0.560355 0.432897
vt 0.560361 0.422873
vt 0.559447 0.423178
vt 0.558533 0.423482
vt 0.558528 0.433044
vt 0.558525 0.442145
vt 0.559438 0.442291
vt 0.560352 0.442438
vt 0.290995 0.396060
vt 0.292260 0.405924
vt 0.292777 0.405471
vt 0.291542 0.395840
vt 0.291251 0.384250
vt 0.290548 0.384266
vt 0.294308 0.414121
vt 0.296337 0.422305
vt 0.296748 0.421484
vt 0.297160 0.420664
vt 0.294777 0.413474
vt 0.317999 0.358841
vt 0.309894 0.347107
vt 0.326104 0.370575
vt 0.326385 0.370194
vt 0.941892 0.654061
vt 0.942823 0.653719
vt 0.946281 0.642626
vt 0.945270 0.643224
vt 0.944259 0.643821
vt 0.940960 0.654403
vt 0.939311 0.664726
vt 0.940202 0.664634
vt 0.941094 0.664541
vt 0.559441 0.450670
vt 0.560355 0.451014
vt 0.558528 0.450326
vt 0.558533 0.458046
vt 0.559447 0.458577
vt 0.560361 0.459108
vt 0.298196 0.350593
vt 0.293180 0.357816
vt 0.304608 0.345991
vt 0.290953 0.370279
vt 0.292084 0.370371
vt 0.941892 0.674675
vt 0.942823 0.674820
vt 0.940960 0.674531
vt 0.944259 0.684077
vt 0.945270 0.684452
vt 0.946281 0.684827
vt 0.889344 0.538939
vt 0.894351 0.540225
vt 0.884336 0.537652
vt 0.883958 0.538362
vt 0.531765 0.688758
vt 0.177756 0.697322
vt 0.299956 0.351483
vt 0.334696 0.396571
vt 0.317355 0.360074
vt 0.178629 0.739197
vt 0.176993 0.721823
vt 0.290995 0.396060
vt 0.292260 0.405924
vt 0.290548 0.384266
vt 0.294308 0.414121
vt 0.941892 0.654061
vt 0.559441 0.450670
vt 0.298196 0.350593
vt 0.293180 0.357816
vt 0.290953 0.370279
vt 0.960784 0.573715
vt 0.960729 0.577569
vt 0.961077 0.571499
vt 0.559530 0.501932
vt 0.559523 0.497881
vt 0.731401 0.760360
vt 0.961123 0.584888
vt 0.961395 0.569090
vt 0.559567 0.491831
vt 0.531684 0.666897
vt 0.962359 0.602993
vt 0.124431 0.758658
vt 0.123026 0.767917
vt 0.896109 0.404368
vt 0.044125 0.716112
vt 0.042989 0.737221
vt 0.042986 0.748448
vt 0.042947 0.744812
vt 0.895786 0.411951
vt 0.058543 0.704027
vt 0.081432 0.697148
vt 0.042911 0.741467
vt 0.000000 0.000000
vt 0.171370 0.842139
vt 0.085685 0.842139
vt 0.085685 0.784444
vt 0.171370 0.784444
vt 0.171370 0.674555
vt 0.085685 0.674555
vt 0.085685 0.626583
vt 0.171370 0.626583
vt 0.085685 0.585786
vt 0.171370 0.585786
vt 0.257055 0.585786
vt 0.342740 0.585786
vt 0.342740 0.633758
vt 0.257055 0.633758
vt 0.342740 0.687061
vt 0.257055 0.687061
vt 0.342740 0.743647
vt 0.257055 0.743647
vt 0.342740 0.801342
vt 0.257056 0.801342
vt 0.342740 0.857929
vt 0.257056 0.857929
vt 0.342740 0.911232
vt 0.257055 0.911232
vt 0.342740 0.959203
vt 0.257055 0.959203
vt 0.342740 1.000000
vt 0.257055 1.000000
vt 0.085685 1.000000
vt 0.000000 1.000000
vt 0.000000 0.952028
vt 0.085685 0.952028
vt 0.000000 0.898725
vt 0.085685 0.898725
vt 0.000000 0.842139
vt 0.085685 0.842139
vt 0.000000 0.784444
vt 0.085685 0.784444
vt 0.000000 0.727858
vt 0.085685 0.727858
vt 0.000000 0.674554
vt 0.085685 0.674554
vt 0.000000 0.626583
vt 0.085685 0.626583
vt 0.000000 0.585786
vt 0.085685 0.585786
vt 0.257055 1.000000
vt 0.171370 1.000000
vt 0.171370 0.952028
vt 0.257055 0.952028
vt 0.171370 0.898725
vt 0.257055 0.898725
vt 0.171370 0.842139
vt 0.257055 0.842139
vt 0.171370 0.784444
vt 0.257055 0.784444
vt 0.171370 0.727857
vt 0.257055 0.727857
vt 0.171370 0.674554
vt 0.257055 0.674554
vt 0.171370 0.626583
vt 0.257055 0.626583
vt 0.171370 0.585786
vt 0.171370 1.000000
vt 0.085685 1.000000
vt 0.085685 0.952028
vt 0.171370 0.952028
vt 0.085685 0.898725
vt 0.171370 0.898725
vt 0.171370 0.727858
vt 0.085685 0.727858
vt 0.707197 0.458206
vt 0.680491 0.445247
vt 0.656457 0.426432
vt 0.636018 0.402486
vt 0.619958 0.374328
vt 0.608897 0.343041
vt 0.603257 0.309826
vt 0.603257 0.275961
vt 0.608896 0.242746
vt 0.619958 0.211459
vt 0.636017 0.183301
vt 0.656457 0.159355
vt 0.680491 0.140540
vt 0.707196 0.127580
vt 0.735547 0.120974
vt 0.764453 0.120974
vt 0.792803 0.127580
vt 0.819509 0.140540
vt 0.843543 0.159354
vt 0.863982 0.183300
vt 0.880042 0.211458
vt 0.891104 0.242746
vt 0.896743 0.275960
vt 0.896743 0.309826
vt 0.891104 0.343040
vt 0.880042 0.374328
vt 0.863983 0.402486
vt 0.843543 0.426432
vt 0.819509 0.445247
vt 0.792803 0.458206
vt 0.764453 0.464813
vt 0.735547 0.464813
vt 0.322923 0.574530
vt 0.274623 0.585786
vt 0.271645 0.550354
vt 0.314101 0.540460
vt 0.264453 0.464813
vt 0.292803 0.458206
vt 0.677078 0.574531
vt 0.631581 0.552452
vt 0.645906 0.521052
vt 0.685900 0.540460
vt 0.225378 0.585786
vt 0.228356 0.550354
vt 0.235547 0.464813
vt 0.725377 0.585786
vt 0.728356 0.550354
vt 0.177078 0.574531
vt 0.185900 0.540460
vt 0.207197 0.458206
vt 0.774623 0.585786
vt 0.771644 0.550354
vt 0.131581 0.552452
vt 0.145906 0.521052
vt 0.180492 0.445247
vt 0.822922 0.574530
vt 0.814101 0.540460
vt 0.090634 0.520398
vt 0.109914 0.492876
vt 0.156457 0.426432
vt 0.868420 0.552452
vt 0.854094 0.521052
vt 0.055813 0.479602
vt 0.079304 0.457015
vt 0.136018 0.402486
vt 0.909366 0.520398
vt 0.890087 0.492876
vt 0.028453 0.431631
vt 0.055254 0.414847
vt 0.119958 0.374328
vt 0.944188 0.479601
vt 0.920696 0.457015
vt 0.009608 0.378327
vt 0.038689 0.367992
vt 0.108896 0.343040
vt 0.971547 0.431630
vt 0.944746 0.414846
vt 0.000000 0.321741
vt 0.030243 0.318251
vt 0.103257 0.309826
vt 0.990393 0.378327
vt 0.961311 0.367991
vt 0.000000 0.264046
vt 0.030243 0.267536
vt 0.103257 0.275961
vt 1.000000 0.321740
vt 0.969757 0.318251
vt 0.009607 0.207460
vt 0.038689 0.217795
vt 0.108896 0.242746
vt 1.000000 0.264046
vt 0.969757 0.267535
vt 0.028453 0.154157
vt 0.055254 0.170940
vt 0.119958 0.211459
vt 0.990393 0.207459
vt 0.961312 0.217795
vt 0.055812 0.106185
vt 0.079304 0.128771
vt 0.136017 0.183301
vt 0.971547 0.154156
vt 0.944746 0.170939
vt 0.090634 0.065388
vt 0.109913 0.092910
vt 0.156457 0.159354
vt 0.944188 0.106184
vt 0.920696 0.128771
vt 0.131580 0.033335
vt 0.145906 0.064734
vt 0.180491 0.140540
vt 0.909366 0.065388
vt 0.890087 0.092910
vt 0.177078 0.011256
vt 0.185899 0.045326
vt 0.207196 0.127580
vt 0.868419 0.033334
vt 0.854094 0.064734
vt 0.225377 0.000000
vt 0.228356 0.035432
vt 0.235547 0.120974
vt 0.822922 0.011256
vt 0.814101 0.045327
vt 0.274623 0.000000
vt 0.271644 0.035433
vt 0.264453 0.120974
vt 0.774622 0.000000
vt 0.771644 0.035432
vt 0.322922 0.011256
vt 0.314101 0.045326
vt 0.292803 0.127580
vt 0.725377 0.000000
vt 0.728356 0.035432
vt 0.368419 0.033335
vt 0.354094 0.064734
vt 0.319509 0.140540
vt 0.677077 0.011256
vt 0.685899 0.045327
vt 0.409366 0.065388
vt 0.390087 0.092910
vt 0.343543 0.159354
vt 0.631580 0.033335
vt 0.645906 0.064734
vt 0.444188 0.106184
vt 0.420696 0.128771
vt 0.363982 0.183300
vt 0.590634 0.065388
vt 0.609913 0.092911
vt 0.471547 0.154156
vt 0.444746 0.170940
vt 0.380042 0.211458
vt 0.555812 0.106185
vt 0.579304 0.128772
vt 0.490393 0.207459
vt 0.461312 0.217795
vt 0.391104 0.242746
vt 0.528453 0.154157
vt 0.555254 0.170940
vt 0.500000 0.264046
vt 0.469757 0.267536
vt 0.396743 0.275961
vt 0.509607 0.207460
vt 0.538688 0.217795
vt 0.500000 0.321741
vt 0.469757 0.318251
vt 0.396743 0.309825
vt 0.500000 0.264046
vt 0.530243 0.267536
vt 0.490393 0.378327
vt 0.461312 0.367992
vt 0.391104 0.343040
vt 0.500000 0.321741
vt 0.530243 0.318251
vt 0.471547 0.431630
vt 0.444746 0.414847
vt 0.380042 0.374328
vt 0.509608 0.378328
vt 0.538688 0.367992
vt 0.444188 0.479602
vt 0.420696 0.457015
vt 0.363983 0.402486
vt 0.528453 0.431631
vt 0.555254 0.414847
vt 0.409366 0.520398
vt 0.390087 0.492876
vt 0.343543 0.426432
vt 0.555813 0.479602
vt 0.579304 0.457015
vt 0.368419 0.552452
vt 0.354094 0.521052
vt 0.319509 0.445247
vt 0.590635 0.520399
vt 0.609914 0.492876
vt 0.822520 0.611841
vt 0.826866 0.612473
vt 0.822606 0.615666
vt 0.854246 0.556645
vt 0.850883 0.555155
vt 0.855271 0.551988
vt 0.863062 0.555547
vt 0.858883 0.555658
vt 0.860453 0.551343
vt 0.837058 0.612635
vt 0.841622 0.612453
vt 0.839464 0.616623
vt 0.832457 0.621361
vt 0.834183 0.616623
vt 0.836760 0.621752
vt 0.841443 0.621361
vt 0.844199 0.617583
vt 0.805659 0.553910
vt 0.801158 0.553947
vt 0.803807 0.550840
vt 0.844421 0.623305
vt 0.839824 0.625882
vt 0.852453 0.550840
vt 0.818220 0.612657
vt 0.834542 0.625882
vt 0.845857 0.606465
vt 0.848061 0.611215
vt 0.843700 0.611108
vt 0.850119 0.605805
vt 0.833076 0.612453
vt 0.807412 0.559243
vt 0.810082 0.555642
vt 0.802167 0.558247
vt 0.861909 0.560448
vt 0.856727 0.561093
vt 0.851783 0.560783
vt 0.815466 0.607642
vt 0.817618 0.607624
vt 0.819771 0.607605
vt 0.825114 0.607491
vt 0.836244 0.607808
vt 0.840557 0.607230
vt 0.839485 0.612453
vt 0.811888 0.560466
vt 0.798156 0.557858
vt 0.822443 0.607548
vt 0.811778 0.571311
vt 0.806080 0.569754
vt 0.837947 0.596688
vt 0.844694 0.595715
vt 0.799404 0.568486
vt 0.794299 0.567990
vt 0.832457 0.597424
vt 0.813138 0.596867
vt 0.815886 0.596843
vt 0.856409 0.572336
vt 0.850119 0.571946
vt 0.863006 0.571515
vt 0.850119 0.594875
vt 0.810432 0.584795
vt 0.803511 0.583132
vt 0.863062 0.584717
vt 0.857098 0.585001
vt 0.836170 0.584316
vt 0.842191 0.582975
vt 0.795755 0.581444
vt 0.790139 0.580380
vt 0.811888 0.584711
vt 0.815222 0.584749
vt 0.847024 0.581828
vt 0.851141 0.583976
vt 0.830962 0.596486
vt 0.825452 0.596674
vt 0.826407 0.584484
vt 0.832457 0.583918
vt 0.862900 0.596204
vt 0.858023 0.596439
vt 0.835178 0.572488
vt 0.840104 0.571390
vt 0.793473 0.593018
vt 0.788020 0.591951
vt 0.812024 0.572742
vt 0.815442 0.572762
vt 0.844050 0.570440
vt 0.852937 0.595365
vt 0.826664 0.572513
vt 0.832457 0.572037
vt 0.801190 0.594711
vt 0.808224 0.596385
vt 0.792571 0.605854
vt 0.788598 0.605058
vt 0.814159 0.559843
vt 0.816752 0.559848
vt 0.811888 0.597400
vt 0.806494 0.609143
vt 0.803633 0.608379
vt 0.857984 0.607868
vt 0.854673 0.607039
vt 0.825135 0.559671
vt 0.829317 0.559365
vt 0.798315 0.607123
vt 0.861019 0.607722
vt 0.833824 0.559815
vt 0.836889 0.559132
vt 0.815912 0.551161
vt 0.817763 0.551161
vt 0.802299 0.616922
vt 0.800228 0.616378
vt 0.857785 0.615408
vt 0.855614 0.614810
vt 0.823701 0.551039
vt 0.826612 0.550840
vt 0.796439 0.615486
vt 0.792379 0.614586
vt 0.822240 0.559762
vt 0.819345 0.559853
vt 0.819614 0.551161
vt 0.821658 0.551100
vt 0.859719 0.615314
vt 0.832880 0.551275
vt 0.834833 0.550840
vt 0.789599 0.614022
vt 0.822762 0.572648
vt 0.822481 0.584635
vt 0.822043 0.596747
vt 0.933920 0.582608
vt 0.933920 0.917392
vt 0.894241 0.917392
vt 0.894241 0.582608
vt 0.809169 0.582608
vt 0.809169 0.917392
vt 0.767046 0.917393
vt 0.767046 0.582608
vt 0.727366 0.917392
vt 0.727366 0.582608
vt 0.691656 0.917392
vt 0.691656 0.582608
vt 0.691656 0.917392
vt 0.661287 0.917392
vt 0.661287 0.582608
vt 0.625576 0.917392
vt 0.625576 0.582608
vt 0.585897 0.917392
vt 0.585897 0.582608
vt 0.543774 0.917392
vt 0.543774 0.582608
vt 0.500825 0.917392
vt 0.500825 0.582608
vt 0.458702 0.917392
vt 0.458702 0.582608
vt 0.419022 0.917392
vt 0.419022 0.582608
vt 0.383312 0.917392
vt 0.383312 0.582608
vt 0.383312 0.417393
vt 0.383312 0.082608
vt 0.413681 0.082608
vt 0.413681 0.417393
vt 0.449392 0.082608
vt 0.449392 0.417393
vt 0.489071 0.082608
vt 0.489071 0.417392
vt 0.531194 0.082608
vt 0.531194 0.417392
vt 0.574143 0.082608
vt 0.574143 0.417392
vt 0.616266 0.082608
vt 0.616266 0.417393
vt 0.655945 0.082607
vt 0.655946 0.417392
vt 0.691656 0.082608
vt 0.691656 0.417392
vt 0.722025 0.082607
vt 0.722025 0.417392
vt 1.000000 0.082608
vt 1.000000 0.417392
vt 0.964290 0.417392
vt 0.964290 0.082608
vt 0.924610 0.417392
vt 0.924610 0.082608
vt 0.882487 0.417392
vt 0.882487 0.082608
vt 0.839538 0.417392
vt 0.839538 0.082608
vt 0.797415 0.417393
vt 0.797415 0.082608
vt 0.757736 0.417393
vt 0.757736 0.082608
vt 0.722025 0.082608
vt 1.000000 0.582608
vt 1.000000 0.917392
vt 0.969630 0.917392
vt 0.969630 0.582608
vt 0.852118 0.582608
vt 0.852118 0.917392
vt 0.319634 0.762246
vt 0.314716 0.794322
vt 0.305069 0.824536
vt 0.291063 0.851728
vt 0.273238 0.874853
vt 0.252277 0.893022
vt 0.228986 0.905538
vt 0.204261 0.911918
vt 0.179051 0.911918
vt 0.154326 0.905538
vt 0.131035 0.893023
vt 0.110074 0.874853
vt 0.092249 0.851728
vt 0.078243 0.824536
vt 0.068596 0.794322
vt 0.063677 0.762246
vt 0.063677 0.729542
vt 0.068596 0.697466
vt 0.078243 0.667252
vt 0.092249 0.640060
vt 0.110074 0.616935
vt 0.131035 0.598765
vt 0.154326 0.586250
vt 0.179051 0.579870
vt 0.204261 0.579870
vt 0.228986 0.586250
vt 0.252277 0.598766
vt 0.273238 0.616935
vt 0.291063 0.640060
vt 0.305069 0.667252
vt 0.314716 0.697467
vt 0.319634 0.729542
vt 0.849520 0.500000
vt 0.886547 0.500000
vt 0.135752 0.009555
vt 0.172779 0.000000
vt 0.179051 0.082607
vt 0.154326 0.088988
vt 0.886547 1.000000
vt 0.849520 1.000000
vt 0.383312 0.770382
vt 0.375947 0.818417
vt 0.811767 0.500000
vt 0.210532 0.000000
vt 0.204261 0.082607
vt 0.811767 1.000000
vt 0.383312 0.721406
vt 0.774739 0.500000
vt 0.247560 0.009555
vt 0.228986 0.088988
vt 0.774739 1.000000
vt 0.375947 0.673371
vt 0.739860 0.500000
vt 0.282439 0.028297
vt 0.252277 0.101503
vt 0.739860 1.000000
vt 0.361499 0.628123
vt 0.708470 0.500000
vt 0.313829 0.055507
vt 0.273237 0.119672
vt 0.708470 1.000000
vt 0.340525 0.587401
vt 0.644473 0.500000
vt 0.671168 0.500000
vt 0.340525 0.090138
vt 0.291063 0.142797
vt 0.671168 1.000000
vt 0.644473 1.000000
vt 0.313830 0.552770
vt 0.613082 0.500000
vt 0.361499 0.130860
vt 0.305069 0.169990
vt 0.613082 1.000000
vt 0.282439 0.525560
vt 0.578203 0.500000
vt 0.375947 0.176108
vt 0.314716 0.200204
vt 0.578203 1.000000
vt 0.247560 0.506817
vt 0.541176 0.500000
vt 0.383312 0.224143
vt 0.319634 0.232279
vt 0.541176 1.000000
vt 0.210533 0.497263
vt 0.503423 0.500000
vt 0.383312 0.273119
vt 0.319635 0.264983
vt 0.503423 1.000000
vt 0.172780 0.497263
vt 0.466395 0.500000
vt 0.375947 0.321154
vt 0.314716 0.297059
vt 0.466395 1.000000
vt 0.135752 0.506817
vt 0.431516 0.500000
vt 0.361499 0.366402
vt 0.305069 0.327273
vt 0.431516 1.000000
vt 0.100873 0.525560
vt 0.400126 0.500000
vt 0.340525 0.407125
vt 0.291063 0.354465
vt 0.400126 1.000000
vt 0.069482 0.552769
vt 0.430495 0.500000
vt 0.403800 0.500000
vt 0.313830 0.441756
vt 0.273238 0.377591
vt 0.403800 0.000000
vt 0.430495 0.000000
vt 0.042787 0.587401
vt 0.461885 0.500000
vt 0.282439 0.468966
vt 0.252277 0.395760
vt 0.461885 0.000000
vt 0.021813 0.628123
vt 0.496765 0.500000
vt 0.247560 0.487708
vt 0.228986 0.408275
vt 0.496765 0.000000
vt 0.007365 0.673371
vt 0.533792 0.500000
vt 0.210532 0.497263
vt 0.204261 0.414655
vt 0.533792 0.000000
vt 0.000000 0.721406
vt 0.571545 0.500000
vt 0.172780 0.497263
vt 0.179051 0.414655
vt 0.571545 0.000000
vt 0.000000 0.770382
vt 0.608573 0.500000
vt 0.135752 0.487708
vt 0.154326 0.408275
vt 0.608573 0.000000
vt 0.007365 0.818417
vt 0.643452 0.500000
vt 0.100873 0.468966
vt 0.131035 0.395760
vt 0.643452 0.000000
vt 0.021813 0.863665
vt 0.674842 0.500000
vt 0.069482 0.441756
vt 0.110074 0.377591
vt 0.674842 0.000000
vt 0.042787 0.904387
vt 0.701538 0.500000
vt 0.042787 0.407125
vt 0.092249 0.354465
vt 0.701538 0.000000
vt 0.069482 0.939019
vt 0.951796 0.000000
vt 0.983186 0.000000
vt 0.021813 0.366402
vt 0.078243 0.327273
vt 0.983186 0.500000
vt 0.951796 0.500000
vt 0.100873 0.966228
vt 0.916917 0.000000
vt 0.007365 0.321154
vt 0.068596 0.297059
vt 0.916917 0.500000
vt 0.135752 0.984971
vt 0.879889 0.000000
vt 0.000000 0.273119
vt 0.063677 0.264983
vt 0.879889 0.500000
vt 0.172780 0.994525
vt 0.842136 0.000000
vt 0.000000 0.224143
vt 0.063677 0.232279
vt 0.842136 0.500000
vt 0.210532 0.994525
vt 0.805109 0.000000
vt 0.007365 0.176108
vt 0.068596 0.200204
vt 0.805109 0.500000
vt 0.247560 0.984971
vt 0.770229 0.000000
vt 0.021813 0.130860
vt 0.078243 0.169989
vt 0.770229 0.500000
vt 0.282439 0.966228
vt 0.738839 0.000000
vt 0.042787 0.090138
vt 0.092249 0.142797
vt 0.738839 0.500000
vt 0.313830 0.939019
vt 0.952817 0.500000
vt 0.979512 0.500000
vt 0.069483 0.055507
vt 0.110075 0.119672
vt 0.979512 1.000000
vt 0.952817 1.000000
vt 0.340525 0.904387
vt 0.921426 0.500000
vt 0.100873 0.028297
vt 0.131036 0.101503
vt 0.921426 1.000000
vt 0.361499 0.863665
vt 0.705000 0.852472
vt 0.723980 0.827956
vt 0.741183 0.852612
vt 0.741679 0.898289
vt 0.701205 0.898132
vt 0.741679 0.928122
vt 0.699050 0.927957
vt 0.719734 0.945481
vt 0.798995 0.569469
vt 0.800172 0.556110
vt 0.808396 0.562058
vt 0.807546 0.571702
vt 0.854289 0.547169
vt 0.859318 0.556110
vt 0.851094 0.562058
vt 0.847464 0.555603
vt 0.859764 0.586343
vt 0.854959 0.600216
vt 0.847948 0.593900
vt 0.851417 0.583884
vt 0.805201 0.547169
vt 0.812026 0.555603
vt 0.804531 0.600216
vt 0.799726 0.586343
vt 0.808073 0.583884
vt 0.811542 0.593900
vt 0.860495 0.569469
vt 0.851944 0.571702
vt 0.843912 0.604573
vt 0.829745 0.604373
vt 0.829745 0.596900
vt 0.839973 0.597045
vt 0.815578 0.604573
vt 0.819517 0.597045
vt 0.843466 0.543552
vt 0.839650 0.552992
vt 0.829745 0.543074
vt 0.829745 0.552647
vt 0.816024 0.543552
vt 0.819840 0.552992
vt 0.821977 0.570822
vt 0.821668 0.574332
vt 0.837513 0.570822
vt 0.836192 0.568474
vt 0.836368 0.582408
vt 0.837630 0.578764
vt 0.823298 0.568474
vt 0.821860 0.578764
vt 0.823122 0.582408
vt 0.837822 0.574332
vt 0.829745 0.583500
vt 0.833466 0.583552
vt 0.826024 0.583552
vt 0.833349 0.567524
vt 0.826141 0.567524
vt 0.829745 0.567398
vt 0.709829 0.000000
vt 0.723832 0.008769
vt 0.700027 0.008727
vt 0.732129 0.034431
vt 0.740341 0.030413
vt 0.884158 0.580082
vt 0.883851 0.568667
vt 0.898987 0.566297
vt 0.439829 0.000000
vt 0.458527 0.013361
vt 0.441992 0.011812
vt 0.421872 0.007293
vt 0.737788 0.090369
vt 0.691629 0.034359
vt 0.713134 0.028965
vt 0.697168 0.089432
vt 0.907976 0.537110
vt 0.897850 0.543408
vt 0.902912 0.480803
vt 0.442647 0.039421
vt 0.460183 0.036531
vt 0.451797 0.096593
vt 0.408416 0.031733
vt 0.423528 0.030464
vt 0.409022 0.088325
vt 0.720973 0.089474
vt 0.675464 0.090258
vt 0.908354 0.481311
vt 0.429143 0.092843
vt 0.399121 0.084763
vt 0.382547 0.368369
vt 0.415111 0.375617
vt 0.409148 0.471236
vt 0.372438 0.463024
vt 0.903742 0.191563
vt 0.895501 0.190793
vt 0.893738 0.093150
vt 0.903389 0.094052
vt 0.972437 0.777746
vt 0.983621 0.777168
vt 0.983720 0.852026
vt 0.970621 0.852702
vt 0.451512 0.381700
vt 0.477846 0.384296
vt 0.480312 0.480955
vt 0.450352 0.478085
vt 0.635355 0.373933
vt 0.670450 0.372643
vt 0.661529 0.468068
vt 0.621946 0.469552
vt 0.366258 0.362726
vt 0.354244 0.456585
vt 0.871529 0.194653
vt 0.866379 0.097485
vt 0.708728 0.372669
vt 0.735569 0.373999
vt 0.735337 0.469699
vt 0.704841 0.468124
vt 0.643218 0.317188
vt 0.676247 0.316044
vt 0.453159 0.324277
vt 0.477339 0.326857
vt 0.973929 0.733768
vt 0.983319 0.733283
vt 0.904343 0.249419
vt 0.897424 0.248772
vt 0.388557 0.311789
vt 0.419247 0.318522
vt 0.711949 0.316004
vt 0.736686 0.317084
vt 0.875616 0.252449
vt 0.372811 0.306651
vt 0.979040 0.662714
vt 0.987337 0.662285
vt 0.902810 0.342800
vt 0.883307 0.346109
vt 0.394761 0.221083
vt 0.422344 0.227122
vt 0.656247 0.225492
vt 0.685926 0.224473
vt 0.717968 0.224429
vt 0.452774 0.232297
vt 0.474428 0.234632
vt 0.740133 0.225377
vt 0.908924 0.343372
vt 0.380560 0.216487
vt 0.980477 0.555328
vt 0.987862 0.554947
vt 0.468332 0.098142
vt 0.887776 0.483172
vt 0.470778 0.042056
vt 0.882225 0.541141
vt 0.984812 0.508540
vt 0.990510 0.508000
vt 0.987203 0.480109
vt 0.979817 0.480490
vt 0.982013 0.460279
vt 0.447217 0.571347
vt 0.400939 0.563518
vt 0.740341 0.562870
vt 0.706508 0.561352
vt 0.869367 0.004995
vt 0.899272 0.000000
vt 0.359154 0.554325
vt 0.337824 0.547280
vt 0.657799 0.561389
vt 0.612817 0.562967
vt 0.480312 0.574823
vt 0.990510 0.924415
vt 0.977412 0.925091
vt 0.908924 0.000903
vt 0.570363 0.573387
vt 0.555764 0.561824
vt 0.579313 0.563138
vt 0.545173 0.534106
vt 0.537341 0.539852
vt 0.926704 0.580082
vt 0.926396 0.568666
vt 0.941532 0.566297
vt 0.979775 0.002476
vt 1.000000 0.000000
vt 0.989873 0.009905
vt 0.967065 0.019480
vt 0.534220 0.477985
vt 0.585237 0.536343
vt 0.564507 0.540050
vt 0.574559 0.479422
vt 0.950521 0.537110
vt 0.940395 0.543408
vt 0.945457 0.480802
vt 0.830916 0.024415
vt 0.848948 0.018951
vt 0.840036 0.078017
vt 0.794657 0.028993
vt 0.810862 0.021445
vt 0.795186 0.082250
vt 0.551010 0.478107
vt 0.595872 0.481427
vt 0.950899 0.481311
vt 0.816498 0.079559
vt 0.959994 0.045784
vt 0.972052 0.086087
vt 0.955503 0.089541
vt 0.765369 0.363128
vt 0.799841 0.358847
vt 0.793144 0.452357
vt 0.754270 0.457230
vt 0.946287 0.191563
vt 0.938046 0.190793
vt 0.936283 0.093150
vt 0.945934 0.094052
vt 0.509519 0.189053
vt 0.504041 0.190744
vt 0.494244 0.093840
vt 0.500659 0.091859
vt 0.837682 0.356305
vt 0.864440 0.356474
vt 0.866379 0.449806
vt 0.835966 0.449521
vt 0.608632 0.194691
vt 0.574159 0.191492
vt 0.573941 0.094536
vt 0.612817 0.098172
vt 0.960154 0.309433
vt 0.986522 0.303548
vt 0.992423 0.377922
vt 0.962433 0.384368
vt 0.914074 0.194653
vt 0.908924 0.097485
vt 0.536301 0.189339
vt 0.531101 0.092125
vt 0.606227 0.252310
vt 0.573771 0.249364
vt 0.839626 0.300987
vt 0.864263 0.300924
vt 0.513815 0.246895
vt 0.509216 0.248315
vt 0.946888 0.249419
vt 0.939969 0.248772
vt 0.771889 0.307379
vt 0.804342 0.303452
vt 0.538473 0.247296
vt 0.918161 0.252449
vt 0.957837 0.265046
vt 0.982064 0.259059
vt 0.519068 0.340971
vt 0.515004 0.342226
vt 0.945355 0.342800
vt 0.925852 0.346109
vt 0.779306 0.215594
vt 0.808470 0.212079
vt 0.602002 0.345850
vt 0.572835 0.343211
vt 0.541157 0.341347
vt 0.840135 0.209854
vt 0.862205 0.209770
vt 0.951469 0.343372
vt 0.956089 0.195746
vt 0.977787 0.190310
vt 0.530603 0.479102
vt 0.856810 0.078214
vt 0.930321 0.483172
vt 0.859453 0.024749
vt 0.924770 0.541141
vt 0.951469 0.040949
vt 0.978246 0.035360
vt 0.830036 0.000000
vt 0.846810 0.000196
vt 0.963096 0.015493
vt 0.832678 0.537386
vt 0.784536 0.540724
vt 0.486727 0.000000
vt 0.520458 0.000509
vt 0.911912 0.004995
vt 0.941817 0.000000
vt 1.000000 0.452248
vt 0.966845 0.460279
vt 0.568620 0.003315
vt 0.612817 0.007344
vt 0.866379 0.537361
vt 0.480312 0.001981
vt 0.951469 0.000903
vt 0.740341 0.546100
vt 0.253623 0.000000
vt 0.271104 0.010002
vt 0.245471 0.010006
vt 0.283395 0.036898
vt 0.290099 0.031602
vt 0.231124 0.009920
vt 0.085601 0.000000
vt 0.108452 0.009990
vt 0.091994 0.010134
vt 0.066716 0.010006
vt 0.293747 0.093527
vt 0.239785 0.036904
vt 0.262970 0.031694
vt 0.251346 0.093587
vt 0.215377 0.036759
vt 0.222990 0.031612
vt 0.212291 0.093451
vt 0.096499 0.037115
vt 0.114858 0.031806
vt 0.110148 0.093760
vt 0.053495 0.036897
vt 0.073122 0.031821
vt 0.059076 0.093641
vt 0.276980 0.093584
vt 0.226637 0.093537
vt 0.967491 1.000000
vt 0.963233 0.943663
vt 0.970621 0.943528
vt 0.084354 0.093770
vt 0.043970 0.093423
vt 0.043607 0.383996
vt 0.084387 0.384196
vt 0.084147 0.482086
vt 0.038091 0.481855
vt 0.964970 0.652534
vt 0.953782 0.652740
vt 0.951469 0.554716
vt 0.964573 0.554475
vt 0.742694 0.815212
vt 0.753881 0.814713
vt 0.753444 0.889569
vt 0.740341 0.890154
vt 0.125950 0.384188
vt 0.152419 0.383973
vt 0.161064 0.481818
vt 0.131118 0.482072
vt 0.209944 0.384087
vt 0.249828 0.384166
vt 0.249351 0.482038
vt 0.204321 0.481947
vt 0.019185 0.383662
vt 0.010543 0.481467
vt 0.186695 0.383956
vt 0.178131 0.481794
vt 0.291112 0.384163
vt 0.318026 0.384078
vt 0.326503 0.481932
vt 0.296021 0.482033
vt 0.212898 0.325827
vt 0.250326 0.325897
vt 0.123545 0.325898
vt 0.148240 0.325724
vt 0.744500 0.771245
vt 0.753894 0.770826
vt 0.964799 0.710775
vt 0.955405 0.710948
vt 0.046412 0.325719
vt 0.084650 0.325896
vt 0.288929 0.325897
vt 0.313963 0.325829
vt 0.190942 0.325714
vt 0.023437 0.325433
vt 0.750120 0.700229
vt 0.758421 0.699859
vt 0.197901 0.231330
vt 0.217640 0.231430
vt 0.049999 0.231489
vt 0.084342 0.231647
vt 0.251260 0.231492
vt 0.285918 0.231494
vt 0.119265 0.231650
vt 0.141429 0.231497
vt 0.308376 0.231433
vt 0.968948 0.804976
vt 0.960648 0.805129
vt 0.029354 0.231236
vt 0.752327 0.592856
vt 0.759715 0.592526
vt 0.126606 0.093616
vt 0.124500 0.036871
vt 0.756998 0.546100
vt 0.048681 0.031469
vt 0.491914 0.601180
vt 0.483863 0.573387
vt 0.491914 0.578073
vt 0.480312 0.580931
vt 0.620146 0.610834
vt 0.612817 0.583289
vt 0.620146 0.582305
vt 0.613311 0.562967
vt 0.136436 0.575917
vt 0.083406 0.575917
vt 0.337824 0.575494
vt 0.303650 0.575591
vt 0.200007 0.575494
vt 0.170126 0.575338
vt 0.031292 0.575672
vt 0.000000 0.575276
vt 0.251009 0.575591
vt 0.170126 0.575672
vt 0.759715 0.962004
vt 0.746612 0.962588
vt 0.957518 0.460520
vt 0.970621 0.460279
vt 0.700465 0.280946
vt 0.707171 0.283873
vt 0.705827 0.285230
vt 0.699790 0.283481
vt 0.692446 0.283205
vt 0.692308 0.279983
vt 0.692357 0.278185
vt 0.700785 0.279601
vt 0.657025 0.313879
vt 0.657362 0.314902
vt 0.650508 0.317888
vt 0.650403 0.316447
vt 0.685849 0.307495
vt 0.681360 0.304484
vt 0.682734 0.303195
vt 0.686631 0.305019
vt 0.692446 0.305455
vt 0.692308 0.308635
vt 0.712939 0.317173
vt 0.712978 0.323014
vt 0.710011 0.323304
vt 0.710234 0.317166
vt 0.712073 0.312159
vt 0.714345 0.312571
vt 0.679113 0.288779
vt 0.681360 0.284101
vt 0.682734 0.285435
vt 0.681144 0.289351
vt 0.680925 0.294317
vt 0.678549 0.294294
vt 0.699344 0.341717
vt 0.693562 0.340741
vt 0.694452 0.339770
vt 0.700406 0.340659
vt 0.705515 0.340440
vt 0.704101 0.341631
vt 0.679113 0.299806
vt 0.681144 0.299279
vt 0.717135 0.309497
vt 0.715060 0.308635
vt 0.687739 0.339082
vt 0.688418 0.337936
vt 0.681528 0.328201
vt 0.685666 0.331237
vt 0.682914 0.335307
vt 0.678549 0.332032
vt 0.706699 0.317386
vt 0.706421 0.322959
vt 0.679318 0.324857
vt 0.684332 0.320817
vt 0.686148 0.323563
vt 0.689552 0.326087
vt 0.701543 0.336190
vt 0.706203 0.335902
vt 0.696177 0.335458
vt 0.698208 0.329703
vt 0.702607 0.330245
vt 0.706421 0.329919
vt 0.659175 0.319313
vt 0.652982 0.322106
vt 0.665636 0.312867
vt 0.666649 0.317411
vt 0.667793 0.323619
vt 0.661653 0.325181
vt 0.656566 0.327476
vt 0.690717 0.333731
vt 0.693714 0.328225
vt 0.709277 0.300031
vt 0.707171 0.304794
vt 0.705827 0.303474
vt 0.707722 0.299481
vt 0.707634 0.294355
vt 0.709179 0.294337
vt 0.659411 0.281605
vt 0.665534 0.280135
vt 0.666214 0.281662
vt 0.659888 0.283180
vt 0.654355 0.285419
vt 0.654274 0.283719
vt 0.700465 0.307699
vt 0.699790 0.305202
vt 0.714523 0.329808
vt 0.717135 0.334869
vt 0.714965 0.335293
vt 0.711871 0.330220
vt 0.685849 0.281102
vt 0.686631 0.283621
vt 0.680932 0.283491
vt 0.685685 0.279762
vt 0.709277 0.288644
vt 0.707722 0.289229
vt 0.671661 0.278593
vt 0.676782 0.278185
vt 0.678061 0.279592
vt 0.672544 0.280069
vt 0.672567 0.329281
vt 0.668796 0.329350
vt 0.672608 0.323531
vt 0.676095 0.324481
vt 0.675365 0.330012
vt 0.674508 0.335115
vt 0.672418 0.334603
vt 0.669677 0.334660
vt 0.667764 0.298583
vt 0.664508 0.299894
vt 0.660858 0.295044
vt 0.665016 0.293370
vt 0.669709 0.292244
vt 0.671439 0.297701
vt 0.672995 0.302724
vt 0.670345 0.303361
vt 0.667996 0.304306
vt 0.662086 0.302106
vt 0.661102 0.304313
vt 0.656510 0.300688
vt 0.657766 0.297870
vt 0.666250 0.305902
vt 0.665538 0.307497
vt 0.690539 0.319379
vt 0.693210 0.321391
vt 0.689118 0.317228
vt 0.693719 0.314055
vt 0.694740 0.315616
vt 0.696669 0.317106
vt 0.708177 0.329174
vt 0.653248 0.293147
vt 0.650403 0.289175
vt 0.657012 0.289707
vt 0.651718 0.296577
vt 0.662074 0.287669
vt 0.667787 0.286298
vt 0.672512 0.317304
vt 0.672131 0.312677
vt 0.676689 0.313879
vt 0.676689 0.318473
vt 0.673502 0.284859
vt 0.678549 0.284413
vt 0.678549 0.290695
vt 0.674404 0.291062
vt 0.698789 0.312244
vt 0.699954 0.313187
vt 0.698181 0.311262
vt 0.701669 0.309361
vt 0.701948 0.309918
vt 0.701799 0.311072
vt 0.704525 0.314751
vt 0.705830 0.314521
vt 0.706219 0.319275
vt 0.704087 0.319625
vt 0.701612 0.319425
vt 0.702998 0.314630
vt 0.703940 0.310992
vt 0.704794 0.311096
vt 0.705471 0.311906
vt 0.668320 0.340151
vt 0.666575 0.340938
vt 0.663329 0.336840
vt 0.666203 0.335544
vt 0.670454 0.339606
vt 0.671003 0.343273
vt 0.669872 0.343555
vt 0.668514 0.343118
vt 0.701416 0.314045
vt 0.699049 0.318481
vt 0.703067 0.310704
vt 0.675115 0.296775
vt 0.678362 0.296488
vt 0.677988 0.301850
vt 0.675647 0.302057
vt 0.696487 0.323175
vt 0.700018 0.324404
vt 0.663988 0.330573
vt 0.660004 0.332370
vt 0.703451 0.324756
vt 0.706421 0.324392
vt 0.676736 0.312677
vt 0.677124 0.312762
vt 0.677123 0.313500
vt 0.676689 0.313396
vt 0.675002 0.312331
vt 0.674914 0.312677
vt 0.673256 0.312173
vt 0.673470 0.311660
vt 0.673260 0.310511
vt 0.674526 0.311005
vt 0.675388 0.310797
vt 0.675714 0.312156
vt 0.703483 0.309293
vt 0.704202 0.309487
vt 0.703349 0.308864
vt 0.676721 0.314130
vt 0.677124 0.314255
vt 0.704747 0.308786
vt 0.704902 0.309217
vt 0.704125 0.309055
vt 0.704049 0.308635
vt 0.676428 0.311980
vt 0.676250 0.310581
vt 0.670391 0.344917
vt 0.668890 0.344221
vt 0.671200 0.344745
vt 0.704919 0.309619
vt 0.672004 0.344638
vt 0.672009 0.343200
vt 0.672844 0.342415
vt 0.673028 0.343526
vt 0.670299 0.309302
vt 0.669860 0.310281
vt 0.671360 0.308333
vt 0.672787 0.307758
vt 0.674397 0.307372
vt 0.672189 0.339549
vt 0.673534 0.339839
vt 0.676008 0.306966
vt 0.677430 0.306840
vt 0.677000 0.309592
s 1
usemtl Light_Aircraft_Material
f 1/1/1 321/2/321 993/3/993 322/4/322
f 1/1/1 322/4/322 994/5/994 323/6/323
f 1/1/1 323/6/323 996/7/996 324/8/324
f 1/1/1 324/8/324 995/9/995 321/2/321
f 2/10/2 326/11/326 995/9/995 324/8/324
f 2/10/2 324/8/324 996/7/996 327/12/327
f 2/10/2 327/12/327 998/13/998 325/14/325
f 2/10/2 325/14/325 997/15/997 326/11/326
f 3/16/3 329/17/329 997/15/997 325/14/325
f 3/16/3 325/14/325 998/13/998 330/18/330
f 3/16/3 330/18/330 1000/19/1000 328/20/328
f 3/16/3 328/20/328 999/21/999 329/17/329
f 4/22/4 332/23/332 999/21/999 328/20/328
f 4/22/4 328/20/328 1000/19/1000 333/24/333
f 4/22/4 333/24/333 1002/25/1002 331/26/331
f 4/22/4 331/26/331 1001/27/1001 332/23/332
f 5/28/5 335/29/335 1001/27/1001 331/26/331
f 5/28/5 331/26/331 1002/25/1002 336/30/336
f 5/28/5 336/30/336 1004/31/1004 334/32/334
f 5/28/5 334/32/334 1003/33/1003 335/29/335
f 6/34/6 338/35/338 1003/33/1003 334/32/334
f 6/34/6 334/32/334 1004/31/1004 339/36/339
f 6/34/6 339/36/339 1006/37/1006 337/38/337
f 6/34/6 337/38/337 1005/39/1005 338/35/338
f 7/40/7 341/41/341 1005/42/1005 337/43/337
f 7/40/7 337/43/337 1006/44/1006 342/45/342
f 7/40/7 342/45/342 1008/46/1008 340/47/340
f 7/40/7 340/47/340 1007/48/1007 341/41/341
f 8/49/8 344/50/344 1007/51/1007 340/52/340
f 8/49/8 340/52/340 1008/53/1008 345/54/345
f 8/49/8 345/54/345 1010/55/1010 343/56/343
f 8/49/8 343/56/343 1009/57/1009 344/50/344
f 9/58/9 347/59/347 1009/57/1009 343/56/343
f 9/58/9 343/56/343 1010/55/1010 348/60/348
f 9/58/9 348/60/348 1012/61/1012 346/62/346
f 9/58/9 346/62/346 1011/63/1011 347/59/347
f 10/64/10 350/65/350 1011/63/1011 346/62/346
f 10/64/10 346/62/346 1012/61/1012 351/66/351
f 10/64/10 351/66/351 1014/67/1014 349/68/349
f 10/64/10 349/68/349 1013/69/1013 350/65/350
f 11/70/11 353/71/353 1013/69/1013 349/68/349
f 11/70/11 349/68/349 1014/67/1014 354/72/354
f 11/70/11 354/72/354 1016/73/1016 352/74/352
f 11/70/11 352/74/352 1015/75/1015 353/71/353
f 12/76/12 356/77/356 1015/75/1015 352/74/352
f 12/76/12 352/74/352 1016/73/1016 357/78/357
f 12/76/12 357/78/357 1018/79/1018 355/80/355
f 12/76/12 355/80/355 1017/81/1017 356/77/356
f 13/82/13 359/83/359 1017/81/1017 355/80/355
f 13/82/13 355/80/355 1018/79/1018 360/84/360
f 13/82/13 360/84/360 1020/85/1020 358/86/358
f 13/82/13 358/86/358 1019/87/1019 359/83/359
f 14/88/14 362/89/362 1019/90/1019 358/91/358
f 14/88/14 358/91/358 1020/92/1020 363/93/363
f 14/88/14 363/93/363 1022/94/1022 361/95/361
f 14/88/14 361/95/361 1021/96/1021 362/89/362
f 15/97/15 364/98/364 1021/99/1021 361/100/361
f 15/97/15 361/100/361 1022/101/1022 965/102/965
f 15/97/15 965/102/965 1024/103/1024 964/104/964
f 15/97/15 964/104/964 1023/105/1023 364/98/364
f 16/106/16 322/4/322 993/3/993 966/107/966
f 16/106/16 966/107/966 1023/105/1023 964/104/964
f 16/106/16 964/104/964 1024/103/1024 365/108/365
f 16/106/16 365/108/365 994/5/994 322/4/322
f 17/109/17 549/110/549 1121/111/1121 610/112/610
f 17/109/17 610/112/610 1124/113/1124 382/114/382
f 17/109/17 382/114/382 1030/115/1030 371/116/371
f 17/109/17 371/116/371 1031/117/1031 549/110/549
f 18/118/18 553/119/553 1125/120/1125 608/121/608
f 18/118/18 608/121/608 1128/122/1128 384/123/384
f 18/118/18 384/123/384 1035/124/1035 376/125/376
f 18/118/18 376/125/376 1036/126/1036 553/119/553
f 19/127/19 559/128/559 1131/129/1131 606/130/606
f 19/127/19 606/130/606 1134/131/1134 387/132/387
f 19/127/19 387/132/387 1028/133/1028 369/134/369
f 19/127/19 369/134/369 1029/135/1029 559/128/559
f 20/136/20 563/137/563 1135/138/1135 604/139/604
f 20/136/20 604/139/604 1138/140/1138 389/141/389
f 20/136/20 389/141/389 1033/142/1033 374/143/374
f 20/136/20 374/143/374 1034/144/1034 563/137/563
f 21/145/21 567/146/567 1139/147/1139 602/148/602
f 21/145/21 602/148/602 1142/149/1142 391/150/391
f 21/145/21 391/150/391 1038/151/1038 379/152/379
f 21/145/21 379/152/379 1039/153/1039 567/146/567
f 22/154/22 571/155/571 1143/156/1143 600/157/600
f 22/154/22 600/157/600 1129/158/1129 557/159/557
f 22/154/22 557/159/557 1040/160/1040 380/161/380
f 22/154/22 380/161/380 1025/162/1025 571/155/571
f 23/163/23 573/164/573 1145/165/1145 598/166/598
f 23/163/23 598/166/598 1148/167/1148 394/168/394
f 23/163/23 394/168/394 1026/169/1026 367/170/367
f 23/163/23 367/170/367 1027/171/1027 573/164/573
f 24/172/24 577/173/577 1149/174/1149 596/175/596
f 24/172/24 596/175/596 1121/176/1121 549/177/549
f 24/172/24 549/177/549 1031/178/1031 372/179/372
f 24/172/24 372/179/372 1032/180/1032 577/173/577
f 25/181/25 579/182/579 1151/183/1151 594/184/594
f 25/181/25 594/184/594 1125/120/1125 553/119/553
f 25/181/25 553/119/553 1036/126/1036 377/185/377
f 25/181/25 377/185/377 1037/186/1037 579/182/579
f 26/187/26 382/114/382 1124/113/1124 592/188/592
f 26/187/26 592/188/592 1131/129/1131 559/128/559
f 26/187/26 559/128/559 1029/135/1029 370/189/370
f 26/187/26 370/189/370 1030/115/1030 382/114/382
f 27/190/27 384/123/384 1128/122/1128 590/191/590
f 27/190/27 590/191/590 1135/138/1135 563/137/563
f 27/190/27 563/137/563 1034/144/1034 375/192/375
f 27/190/27 375/192/375 1035/124/1035 384/123/384
f 28/193/28 557/159/557 1129/158/1129 977/194/977
f 28/193/28 977/194/977 1139/195/1139 567/196/567
f 28/193/28 567/196/567 1039/197/1039 967/198/967
f 28/193/28 967/198/967 1040/160/1040 557/159/557
f 29/199/29 387/132/387 1134/131/1134 588/200/588
f 29/199/29 588/200/588 1145/165/1145 573/164/573
f 29/199/29 573/164/573 1027/171/1027 368/201/368
f 29/199/29 368/201/368 1028/133/1028 387/132/387
f 30/202/30 389/141/389 1138/140/1138 586/203/586
f 30/202/30 586/203/586 1149/204/1149 577/205/577
f 30/202/30 577/205/577 1032/206/1032 373/207/373
f 30/202/30 373/207/373 1033/142/1033 389/141/389
f 31/208/31 391/150/391 1142/149/1142 584/209/584
f 31/208/31 584/209/584 1151/183/1151 579/182/579
f 31/208/31 579/182/579 1037/186/1037 378/210/378
f 31/208/31 378/210/378 1038/151/1038 391/150/391
f 32/211/32 394/168/394 1148/167/1148 582/212/582
f 32/211/32 582/212/582 1143/156/1143 571/155/571
f 32/211/32 571/155/571 1025/162/1025 366/213/366
f 32/211/32 366/213/366 1026/169/1026 394/168/394
f 33/214/33 412/215/412 1029/135/1029 369/134/369
f 33/214/33 369/134/369 1028/133/1028 413/216/413
f 33/214/33 413/216/413 1044/217/1044 400/218/400
f 33/214/33 400/218/400 1045/219/1045 412/215/412
f 34/220/34 414/221/414 1037/186/1037 377/185/377
f 34/220/34 377/185/377 1036/126/1036 415/222/415
f 34/220/34 415/222/415 1052/223/1052 408/224/408
f 34/220/34 408/224/408 1053/225/1053 414/221/414
f 35/226/35 416/227/416 1030/115/1030 370/189/370
f 35/226/35 370/189/370 1029/135/1029 412/215/412
f 35/226/35 412/215/412 1045/219/1045 401/228/401
f 35/226/35 401/228/401 1046/229/1046 416/227/416
f 36/230/36 417/231/417 1038/151/1038 378/210/378
f 36/230/36 378/210/378 1037/186/1037 414/221/414
f 36/230/36 414/221/414 1053/225/1053 409/232/409
f 36/230/36 409/232/409 1054/233/1054 417/231/417
f 37/234/37 418/235/418 1031/117/1031 371/116/371
f 37/234/37 371/116/371 1030/115/1030 416/227/416
f 37/234/37 416/227/416 1046/229/1046 402/236/402
f 37/234/37 402/236/402 1047/237/1047 418/235/418
f 38/238/38 419/239/419 1039/153/1039 379/152/379
f 38/238/38 379/152/379 1038/151/1038 417/231/417
f 38/238/38 417/231/417 1054/233/1054 410/240/410
f 38/238/38 410/240/410 1055/241/1055 419/239/419
f 39/242/39 420/243/420 1032/180/1032 372/179/372
f 39/242/39 372/179/372 1031/178/1031 418/244/418
f 39/242/39 418/244/418 1047/245/1047 403/246/403
f 39/242/39 403/246/403 1048/247/1048 420/243/420
f 40/248/40 969/249/969 1040/160/1040 967/198/967
f 40/248/40 967/198/967 1039/197/1039 419/250/419
f 40/248/40 419/250/419 1055/251/1055 411/252/411
f 40/248/40 411/252/411 1056/253/1056 969/249/969
f 41/254/41 421/255/421 1033/142/1033 373/207/373
f 41/254/41 373/207/373 1032/206/1032 420/256/420
f 41/254/41 420/256/420 1048/257/1048 404/258/404
f 41/254/41 404/258/404 1049/259/1049 421/255/421
f 42/260/42 422/261/422 1026/169/1026 366/213/366
f 42/260/42 366/213/366 1025/162/1025 423/262/423
f 42/260/42 423/262/423 1041/263/1041 397/264/397
f 42/260/42 397/264/397 1042/265/1042 422/261/422
f 43/266/43 424/267/424 1034/144/1034 374/143/374
f 43/266/43 374/143/374 1033/142/1033 421/255/421
f 43/266/43 421/255/421 1049/259/1049 405/268/405
f 43/266/43 405/268/405 1050/269/1050 424/267/424
f 44/270/44 425/271/425 1027/171/1027 367/170/367
f 44/270/44 367/170/367 1026/169/1026 422/261/422
f 44/270/44 422/261/422 1042/265/1042 398/272/398
f 44/270/44 398/272/398 1043/273/1043 425/271/425
f 45/274/45 423/262/423 1025/162/1025 380/161/380
f 45/274/45 380/161/380 1040/160/1040 969/249/969
f 45/274/45 969/249/969 1056/253/1056 968/275/968
f 45/274/45 968/275/968 1041/263/1041 423/262/423
f 46/276/46 426/277/426 1035/124/1035 375/192/375
f 46/276/46 375/192/375 1034/144/1034 424/267/424
f 46/276/46 424/267/424 1050/269/1050 406/278/406
f 46/276/46 406/278/406 1051/279/1051 426/277/426
f 47/280/47 413/216/413 1028/133/1028 368/201/368
f 47/280/47 368/201/368 1027/171/1027 425/271/425
f 47/280/47 425/271/425 1043/273/1043 399/281/399
f 47/280/47 399/281/399 1044/217/1044 413/216/413
f 48/282/48 415/222/415 1036/126/1036 376/125/376
f 48/282/48 376/125/376 1035/124/1035 426/277/426
f 48/282/48 426/277/426 1051/279/1051 407/283/407
f 48/282/48 407/283/407 1052/223/1052 415/222/415
f 49/284/49 442/285/442 1048/247/1048 403/246/403
f 49/284/49 403/246/403 1047/245/1047 443/286/443
f 49/284/49 443/286/443 1063/287/1063 433/288/433
f 49/284/49 433/288/433 1064/289/1064 442/285/442
f 50/290/50 444/291/444 1056/253/1056 411/252/411
f 50/290/50 411/252/411 1055/251/1055 445/292/445
f 50/290/50 445/292/445 1071/293/1071 441/294/441
f 50/290/50 441/294/441 1072/295/1072 444/291/444
f 51/296/51 446/297/446 1049/259/1049 404/258/404
f 51/296/51 404/258/404 1048/257/1048 442/298/442
f 51/296/51 442/298/442 1064/299/1064 434/300/434
f 51/296/51 434/300/434 1065/301/1065 446/297/446
f 52/302/52 447/303/447 1042/265/1042 397/264/397
f 52/302/52 397/264/397 1041/263/1041 448/304/448
f 52/302/52 448/304/448 1057/305/1057 427/306/427
f 52/302/52 427/306/427 1058/307/1058 447/303/447
f 53/308/53 449/309/449 1050/269/1050 405/268/405
f 53/308/53 405/268/405 1049/259/1049 446/297/446
f 53/308/53 446/297/446 1065/301/1065 435/310/435
f 53/308/53 435/310/435 1066/311/1066 449/309/449
f 54/312/54 450/313/450 1043/273/1043 398/272/398
f 54/312/54 398/272/398 1042/265/1042 447/303/447
f 54/312/54 447/303/447 1058/307/1058 428/314/428
f 54/312/54 428/314/428 1059/315/1059 450/313/450
f 55/316/55 448/304/448 1041/263/1041 968/275/968
f 55/316/55 968/275/968 1056/253/1056 444/291/444
f 55/316/55 444/291/444 1072/295/1072 970/317/970
f 55/316/55 970/317/970 1057/305/1057 448/304/448
f 56/318/56 451/319/451 1051/279/1051 406/278/406
f 56/318/56 406/278/406 1050/269/1050 449/309/449
f 56/318/56 449/309/449 1066/311/1066 436/320/436
f 56/318/56 436/320/436 1067/321/1067 451/319/451
f 57/322/57 452/323/452 1044/217/1044 399/281/399
f 57/322/57 399/281/399 1043/273/1043 450/313/450
f 57/322/57 450/313/450 1059/315/1059 429/324/429
f 57/322/57 429/324/429 1060/325/1060 452/323/452
f 58/326/58 453/327/453 1052/223/1052 407/283/407
f 58/326/58 407/283/407 1051/279/1051 451/319/451
f 58/326/58 451/319/451 1067/321/1067 437/328/437
f 58/326/58 437/328/437 1068/329/1068 453/327/453
f 59/330/59 454/331/454 1045/219/1045 400/218/400
f 59/330/59 400/218/400 1044/217/1044 452/323/452
f 59/330/59 452/323/452 1060/325/1060 430/332/430
f 59/330/59 430/332/430 1061/333/1061 454/331/454
f 60/334/60 455/335/455 1053/225/1053 408/224/408
f 60/334/60 408/224/408 1052/223/1052 453/327/453
f 60/334/60 453/327/453 1068/329/1068 438/336/438
f 60/334/60 438/336/438 1069/337/1069 455/335/455
f 61/338/61 456/339/456 1046/229/1046 401/228/401
f 61/338/61 401/228/401 1045/219/1045 454/331/454
f 61/338/61 454/331/454 1061/333/1061 431/340/431
f 61/338/61 431/340/431 1062/341/1062 456/339/456
f 62/342/62 457/343/457 1054/233/1054 409/232/409
f 62/342/62 409/232/409 1053/225/1053 455/335/455
f 62/342/62 455/335/455 1069/337/1069 439/344/439
f 62/342/62 439/344/439 1070/345/1070 457/343/457
f 63/346/63 443/347/443 1047/237/1047 402/236/402
f 63/346/63 402/236/402 1046/229/1046 456/339/456
f 63/346/63 456/339/456 1062/341/1062 432/348/432
f 63/346/63 432/348/432 1063/349/1063 443/347/443
f 64/350/64 445/351/445 1055/241/1055 410/240/410
f 64/350/64 410/240/410 1054/233/1054 457/343/457
f 64/350/64 457/343/457 1070/345/1070 440/352/440
f 64/350/64 440/352/440 1071/353/1071 445/351/445
f 65/354/65 473/355/473 1067/321/1067 436/320/436
f 65/354/65 436/320/436 1066/311/1066 474/356/474
f 65/354/65 474/356/474 1082/357/1082 467/358/467
f 65/354/65 467/358/467 1083/359/1083 473/355/473
f 66/360/66 475/361/475 1060/325/1060 429/324/429
f 66/360/66 429/324/429 1059/315/1059 476/362/476
f 66/360/66 476/362/476 1075/363/1075 460/364/460
f 66/360/66 460/364/460 1076/365/1076 475/361/475
f 67/366/67 477/367/477 1068/329/1068 437/328/437
f 67/366/67 437/328/437 1067/321/1067 473/355/473
f 67/366/67 473/355/473 1083/359/1083 468/368/468
f 67/366/67 468/368/468 1084/369/1084 477/367/477
f 68/370/68 478/371/478 1061/333/1061 430/332/430
f 68/370/68 430/332/430 1060/325/1060 475/361/475
f 68/370/68 475/361/475 1076/365/1076 461/372/461
f 68/370/68 461/372/461 1077/373/1077 478/371/478
f 69/374/69 479/375/479 1069/337/1069 438/336/438
f 69/374/69 438/336/438 1068/329/1068 477/367/477
f 69/374/69 477/367/477 1084/369/1084 469/376/469
f 69/374/69 469/376/469 1085/377/1085 479/375/479
f 70/378/70 480/379/480 1062/341/1062 431/340/431
f 70/378/70 431/340/431 1061/333/1061 478/371/478
f 70/378/70 478/371/478 1077/373/1077 462/380/462
f 70/378/70 462/380/462 1078/381/1078 480/379/480
f 71/382/71 481/383/481 1070/345/1070 439/344/439
f 71/382/71 439/344/439 1069/337/1069 479/375/479
f 71/382/71 479/375/479 1085/377/1085 470/384/470
f 71/382/71 470/384/470 1086/385/1086 481/383/481
f 72/386/72 482/387/482 1063/349/1063 432/348/432
f 72/386/72 432/348/432 1062/341/1062 480/379/480
f 72/386/72 480/379/480 1078/381/1078 463/388/463
f 72/386/72 463/388/463 1079/389/1079 482/387/482
f 73/390/73 483/391/483 1071/353/1071 440/352/440
f 73/390/73 440/352/440 1070/345/1070 481/383/481
f 73/390/73 481/383/481 1086/385/1086 471/392/471
f 73/390/73 471/392/471 1087/393/1087 483/391/483
f 74/394/74 484/395/484 1064/289/1064 433/288/433
f 74/394/74 433/288/433 1063/287/1063 482/396/482
f 74/394/74 482/396/482 1079/397/1079 464/398/464
f 74/394/74 464/398/464 1080/399/1080 484/395/484
f 75/400/75 485/401/485 1072/295/1072 441/294/441
f 75/400/75 441/294/441 1071/293/1071 483/402/483
f 75/400/75 483/402/483 1087/403/1087 472/404/472
f 75/400/75 472/404/472 1088/405/1088 485/401/485
f 76/406/76 486/407/486 1065/301/1065 434/300/434
f 76/406/76 434/300/434 1064/299/1064 484/408/484
f 76/406/76 484/408/484 1080/409/1080 465/410/465
f 76/406/76 465/410/465 1081/411/1081 486/407/486
f 77/412/77 487/413/487 1058/307/1058 427/306/427
f 77/412/77 427/306/427 1057/305/1057 488/414/488
f 77/412/77 488/414/488 1073/415/1073 458/416/458
f 77/412/77 458/416/458 1074/417/1074 487/413/487
f 78/418/78 474/356/474 1066/311/1066 435/310/435
f 78/418/78 435/310/435 1065/301/1065 486/407/486
f 78/418/78 486/407/486 1081/411/1081 466/419/466
f 78/418/78 466/419/466 1082/357/1082 474/356/474
f 79/420/79 476/362/476 1059/315/1059 428/314/428
f 79/420/79 428/314/428 1058/307/1058 487/413/487
f 79/420/79 487/413/487 1074/417/1074 459/421/459
f 79/420/79 459/421/459 1075/363/1075 476/362/476
f 80/422/80 488/414/488 1057/305/1057 970/317/970
f 80/422/80 970/317/970 1072/295/1072 485/401/485
f 80/422/80 485/401/485 1088/405/1088 971/423/971
f 80/422/80 971/423/971 1073/415/1073 488/414/488
f 81/424/81 504/425/504 1086/385/1086 470/384/470
f 81/424/81 470/384/470 1085/377/1085 505/426/505
f 81/424/81 505/426/505 1101/427/1101 501/428/501
f 81/424/81 501/428/501 1102/429/1102 504/425/504
f 82/430/82 506/431/506 1079/389/1079 463/388/463
f 82/430/82 463/388/463 1078/381/1078 507/432/507
f 82/430/82 507/432/507 1094/433/1094 494/434/494
f 82/430/82 494/434/494 1095/435/1095 506/431/506
f 83/436/83 508/437/508 1087/393/1087 471/392/471
f 83/436/83 471/392/471 1086/385/1086 504/425/504
f 83/436/83 504/425/504 1102/429/1102 502/438/502
f 83/436/83 502/438/502 1103/439/1103 508/437/508
f 84/440/84 509/441/509 1080/399/1080 464/398/464
f 84/440/84 464/398/464 1079/397/1079 506/442/506
f 84/440/84 506/442/506 1095/443/1095 495/444/495
f 84/440/84 495/444/495 1096/445/1096 509/441/509
f 85/446/85 973/447/973 1088/405/1088 472/404/472
f 85/446/85 472/404/472 1087/403/1087 508/448/508
f 85/446/85 508/448/508 1103/449/1103 972/450/972
f 85/446/85 972/450/972 1104/451/1104 973/447/973
f 86/452/86 510/453/510 1081/411/1081 465/410/465
f 86/452/86 465/410/465 1080/409/1080 509/454/509
f 86/452/86 509/454/509 1096/455/1096 496/456/496
f 86/452/86 496/456/496 1097/457/1097 510/453/510
f 87/458/87 511/459/511 1074/417/1074 458/416/458
f 87/458/87 458/416/458 1073/415/1073 512/460/512
f 87/458/87 512/460/512 1089/461/1089 489/462/489
f 87/458/87 489/462/489 1090/463/1090 511/459/511
f 88/464/88 513/465/513 1082/357/1082 466/419/466
f 88/464/88 466/419/466 1081/411/1081 510/453/510
f 88/464/88 510/453/510 1097/457/1097 497/466/497
f 88/464/88 497/466/497 1098/467/1098 513/465/513
f 89/468/89 514/469/514 1075/363/1075 459/421/459
f 89/468/89 459/421/459 1074/417/1074 511/459/511
f 89/468/89 511/459/511 1090/463/1090 490/470/490
f 89/468/89 490/470/490 1091/471/1091 514/469/514
f 90/472/90 512/460/512 1073/415/1073 971/423/971
f 90/472/90 971/423/971 1088/405/1088 973/447/973
f 90/472/90 973/447/973 1104/451/1104 503/473/503
f 90/472/90 503/473/503 1089/461/1089 512/460/512
f 91/474/91 515/475/515 1083/359/1083 467/358/467
f 91/474/91 467/358/467 1082/357/1082 513/465/513
f 91/474/91 513/465/513 1098/467/1098 498/476/498
f 91/474/91 498/476/498 1099/477/1099 515/475/515
f 92/478/92 516/479/516 1076/365/1076 460/364/460
f 92/478/92 460/364/460 1075/363/1075 514/469/514
f 92/478/92 514/469/514 1091/471/1091 491/480/491
f 92/478/92 491/480/491 1092/481/1092 516/479/516
f 93/482/93 517/483/517 1084/369/1084 468/368/468
f 93/482/93 468/368/468 1083/359/1083 515/475/515
f 93/482/93 515/475/515 1099/477/1099 499/484/499
f 93/482/93 499/484/499 1100/485/1100 517/483/517
f 94/486/94 518/487/518 1077/373/1077 461/372/461
f 94/486/94 461/372/461 1076/365/1076 516/479/516
f 94/486/94 516/479/516 1092/481/1092 492/488/492
f 94/486/94 492/488/492 1093/489/1093 518/487/518
f 95/490/95 505/426/505 1085/377/1085 469/376/469
f 95/490/95 469/376/469 1084/369/1084 517/483/517
f 95/490/95 517/483/517 1100/485/1100 500/491/500
f 95/490/95 500/491/500 1101/427/1101 505/426/505
f 96/492/96 507/432/507 1078/381/1078 462/380/462
f 96/492/96 462/380/462 1077/373/1077 518/487/518
f 96/492/96 518/487/518 1093/489/1093 493/493/493
f 96/492/96 493/493/493 1094/433/1094 507/432/507
f 97/494/97 534/495/534 1101/427/1101 500/491/500
f 97/494/97 500/491/500 1100/485/1100 535/496/535
f 97/494/97 535/496/535 1116/497/1116 530/498/530
f 97/494/97 530/498/530 1117/499/1117 534/495/534
f 98/500/98 536/501/536 1094/433/1094 493/493/493
f 98/500/98 493/493/493 1093/489/1093 537/502/537
f 98/500/98 537/502/537 1109/503/1109 523/504/523
f 98/500/98 523/504/523 1110/505/1110 536/501/536
f 99/506/99 538/507/538 1102/429/1102 501/428/501
f 99/506/99 501/428/501 1101/427/1101 534/495/534
f 99/506/99 534/495/534 1117/499/1117 531/508/531
f 99/506/99 531/508/531 1118/509/1118 538/507/538
f 100/510/100 539/511/539 1095/435/1095 494/434/494
f 100/510/100 494/434/494 1094/433/1094 536/501/536
f 100/510/100 536/501/536 1110/505/1110 524/512/524
f 100/510/100 524/512/524 1111/513/1111 539/511/539
f 101/514/101 540/515/540 1103/439/1103 502/438/502
f 101/514/101 502/438/502 1102/429/1102 538/507/538
f 101/514/101 538/507/538 1118/509/1118 532/516/532
f 101/514/101 532/516/532 1119/517/1119 540/515/540
f 102/518/102 541/519/541 1096/445/1096 495/444/495
f 102/518/102 495/444/495 1095/443/1095 539/520/539
f 102/518/102 539/520/539 1111/521/1111 525/522/525
f 102/518/102 525/522/525 1112/523/1112 541/519/541
f 103/524/103 975/525/975 1104/451/1104 972/450/972
f 103/524/103 972/450/972 1103/449/1103 540/526/540
f 103/524/103 540/526/540 1119/527/1119 533/528/533
f 103/524/103 533/528/533 1120/529/1120 975/525/975
f 104/530/104 542/531/542 1097/457/1097 496/456/496
f 104/530/104 496/456/496 1096/455/1096 541/532/541
f 104/530/104 541/532/541 1112/533/1112 526/534/526
f 104/530/104 526/534/526 1113/535/1113 542/531/542
f 105/536/105 543/537/543 1090/463/1090 489/462/489
f 105/536/105 489/462/489 1089/461/1089 544/538/544
f 105/536/105 544/538/544 1105/539/1105 519/540/519
f 105/536/105 519/540/519 1106/541/1106 543/537/543
f 106/542/106 545/543/545 1098/467/1098 497/466/497
f 106/542/106 497/466/497 1097/457/1097 542/531/542
f 106/542/106 542/531/542 1113/535/1113 527/544/527
f 106/542/106 527/544/527 1114/545/1114 545/543/545
f 107/546/107 546/547/546 1091/471/1091 490/470/490
f 107/546/107 490/470/490 1090/463/1090 543/537/543
f 107/546/107 543/537/543 1106/541/1106 520/548/520
f 107/546/107 520/548/520 1107/549/1107 546/547/546
f 108/550/108 544/538/544 1089/461/1089 503/473/503
f 108/550/108 503/473/503 1104/451/1104 975/525/975
f 108/550/108 975/525/975 1120/529/1120 974/551/974
f 108/550/108 974/551/974 1105/539/1105 544/538/544
f 109/552/109 547/553/547 1099/477/1099 498/476/498
f 109/552/109 498/476/498 1098/467/1098 545/543/545
f 109/552/109 545/543/545 1114/545/1114 528/554/528
f 109/552/109 528/554/528 1115/555/1115 547/553/547
f 110/556/110 548/557/548 1092/481/1092 491/480/491
f 110/556/110 491/480/491 1091/471/1091 546/547/546
f 110/556/110 546/547/546 1107/549/1107 521/558/521
f 110/556/110 521/558/521 1108/559/1108 548/557/548
f 111/560/111 535/496/535 1100/485/1100 499/484/499
f 111/560/111 499/484/499 1099/477/1099 547/553/547
f 111/560/111 547/553/547 1115/555/1115 529/561/529
f 111/560/111 529/561/529 1116/497/1116 535/496/535
f 112/562/112 537/502/537 1093/489/1093 492/488/492
f 112/562/112 492/488/492 1092/481/1092 548/557/548
f 112/562/112 548/557/548 1108/559/1108 522/563/522
f 112/562/112 522/563/522 1109/503/1109 537/502/537
f 113/564/113 575/565/575 996/7/996 323/6/323
f 113/564/113 323/6/323 994/5/994 392/566/392
f 113/564/113 392/566/392 1144/567/1144 581/568/581
f 113/564/113 581/568/581 1147/569/1147 575/565/575
f 114/570/114 576/571/576 1147/569/1147 581/568/581
f 114/570/114 581/568/581 1144/567/1144 572/572/572
f 114/570/114 572/572/572 1143/156/1143 582/212/582
f 114/570/114 582/212/582 1148/167/1148 576/571/576
f 115/573/115 569/574/569 1020/85/1020 360/84/360
f 115/573/115 360/84/360 1018/79/1018 396/575/396
f 115/573/115 396/575/396 1152/576/1152 583/577/583
f 115/573/115 583/577/583 1141/578/1141 569/574/569
f 116/579/116 570/580/570 1141/578/1141 583/577/583
f 116/579/116 583/577/583 1152/576/1152 580/581/580
f 116/579/116 580/581/580 1151/183/1151 584/209/584
f 116/579/116 584/209/584 1142/149/1142 570/580/570
f 117/582/117 565/583/565 1010/55/1010 345/54/345
f 117/582/117 345/54/345 1008/53/1008 395/584/395
f 117/582/117 395/584/395 1150/585/1150 585/586/585
f 117/582/117 585/586/585 1137/587/1137 565/583/565
f 118/588/118 566/589/566 1137/587/1137 585/586/585
f 118/588/118 585/586/585 1150/585/1150 578/590/578
f 118/588/118 578/590/578 1149/204/1149 586/203/586
f 118/588/118 586/203/586 1138/140/1138 566/589/566
f 119/591/119 561/592/561 1000/19/1000 330/18/330
f 119/591/119 330/18/330 998/13/998 393/593/393
f 119/591/119 393/593/393 1146/594/1146 587/595/587
f 119/591/119 587/595/587 1133/596/1133 561/592/561
f 120/597/120 562/598/562 1133/596/1133 587/595/587
f 120/597/120 587/595/587 1146/594/1146 574/599/574
f 120/597/120 574/599/574 1145/165/1145 588/200/588
f 120/597/120 588/200/588 1134/131/1134 562/598/562
f 121/600/121 385/601/385 1024/103/1024 965/102/965
f 121/600/121 965/102/965 1022/101/1022 390/602/390
f 121/600/121 390/602/390 1140/603/1140 976/604/976
f 121/600/121 976/604/976 1130/605/1130 385/601/385
f 122/606/122 558/607/558 1130/605/1130 976/604/976
f 122/606/122 976/604/976 1140/603/1140 568/608/568
f 122/606/122 568/608/568 1139/195/1139 977/194/977
f 122/606/122 977/194/977 1129/158/1129 558/607/558
f 123/609/123 555/610/555 1014/67/1014 351/66/351
f 123/609/123 351/66/351 1012/61/1012 388/611/388
f 123/609/123 388/611/388 1136/612/1136 589/613/589
f 123/609/123 589/613/589 1127/614/1127 555/610/555
f 124/615/124 616/616/616 1135/617/1135 590/618/590
f 124/615/124 590/618/590 1128/619/1128 615/620/615
f 124/615/124 615/620/615 1154/621/1154 614/622/614
f 124/615/124 614/622/614 1155/623/1155 616/616/616
f 125/624/125 551/625/551 1004/31/1004 336/30/336
f 125/624/125 336/30/336 1002/25/1002 386/626/386
f 125/624/125 386/626/386 1132/627/1132 591/628/591
f 125/624/125 591/628/591 1123/629/1123 551/625/551
f 126/630/126 552/631/552 1123/629/1123 591/628/591
f 126/630/126 591/628/591 1132/627/1132 560/632/560
f 126/630/126 560/632/560 1131/129/1131 592/188/592
f 126/630/126 592/188/592 1124/113/1124 552/631/552
f 127/633/127 396/575/396 1018/79/1018 357/78/357
f 127/633/127 357/78/357 1016/73/1016 383/634/383
f 127/633/127 383/634/383 1126/635/1126 593/636/593
f 127/633/127 593/636/593 1152/576/1152 396/575/396
f 128/637/128 580/581/580 1152/576/1152 593/636/593
f 128/637/128 593/636/593 1126/635/1126 554/638/554
f 128/637/128 554/638/554 1125/120/1125 594/184/594
f 128/637/128 594/184/594 1151/183/1151 580/581/580
f 129/639/129 395/640/395 1008/46/1008 342/45/342
f 129/639/129 342/45/342 1006/44/1006 381/641/381
f 129/639/129 381/641/381 1122/642/1122 595/643/595
f 129/639/129 595/643/595 1150/644/1150 395/640/395
f 130/645/130 578/646/578 1150/644/1150 595/643/595
f 130/645/130 595/643/595 1122/642/1122 550/647/550
f 130/645/130 550/647/550 1121/176/1121 596/175/596
f 130/645/130 596/175/596 1149/174/1149 578/646/578
f 131/648/131 393/593/393 998/13/998 327/12/327
f 131/648/131 327/12/327 996/7/996 575/565/575
f 131/648/131 575/565/575 1147/569/1147 597/649/597
f 131/648/131 597/649/597 1146/594/1146 393/593/393
f 132/650/132 574/599/574 1146/594/1146 597/649/597
f 132/650/132 597/649/597 1147/569/1147 576/571/576
f 132/650/132 576/571/576 1148/167/1148 598/166/598
f 132/650/132 598/166/598 1145/165/1145 574/599/574
f 133/651/133 392/566/392 994/5/994 365/108/365
f 133/651/133 365/108/365 1024/103/1024 385/601/385
f 133/651/133 385/601/385 1130/605/1130 599/652/599
f 133/651/133 599/652/599 1144/567/1144 392/566/392
f 134/653/134 572/572/572 1144/567/1144 599/652/599
f 134/653/134 599/652/599 1130/605/1130 558/607/558
f 134/653/134 558/607/558 1129/158/1129 600/157/600
f 134/653/134 600/157/600 1143/156/1143 572/572/572
f 135/654/135 390/655/390 1022/94/1022 363/93/363
f 135/654/135 363/93/363 1020/92/1020 569/656/569
f 135/654/135 569/656/569 1141/657/1141 601/658/601
f 135/654/135 601/658/601 1140/659/1140 390/655/390
f 136/660/136 568/661/568 1140/662/1140 601/663/601
f 136/660/136 601/663/601 1141/578/1141 570/580/570
f 136/660/136 570/580/570 1142/149/1142 602/148/602
f 136/660/136 602/148/602 1139/147/1139 568/661/568
f 137/664/137 388/611/388 1012/61/1012 348/60/348
f 137/664/137 348/60/348 1010/55/1010 565/583/565
f 137/664/137 565/583/565 1137/587/1137 603/665/603
f 137/664/137 603/665/603 1136/612/1136 388/611/388
f 138/666/138 564/667/564 1136/612/1136 603/665/603
f 138/666/138 603/665/603 1137/587/1137 566/589/566
f 138/666/138 566/589/566 1138/140/1138 604/139/604
f 138/666/138 604/139/604 1135/138/1135 564/667/564
f 139/668/139 386/626/386 1002/25/1002 333/24/333
f 139/668/139 333/24/333 1000/19/1000 561/592/561
f 139/668/139 561/592/561 1133/596/1133 605/669/605
f 139/668/139 605/669/605 1132/627/1132 386/626/386
f 140/670/140 560/632/560 1132/627/1132 605/669/605
f 140/670/140 605/669/605 1133/596/1133 562/598/562
f 140/670/140 562/598/562 1134/131/1134 606/130/606
f 140/670/140 606/130/606 1131/129/1131 560/632/560
f 141/671/141 383/634/383 1016/73/1016 354/72/354
f 141/671/141 354/72/354 1014/67/1014 555/610/555
f 141/671/141 555/610/555 1127/614/1127 607/672/607
f 141/671/141 607/672/607 1126/635/1126 383/634/383
f 142/673/142 554/638/554 1126/635/1126 607/672/607
f 142/673/142 607/672/607 1127/614/1127 556/674/556
f 142/673/142 556/674/556 1128/122/1128 608/121/608
f 142/673/142 608/121/608 1125/120/1125 554/638/554
f 143/675/143 381/676/381 1006/37/1006 339/36/339
f 143/675/143 339/36/339 1004/31/1004 551/625/551
f 143/675/143 551/625/551 1123/629/1123 609/677/609
f 143/675/143 609/677/609 1122/678/1122 381/676/381
f 144/679/144 550/680/550 1122/678/1122 609/677/609
f 144/679/144 609/677/609 1123/629/1123 552/631/552
f 144/679/144 552/631/552 1124/113/1124 610/112/610
f 144/679/144 610/112/610 1121/111/1121 550/680/550
f 145/681/145 624/682/624 1153/683/1153 613/684/613
f 145/681/145 613/684/613 1156/685/1156 623/686/623
f 145/681/145 623/686/623 1160/687/1160 621/688/621
f 145/681/145 621/688/621 1157/689/1157 624/682/624
f 146/690/146 617/691/617 1136/612/1136 564/667/564
f 146/690/146 564/667/564 1135/138/1135 616/692/616
f 146/690/146 616/692/616 1155/693/1155 612/694/612
f 146/690/146 612/694/612 1156/695/1156 617/691/617
f 147/696/147 618/697/618 1127/698/1127 589/699/589
f 147/696/147 589/699/589 1136/700/1136 617/701/617
f 147/696/147 617/701/617 1156/685/1156 613/684/613
f 147/696/147 613/684/613 1153/683/1153 618/697/618
f 148/702/148 615/703/615 1128/704/1128 556/705/556
f 148/702/148 556/705/556 1127/706/1127 618/707/618
f 148/702/148 618/707/618 1153/708/1153 611/709/611
f 148/702/148 611/709/611 1154/710/1154 615/703/615
f 149/711/149 632/712/632 1157/689/1157 621/688/621
f 149/711/149 621/688/621 1160/687/1160 631/713/631
f 149/711/149 631/713/631 1164/714/1164 629/715/629
f 149/711/149 629/715/629 1161/716/1161 632/712/632
f 150/717/150 625/718/625 1154/710/1154 611/709/611
f 150/717/150 611/709/611 1153/708/1153 624/719/624
f 150/717/150 624/719/624 1157/720/1157 619/721/619
f 150/717/150 619/721/619 1158/722/1158 625/718/625
f 151/723/151 626/724/626 1155/623/1155 614/622/614
f 151/723/151 614/622/614 1154/621/1154 625/725/625
f 151/723/151 625/725/625 1158/726/1158 622/727/622
f 151/723/151 622/727/622 1159/728/1159 626/724/626
f 152/729/152 623/730/623 1156/695/1156 612/694/612
f 152/729/152 612/694/612 1155/693/1155 626/731/626
f 152/729/152 626/731/626 1159/732/1159 620/733/620
f 152/729/152 620/733/620 1160/734/1160 623/730/623
f 153/735/153 640/736/640 1163/737/1163 630/738/630
f 153/735/153 630/738/630 1162/739/1162 639/740/639
f 153/735/153 639/740/639 1166/741/1166 638/742/638
f 153/735/153 638/742/638 1167/743/1167 640/736/640
f 154/744/154 633/745/633 1158/722/1158 619/721/619
f 154/744/154 619/721/619 1157/720/1157 632/746/632
f 154/744/154 632/746/632 1161/747/1161 627/748/627
f 154/744/154 627/748/627 1162/749/1162 633/745/633
f 155/750/155 634/751/634 1159/728/1159 622/727/622
f 155/750/155 622/727/622 1158/726/1158 633/752/633
f 155/750/155 633/752/633 1162/739/1162 630/738/630
f 155/750/155 630/738/630 1163/737/1163 634/751/634
f 156/753/156 631/754/631 1160/734/1160 620/733/620
f 156/753/156 620/733/620 1159/732/1159 634/755/634
f 156/753/156 634/755/634 1163/756/1163 628/757/628
f 156/753/156 628/757/628 1164/758/1164 631/754/631
f 157/759/157 635/760/635 1165/761/1165 637/762/637
f 157/759/157 637/762/637 1168/763/1168 636/764/636
f 157/759/157 636/764/636 1167/765/1167 638/766/638
f 157/759/157 638/766/638 1166/767/1166 635/760/635
f 158/768/158 641/769/641 1164/770/1164 628/771/628
f 158/768/158 628/771/628 1163/772/1163 640/773/640
f 158/768/158 640/773/640 1167/774/1167 636/775/636
f 158/768/158 636/775/636 1168/776/1168 641/769/641
f 159/777/159 642/778/642 1161/716/1161 629/715/629
f 159/777/159 629/715/629 1164/714/1164 641/779/641
f 159/777/159 641/779/641 1168/780/1168 637/781/637
f 159/777/159 637/781/637 1165/782/1165 642/778/642
f 160/783/160 639/784/639 1162/749/1162 627/748/627
f 160/783/160 627/748/627 1161/747/1161 642/785/642
f 160/783/160 642/785/642 1165/786/1165 635/787/635
f 160/783/160 635/787/635 1166/788/1166 639/784/639
f 161/789/161 644/790/644 1169/791/1169 643/792/643
f 161/789/161 643/792/643 1171/793/1171 646/794/646
f 161/789/161 646/794/646 1172/795/1172 645/796/645
f 161/789/161 645/796/645 1170/797/1170 644/790/644
f 162/798/162 646/794/646 1171/793/1171 648/799/648
f 162/798/162 648/799/648 1173/800/1173 647/801/647
f 162/798/162 647/801/647 1174/802/1174 649/803/649
f 162/798/162 649/803/649 1172/795/1172 646/794/646
f 163/804/163 647/801/647 1173/800/1173 651/805/651
f 163/804/163 651/805/651 1175/806/1175 650/807/650
f 163/804/163 650/807/650 1176/808/1176 652/809/652
f 163/804/163 652/809/652 1174/802/1174 647/801/647
f 164/810/164 650/807/650 1175/806/1175 654/811/654
f 164/810/164 654/811/654 1177/812/1177 653/813/653
f 164/810/164 653/813/653 1178/814/1178 655/815/655
f 164/810/164 655/815/655 1176/808/1176 650/807/650
f 165/816/165 653/813/653 1177/812/1177 657/817/657
f 165/816/165 657/817/657 1179/818/1179 656/819/656
f 165/816/165 656/819/656 1180/820/1180 658/821/658
f 165/816/165 658/821/658 1178/814/1178 653/813/653
f 166/822/166 656/819/656 1179/818/1179 660/823/660
f 166/822/166 660/823/660 1181/824/1181 659/825/659
f 166/822/166 659/825/659 1182/826/1182 661/827/661
f 166/822/166 661/827/661 1180/820/1180 656/819/656
f 167/828/167 659/829/659 1181/830/1181 663/831/663
f 167/828/167 663/831/663 1183/832/1183 662/833/662
f 167/828/167 662/833/662 1184/834/1184 664/835/664
f 167/828/167 664/835/664 1182/836/1182 659/829/659
f 168/837/168 662/838/662 1183/839/1183 666/840/666
f 168/837/168 666/840/666 1185/841/1185 665/842/665
f 168/837/168 665/842/665 1186/843/1186 667/844/667
f 168/837/168 667/844/667 1184/845/1184 662/838/662
f 169/846/169 665/842/665 1185/841/1185 669/847/669
f 169/846/169 669/847/669 1187/848/1187 668/849/668
f 169/846/169 668/849/668 1188/850/1188 670/851/670
f 169/846/169 670/851/670 1186/843/1186 665/842/665
f 170/852/170 668/849/668 1187/848/1187 672/853/672
f 170/852/170 672/853/672 1189/854/1189 671/855/671
f 170/852/170 671/855/671 1190/856/1190 673/857/673
f 170/852/170 673/857/673 1188/850/1188 668/849/668
f 171/858/171 671/855/671 1189/854/1189 675/859/675
f 171/858/171 675/859/675 1191/860/1191 674/861/674
f 171/858/171 674/861/674 1192/862/1192 676/863/676
f 171/858/171 676/863/676 1190/856/1190 671/855/671
f 172/864/172 674/861/674 1191/860/1191 678/865/678
f 172/864/172 678/865/678 1193/866/1193 677/867/677
f 172/864/172 677/867/677 1194/868/1194 679/869/679
f 172/864/172 679/869/679 1192/862/1192 674/861/674
f 173/870/173 677/867/677 1193/866/1193 681/871/681
f 173/870/173 681/871/681 1195/872/1195 680/873/680
f 173/870/173 680/873/680 1196/874/1196 682/875/682
f 173/870/173 682/875/682 1194/868/1194 677/867/677
f 174/876/174 680/873/680 1195/872/1195 684/877/684
f 174/876/174 684/877/684 1197/878/1197 683/879/683
f 174/876/174 683/879/683 1198/880/1198 685/881/685
f 174/876/174 685/881/685 1196/874/1196 680/873/680
f 175/882/175 683/883/683 1197/884/1197 687/885/687
f 175/882/175 687/885/687 1199/886/1199 686/887/686
f 175/882/175 686/887/686 1200/888/1200 688/889/688
f 175/882/175 688/889/688 1198/890/1198 683/883/683
f 176/891/176 978/892/978 1169/791/1169 644/790/644
f 176/891/176 644/790/644 1170/797/1170 979/893/979
f 176/891/176 979/893/979 1200/894/1200 686/895/686
f 176/891/176 686/895/686 1199/896/1199 978/892/978
f 177/897/177 931/898/931 1297/899/1297 871/900/871
f 177/897/177 871/900/871 1207/901/1207 694/902/694
f 177/897/177 694/902/694 1206/903/1206 705/904/705
f 177/897/177 705/904/705 1300/905/1300 931/898/931
f 178/906/178 929/907/929 1301/908/1301 875/909/875
f 178/906/178 875/909/875 1212/910/1212 699/911/699
f 178/906/178 699/911/699 1211/912/1211 707/913/707
f 178/906/178 707/913/707 1304/914/1304 929/907/929
f 179/915/179 927/916/927 1307/917/1307 880/918/880
f 179/915/179 880/918/880 1205/919/1205 692/920/692
f 179/915/179 692/920/692 1204/921/1204 709/922/709
f 179/915/179 709/922/709 1310/923/1310 927/916/927
f 180/924/180 925/925/925 1311/926/1311 884/927/884
f 180/924/180 884/927/884 1210/928/1210 697/929/697
f 180/924/180 697/929/697 1209/930/1209 711/931/711
f 180/924/180 711/931/711 1314/932/1314 925/925/925
f 181/933/181 923/934/923 1315/935/1315 888/936/888
f 181/933/181 888/936/888 1215/937/1215 702/938/702
f 181/933/181 702/938/702 1214/939/1214 713/940/713
f 181/933/181 713/940/713 1318/941/1318 923/934/923
f 182/942/182 921/943/921 1319/944/1319 892/945/892
f 182/942/182 892/945/892 1201/946/1201 980/947/980
f 182/942/182 980/947/980 1216/948/1216 981/949/981
f 182/942/182 981/949/981 1305/950/1305 921/943/921
f 183/951/183 920/952/920 1321/953/1321 894/954/894
f 183/951/183 894/954/894 1203/955/1203 690/956/690
f 183/951/183 690/956/690 1202/957/1202 716/958/716
f 183/951/183 716/958/716 1324/959/1324 920/952/920
f 184/960/184 918/961/918 1325/962/1325 898/963/898
f 184/960/184 898/963/898 1208/964/1208 695/965/695
f 184/960/184 695/965/695 1207/966/1207 871/967/871
f 184/960/184 871/967/871 1297/968/1297 918/961/918
f 185/969/185 916/970/916 1327/971/1327 900/972/900
f 185/969/185 900/972/900 1213/973/1213 700/974/700
f 185/969/185 700/974/700 1212/910/1212 875/909/875
f 185/969/185 875/909/875 1301/908/1301 916/970/916
f 186/975/186 914/976/914 1300/905/1300 705/904/705
f 186/975/186 705/904/705 1206/903/1206 693/977/693
f 186/975/186 693/977/693 1205/919/1205 880/918/880
f 186/975/186 880/918/880 1307/917/1307 914/976/914
f 187/978/187 912/979/912 1304/914/1304 707/913/707
f 187/978/187 707/913/707 1211/912/1211 698/980/698
f 187/978/187 698/980/698 1210/928/1210 884/927/884
f 187/978/187 884/927/884 1311/926/1311 912/979/912
f 188/981/188 991/982/991 1305/950/1305 981/949/981
f 188/981/188 981/949/981 1216/948/1216 703/983/703
f 188/981/188 703/983/703 1215/984/1215 888/985/888
f 188/981/188 888/985/888 1315/986/1315 991/982/991
f 189/987/189 909/988/909 1310/923/1310 709/922/709
f 189/987/189 709/922/709 1204/921/1204 691/989/691
f 189/987/189 691/989/691 1203/955/1203 894/954/894
f 189/987/189 894/954/894 1321/953/1321 909/988/909
f 190/990/190 907/991/907 1314/932/1314 711/931/711
f 190/990/190 711/931/711 1209/930/1209 696/992/696
f 190/990/190 696/992/696 1208/993/1208 898/994/898
f 190/990/190 898/994/898 1325/995/1325 907/991/907
f 191/996/191 905/997/905 1318/941/1318 713/940/713
f 191/996/191 713/940/713 1214/939/1214 701/998/701
f 191/996/191 701/998/701 1213/973/1213 900/972/900
f 191/996/191 900/972/900 1327/971/1327 905/997/905
f 192/999/192 903/1000/903 1324/959/1324 716/958/716
f 192/999/192 716/958/716 1202/957/1202 689/1001/689
f 192/999/192 689/1001/689 1201/946/1201 892/945/892
f 192/999/192 892/945/892 1319/944/1319 903/1000/903
f 193/1002/193 692/920/692 1205/919/1205 734/1003/734
f 193/1002/193 734/1003/734 1221/1004/1221 722/1005/722
f 193/1002/193 722/1005/722 1220/1006/1220 735/1007/735
f 193/1002/193 735/1007/735 1204/921/1204 692/920/692
f 194/1008/194 700/974/700 1213/973/1213 736/1009/736
f 194/1008/194 736/1009/736 1229/1010/1229 730/1011/730
f 194/1008/194 730/1011/730 1228/1012/1228 737/1013/737
f 194/1008/194 737/1013/737 1212/910/1212 700/974/700
f 195/1014/195 693/977/693 1206/903/1206 738/1015/738
f 195/1014/195 738/1015/738 1222/1016/1222 723/1017/723
f 195/1014/195 723/1017/723 1221/1004/1221 734/1003/734
f 195/1014/195 734/1003/734 1205/919/1205 693/977/693
f 196/1018/196 701/998/701 1214/939/1214 739/1019/739
f 196/1018/196 739/1019/739 1230/1020/1230 731/1021/731
f 196/1018/196 731/1021/731 1229/1010/1229 736/1009/736
f 196/1018/196 736/1009/736 1213/973/1213 701/998/701
f 197/1022/197 694/902/694 1207/901/1207 740/1023/740
f 197/1022/197 740/1023/740 1223/1024/1223 724/1025/724
f 197/1022/197 724/1025/724 1222/1016/1222 738/1015/738
f 197/1022/197 738/1015/738 1206/903/1206 694/902/694
f 198/1026/198 702/938/702 1215/937/1215 741/1027/741
f 198/1026/198 741/1027/741 1231/1028/1231 732/1029/732
f 198/1026/198 732/1029/732 1230/1020/1230 739/1019/739
f 198/1026/198 739/1019/739 1214/939/1214 702/938/702
f 199/1030/199 695/965/695 1208/964/1208 742/1031/742
f 199/1030/199 742/1031/742 1224/1032/1224 725/1033/725
f 199/1030/199 725/1033/725 1223/1034/1223 740/1035/740
f 199/1030/199 740/1035/740 1207/966/1207 695/965/695
f 200/1036/200 703/983/703 1216/948/1216 983/1037/983
f 200/1036/200 983/1037/983 1232/1038/1232 982/1039/982
f 200/1036/200 982/1039/982 1231/1040/1231 741/1041/741
f 200/1036/200 741/1041/741 1215/984/1215 703/983/703
f 201/1042/201 696/992/696 1209/930/1209 743/1043/743
f 201/1042/201 743/1043/743 1225/1044/1225 726/1045/726
f 201/1042/201 726/1045/726 1224/1046/1224 742/1047/742
f 201/1042/201 742/1047/742 1208/993/1208 696/992/696
f 202/1048/202 689/1001/689 1202/957/1202 744/1049/744
f 202/1048/202 744/1049/744 1218/1050/1218 719/1051/719
f 202/1048/202 719/1051/719 1217/1052/1217 745/1053/745
f 202/1048/202 745/1053/745 1201/946/1201 689/1001/689
f 203/1054/203 697/929/697 1210/928/1210 746/1055/746
f 203/1054/203 746/1055/746 1226/1056/1226 727/1057/727
f 203/1054/203 727/1057/727 1225/1044/1225 743/1043/743
f 203/1054/203 743/1043/743 1209/930/1209 697/929/697
f 204/1058/204 690/956/690 1203/955/1203 747/1059/747
f 204/1058/204 747/1059/747 1219/1060/1219 720/1061/720
f 204/1058/204 720/1061/720 1218/1050/1218 744/1049/744
f 204/1058/204 744/1049/744 1202/957/1202 690/956/690
f 205/1062/205 980/947/980 1201/946/1201 745/1053/745
f 205/1062/205 745/1053/745 1217/1052/1217 733/1063/733
f 205/1062/205 733/1063/733 1232/1038/1232 983/1037/983
f 205/1062/205 983/1037/983 1216/948/1216 980/947/980
f 206/1064/206 698/980/698 1211/912/1211 748/1065/748
f 206/1064/206 748/1065/748 1227/1066/1227 728/1067/728
f 206/1064/206 728/1067/728 1226/1056/1226 746/1055/746
f 206/1064/206 746/1055/746 1210/928/1210 698/980/698
f 207/1068/207 691/989/691 1204/921/1204 735/1007/735
f 207/1068/207 735/1007/735 1220/1006/1220 721/1069/721
f 207/1068/207 721/1069/721 1219/1060/1219 747/1059/747
f 207/1068/207 747/1059/747 1203/955/1203 691/989/691
f 208/1070/208 699/911/699 1212/910/1212 737/1013/737
f 208/1070/208 737/1013/737 1228/1012/1228 729/1071/729
f 208/1070/208 729/1071/729 1227/1066/1227 748/1065/748
f 208/1070/208 748/1065/748 1211/912/1211 699/911/699
f 209/1072/209 725/1033/725 1224/1032/1224 764/1073/764
f 209/1072/209 764/1073/764 1240/1074/1240 755/1075/755
f 209/1072/209 755/1075/755 1239/1076/1239 765/1077/765
f 209/1072/209 765/1077/765 1223/1034/1223 725/1033/725
f 210/1078/210 982/1039/982 1232/1038/1232 770/1079/770
f 210/1078/210 770/1079/770 1248/1080/1248 984/1081/984
f 210/1078/210 984/1081/984 1247/1082/1247 766/1083/766
f 210/1078/210 766/1083/766 1231/1040/1231 982/1039/982
f 211/1084/211 726/1045/726 1225/1044/1225 767/1085/767
f 211/1084/211 767/1085/767 1241/1086/1241 756/1087/756
f 211/1084/211 756/1087/756 1240/1088/1240 764/1089/764
f 211/1084/211 764/1089/764 1224/1046/1224 726/1045/726
f 212/1090/212 719/1051/719 1218/1050/1218 768/1091/768
f 212/1090/212 768/1091/768 1234/1092/1234 749/1093/749
f 212/1090/212 749/1093/749 1233/1094/1233 769/1095/769
f 212/1090/212 769/1095/769 1217/1052/1217 719/1051/719
f 213/1096/213 727/1057/727 1226/1056/1226 771/1097/771
f 213/1096/213 771/1097/771 1242/1098/1242 757/1099/757
f 213/1096/213 757/1099/757 1241/1086/1241 767/1085/767
f 213/1096/213 767/1085/767 1225/1044/1225 727/1057/727
f 214/1100/214 720/1061/720 1219/1060/1219 772/1101/772
f 214/1100/214 772/1101/772 1235/1102/1235 750/1103/750
f 214/1100/214 750/1103/750 1234/1092/1234 768/1091/768
f 214/1100/214 768/1091/768 1218/1050/1218 720/1061/720
f 215/1104/215 733/1063/733 1217/1052/1217 769/1095/769
f 215/1104/215 769/1095/769 1233/1094/1233 763/1105/763
f 215/1104/215 763/1105/763 1248/1080/1248 770/1079/770
f 215/1104/215 770/1079/770 1232/1038/1232 733/1063/733
f 216/1106/216 728/1067/728 1227/1066/1227 773/1107/773
f 216/1106/216 773/1107/773 1243/1108/1243 758/1109/758
f 216/1106/216 758/1109/758 1242/1098/1242 771/1097/771
f 216/1106/216 771/1097/771 1226/1056/1226 728/1067/728
f 217/1110/217 721/1069/721 1220/1006/1220 774/1111/774
f 217/1110/217 774/1111/774 1236/1112/1236 751/1113/751
f 217/1110/217 751/1113/751 1235/1102/1235 772/1101/772
f 217/1110/217 772/1101/772 1219/1060/1219 721/1069/721
f 218/1114/218 729/1071/729 1228/1012/1228 775/1115/775
f 218/1114/218 775/1115/775 1244/1116/1244 759/1117/759
f 218/1114/218 759/1117/759 1243/1108/1243 773/1107/773
f 218/1114/218 773/1107/773 1227/1066/1227 729/1071/729
f 219/1118/219 722/1005/722 1221/1004/1221 776/1119/776
f 219/1118/219 776/1119/776 1237/1120/1237 752/1121/752
f 219/1118/219 752/1121/752 1236/1112/1236 774/1111/774
f 219/1118/219 774/1111/774 1220/1006/1220 722/1005/722
f 220/1122/220 730/1011/730 1229/1010/1229 777/1123/777
f 220/1122/220 777/1123/777 1245/1124/1245 760/1125/760
f 220/1122/220 760/1125/760 1244/1116/1244 775/1115/775
f 220/1122/220 775/1115/775 1228/1012/1228 730/1011/730
f 221/1126/221 723/1017/723 1222/1016/1222 778/1127/778
f 221/1126/221 778/1127/778 1238/1128/1238 753/1129/753
f 221/1126/221 753/1129/753 1237/1120/1237 776/1119/776
f 221/1126/221 776/1119/776 1221/1004/1221 723/1017/723
f 222/1130/222 731/1021/731 1230/1020/1230 779/1131/779
f 222/1130/222 779/1131/779 1246/1132/1246 761/1133/761
f 222/1130/222 761/1133/761 1245/1124/1245 777/1123/777
f 222/1130/222 777/1123/777 1229/1010/1229 731/1021/731
f 223/1134/223 724/1025/724 1223/1024/1223 765/1135/765
f 223/1134/223 765/1135/765 1239/1136/1239 754/1137/754
f 223/1134/223 754/1137/754 1238/1128/1238 778/1127/778
f 223/1134/223 778/1127/778 1222/1016/1222 724/1025/724
f 224/1138/224 732/1029/732 1231/1028/1231 766/1139/766
f 224/1138/224 766/1139/766 1247/1140/1247 762/1141/762
f 224/1138/224 762/1141/762 1246/1132/1246 779/1131/779
f 224/1138/224 779/1131/779 1230/1020/1230 732/1029/732
f 225/1142/225 758/1109/758 1243/1108/1243 795/1143/795
f 225/1142/225 795/1143/795 1259/1144/1259 789/1145/789
f 225/1142/225 789/1145/789 1258/1146/1258 796/1147/796
f 225/1142/225 796/1147/796 1242/1098/1242 758/1109/758
f 226/1148/226 751/1113/751 1236/1112/1236 797/1149/797
f 226/1148/226 797/1149/797 1252/1150/1252 782/1151/782
f 226/1148/226 782/1151/782 1251/1152/1251 798/1153/798
f 226/1148/226 798/1153/798 1235/1102/1235 751/1113/751
f 227/1154/227 759/1117/759 1244/1116/1244 799/1155/799
f 227/1154/227 799/1155/799 1260/1156/1260 790/1157/790
f 227/1154/227 790/1157/790 1259/1144/1259 795/1143/795
f 227/1154/227 795/1143/795 1243/1108/1243 759/1117/759
f 228/1158/228 752/1121/752 1237/1120/1237 800/1159/800
f 228/1158/228 800/1159/800 1253/1160/1253 783/1161/783
f 228/1158/228 783/1161/783 1252/1150/1252 797/1149/797
f 228/1158/228 797/1149/797 1236/1112/1236 752/1121/752
f 229/1162/229 760/1125/760 1245/1124/1245 801/1163/801
f 229/1162/229 801/1163/801 1261/1164/1261 791/1165/791
f 229/1162/229 791/1165/791 1260/1156/1260 799/1155/799
f 229/1162/229 799/1155/799 1244/1116/1244 760/1125/760
f 230/1166/230 753/1129/753 1238/1128/1238 802/1167/802
f 230/1166/230 802/1167/802 1254/1168/1254 784/1169/784
f 230/1166/230 784/1169/784 1253/1160/1253 800/1159/800
f 230/1166/230 800/1159/800 1237/1120/1237 753/1129/753
f 231/1170/231 761/1133/761 1246/1132/1246 803/1171/803
f 231/1170/231 803/1171/803 1262/1172/1262 792/1173/792
f 231/1170/231 792/1173/792 1261/1164/1261 801/1163/801
f 231/1170/231 801/1163/801 1245/1124/1245 761/1133/761
f 232/1174/232 754/1137/754 1239/1136/1239 804/1175/804
f 232/1174/232 804/1175/804 1255/1176/1255 785/1177/785
f 232/1174/232 785/1177/785 1254/1168/1254 802/1167/802
f 232/1174/232 802/1167/802 1238/1128/1238 754/1137/754
f 233/1178/233 762/1141/762 1247/1140/1247 805/1179/805
f 233/1178/233 805/1179/805 1263/1180/1263 793/1181/793
f 233/1178/233 793/1181/793 1262/1172/1262 803/1171/803
f 233/1178/233 803/1171/803 1246/1132/1246 762/1141/762
f 234/1182/234 755/1075/755 1240/1074/1240 806/1183/806
f 234/1182/234 806/1183/806 1256/1184/1256 786/1185/786
f 234/1182/234 786/1185/786 1255/1186/1255 804/1187/804
f 234/1182/234 804/1187/804 1239/1076/1239 755/1075/755
f 235/1188/235 984/1081/984 1248/1080/1248 986/1189/986
f 235/1188/235 986/1189/986 1264/1190/1264 794/1191/794
f 235/1188/235 794/1191/794 1263/1192/1263 805/1193/805
f 235/1188/235 805/1193/805 1247/1082/1247 984/1081/984
f 236/1194/236 756/1087/756 1241/1086/1241 807/1195/807
f 236/1194/236 807/1195/807 1257/1196/1257 787/1197/787
f 236/1194/236 787/1197/787 1256/1198/1256 806/1199/806
f 236/1194/236 806/1199/806 1240/1088/1240 756/1087/756
f 237/1200/237 749/1093/749 1234/1092/1234 808/1201/808
f 237/1200/237 808/1201/808 1250/1202/1250 780/1203/780
f 237/1200/237 780/1203/780 1249/1204/1249 809/1205/809
f 237/1200/237 809/1205/809 1233/1094/1233 749/1093/749
f 238/1206/238 757/1099/757 1242/1098/1242 796/1147/796
f 238/1206/238 796/1147/796 1258/1146/1258 788/1207/788
f 238/1206/238 788/1207/788 1257/1196/1257 807/1195/807
f 238/1206/238 807/1195/807 1241/1086/1241 757/1099/757
f 239/1208/239 750/1103/750 1235/1102/1235 798/1153/798
f 239/1208/239 798/1153/798 1251/1152/1251 781/1209/781
f 239/1208/239 781/1209/781 1250/1202/1250 808/1201/808
f 239/1208/239 808/1201/808 1234/1092/1234 750/1103/750
f 240/1210/240 763/1105/763 1233/1094/1233 809/1205/809
f 240/1210/240 809/1205/809 1249/1204/1249 985/1211/985
f 240/1210/240 985/1211/985 1264/1190/1264 986/1189/986
f 240/1210/240 986/1189/986 1248/1080/1248 763/1105/763
f 241/1212/241 792/1173/792 1262/1172/1262 825/1213/825
f 241/1212/241 825/1213/825 1278/1214/1278 822/1215/822
f 241/1212/241 822/1215/822 1277/1216/1277 826/1217/826
f 241/1212/241 826/1217/826 1261/1164/1261 792/1173/792
f 242/1218/242 785/1177/785 1255/1176/1255 827/1219/827
f 242/1218/242 827/1219/827 1271/1220/1271 815/1221/815
f 242/1218/242 815/1221/815 1270/1222/1270 828/1223/828
f 242/1218/242 828/1223/828 1254/1168/1254 785/1177/785
f 243/1224/243 793/1181/793 1263/1180/1263 829/1225/829
f 243/1224/243 829/1225/829 1279/1226/1279 823/1227/823
f 243/1224/243 823/1227/823 1278/1214/1278 825/1213/825
f 243/1224/243 825/1213/825 1262/1172/1262 793/1181/793
f 244/1228/244 786/1185/786 1256/1184/1256 830/1229/830
f 244/1228/244 830/1229/830 1272/1230/1272 816/1231/816
f 244/1228/244 816/1231/816 1271/1232/1271 827/1233/827
f 244/1228/244 827/1233/827 1255/1186/1255 786/1185/786
f 245/1234/245 794/1191/794 1264/1190/1264 831/1235/831
f 245/1234/245 831/1235/831 1280/1236/1280 824/1237/824
f 245/1234/245 824/1237/824 1279/1238/1279 829/1239/829
f 245/1234/245 829/1239/829 1263/1192/1263 794/1191/794
f 246/1240/246 787/1197/787 1257/1196/1257 832/1241/832
f 246/1240/246 832/1241/832 1273/1242/1273 817/1243/817
f 246/1240/246 817/1243/817 1272/1244/1272 830/1245/830
f 246/1240/246 830/1245/830 1256/1198/1256 787/1197/787
f 247/1246/247 780/1203/780 1250/1202/1250 833/1247/833
f 247/1246/247 833/1247/833 1266/1248/1266 810/1249/810
f 247/1246/247 810/1249/810 1265/1250/1265 834/1251/834
f 247/1246/247 834/1251/834 1249/1204/1249 780/1203/780
f 248/1252/248 788/1207/788 1258/1146/1258 835/1253/835
f 248/1252/248 835/1253/835 1274/1254/1274 818/1255/818
f 248/1252/248 818/1255/818 1273/1242/1273 832/1241/832
f 248/1252/248 832/1241/832 1257/1196/1257 788/1207/788
f 249/1256/249 781/1209/781 1251/1152/1251 836/1257/836
f 249/1256/249 836/1257/836 1267/1258/1267 811/1259/811
f 249/1256/249 811/1259/811 1266/1248/1266 833/1247/833
f 249/1256/249 833/1247/833 1250/1202/1250 781/1209/781
f 250/1260/250 985/1211/985 1249/1204/1249 834/1251/834
f 250/1260/250 834/1251/834 1265/1250/1265 987/1261/987
f 250/1260/250 987/1261/987 1280/1236/1280 831/1235/831
f 250/1260/250 831/1235/831 1264/1190/1264 985/1211/985
f 251/1262/251 789/1145/789 1259/1144/1259 837/1263/837
f 251/1262/251 837/1263/837 1275/1264/1275 819/1265/819
f 251/1262/251 819/1265/819 1274/1254/1274 835/1253/835
f 251/1262/251 835/1253/835 1258/1146/1258 789/1145/789
f 252/1266/252 782/1151/782 1252/1150/1252 838/1267/838
f 252/1266/252 838/1267/838 1268/1268/1268 812/1269/812
f 252/1266/252 812/1269/812 1267/1258/1267 836/1257/836
f 252/1266/252 836/1257/836 1251/1152/1251 782/1151/782
f 253/1270/253 790/1157/790 1260/1156/1260 839/1271/839
f 253/1270/253 839/1271/839 1276/1272/1276 820/1273/820
f 253/1270/253 820/1273/820 1275/1264/1275 837/1263/837
f 253/1270/253 837/1263/837 1259/1144/1259 790/1157/790
f 254/1274/254 783/1161/783 1253/1160/1253 840/1275/840
f 254/1274/254 840/1275/840 1269/1276/1269 813/1277/813
f 254/1274/254 813/1277/813 1268/1268/1268 838/1267/838
f 254/1274/254 838/1267/838 1252/1150/1252 783/1161/783
f 255/1278/255 791/1165/791 1261/1164/1261 826/1217/826
f 255/1278/255 826/1217/826 1277/1216/1277 821/1279/821
f 255/1278/255 821/1279/821 1276/1272/1276 839/1271/839
f 255/1278/255 839/1271/839 1260/1156/1260 791/1165/791
f 256/1280/256 784/1169/784 1254/1168/1254 828/1223/828
f 256/1280/256 828/1223/828 1270/1222/1270 814/1281/814
f 256/1280/256 814/1281/814 1269/1276/1269 840/1275/840
f 256/1280/256 840/1275/840 1253/1160/1253 784/1169/784
f 257/1282/257 821/1279/821 1277/1216/1277 856/1283/856
f 257/1282/257 856/1283/856 1293/1284/1293 852/1285/852
f 257/1282/257 852/1285/852 1292/1286/1292 857/1287/857
f 257/1282/257 857/1287/857 1276/1272/1276 821/1279/821
f 258/1288/258 814/1281/814 1270/1222/1270 858/1289/858
f 258/1288/258 858/1289/858 1286/1290/1286 845/1291/845
f 258/1288/258 845/1291/845 1285/1292/1285 859/1293/859
f 258/1288/258 859/1293/859 1269/1276/1269 814/1281/814
f 259/1294/259 822/1215/822 1278/1214/1278 860/1295/860
f 259/1294/259 860/1295/860 1294/1296/1294 853/1297/853
f 259/1294/259 853/1297/853 1293/1284/1293 856/1283/856
f 259/1294/259 856/1283/856 1277/1216/1277 822/1215/822
f 260/1298/260 815/1221/815 1271/1220/1271 861/1299/861
f 260/1298/260 861/1299/861 1287/1300/1287 846/1301/846
f 260/1298/260 846/1301/846 1286/1290/1286 858/1289/858
f 260/1298/260 858/1289/858 1270/1222/1270 815/1221/815
f 261/1302/261 823/1227/823 1279/1226/1279 862/1303/862
f 261/1302/261 862/1303/862 1295/1304/1295 854/1305/854
f 261/1302/261 854/1305/854 1294/1296/1294 860/1295/860
f 261/1302/261 860/1295/860 1278/1214/1278 823/1227/823
f 262/1306/262 816/1231/816 1272/1230/1272 863/1307/863
f 262/1306/262 863/1307/863 1288/1308/1288 847/1309/847
f 262/1306/262 847/1309/847 1287/1310/1287 861/1311/861
f 262/1306/262 861/1311/861 1271/1232/1271 816/1231/816
f 263/1312/263 824/1237/824 1280/1236/1280 989/1313/989
f 263/1312/263 989/1313/989 1296/1314/1296 988/1315/988
f 263/1312/263 988/1315/988 1295/1316/1295 862/1317/862
f 263/1312/263 862/1317/862 1279/1238/1279 824/1237/824
f 264/1318/264 817/1243/817 1273/1242/1273 864/1319/864
f 264/1318/264 864/1319/864 1289/1320/1289 848/1321/848
f 264/1318/264 848/1321/848 1288/1322/1288 863/1323/863
f 264/1318/264 863/1323/863 1272/1244/1272 817/1243/817
f 265/1324/265 810/1249/810 1266/1248/1266 865/1325/865
f 265/1324/265 865/1325/865 1282/1326/1282 841/1327/841
f 265/1324/265 841/1327/841 1281/1328/1281 866/1329/866
f 265/1324/265 866/1329/866 1265/1250/1265 810/1249/810
f 266/1330/266 818/1255/818 1274/1254/1274 867/1331/867
f 266/1330/266 867/1331/867 1290/1332/1290 849/1333/849
f 266/1330/266 849/1333/849 1289/1320/1289 864/1319/864
f 266/1330/266 864/1319/864 1273/1242/1273 818/1255/818
f 267/1334/267 811/1259/811 1267/1258/1267 868/1335/868
f 267/1334/267 868/1335/868 1283/1336/1283 842/1337/842
f 267/1334/267 842/1337/842 1282/1326/1282 865/1325/865
f 267/1334/267 865/1325/865 1266/1248/1266 811/1259/811
f 268/1338/268 987/1261/987 1265/1250/1265 866/1329/866
f 268/1338/268 866/1329/866 1281/1328/1281 855/1339/855
f 268/1338/268 855/1339/855 1296/1314/1296 989/1313/989
f 268/1338/268 989/1313/989 1280/1236/1280 987/1261/987
f 269/1340/269 819/1265/819 1275/1264/1275 869/1341/869
f 269/1340/269 869/1341/869 1291/1342/1291 850/1343/850
f 269/1340/269 850/1343/850 1290/1332/1290 867/1331/867
f 269/1340/269 867/1331/867 1274/1254/1274 819/1265/819
f 270/1344/270 812/1269/812 1268/1268/1268 870/1345/870
f 270/1344/270 870/1345/870 1284/1346/1284 843/1347/843
f 270/1344/270 843/1347/843 1283/1336/1283 868/1335/868
f 270/1344/270 868/1335/868 1267/1258/1267 812/1269/812
f 271/1348/271 820/1273/820 1276/1272/1276 857/1287/857
f 271/1348/271 857/1287/857 1292/1286/1292 851/1349/851
f 271/1348/271 851/1349/851 1291/1342/1291 869/1341/869
f 271/1348/271 869/1341/869 1275/1264/1275 820/1273/820
f 272/1350/272 813/1277/813 1269/1276/1269 859/1293/859
f 272/1350/272 859/1293/859 1285/1292/1285 844/1351/844
f 272/1350/272 844/1351/844 1284/1346/1284 870/1345/870
f 272/1350/272 870/1345/870 1268/1268/1268 813/1277/813
f 273/1352/273 645/796/645 1172/795/1172 896/1353/896
f 273/1352/273 896/1353/896 1323/1354/1323 902/1355/902
f 273/1352/273 902/1355/902 1320/1356/1320 714/1357/714
f 273/1352/273 714/1357/714 1170/797/1170 645/796/645
f 274/1358/274 902/1355/902 1323/1354/1323 897/1359/897
f 274/1358/274 897/1359/897 1324/959/1324 903/1000/903
f 274/1358/274 903/1000/903 1319/944/1319 893/1360/893
f 274/1358/274 893/1360/893 1320/1356/1320 902/1355/902
f 275/1361/275 682/875/682 1196/874/1196 890/1362/890
f 275/1361/275 890/1362/890 1317/1363/1317 904/1364/904
f 275/1361/275 904/1364/904 1328/1365/1328 718/1366/718
f 275/1361/275 718/1366/718 1194/868/1194 682/875/682
f 276/1367/276 904/1364/904 1317/1363/1317 891/1368/891
f 276/1367/276 891/1368/891 1318/941/1318 905/997/905
f 276/1367/276 905/997/905 1327/971/1327 901/1369/901
f 276/1367/276 901/1369/901 1328/1365/1328 904/1364/904
f 277/1370/277 667/844/667 1186/843/1186 886/1371/886
f 277/1370/277 886/1371/886 1313/1372/1313 906/1373/906
f 277/1370/277 906/1373/906 1326/1374/1326 717/1375/717
f 277/1370/277 717/1375/717 1184/845/1184 667/844/667
f 278/1376/278 906/1373/906 1313/1372/1313 887/1377/887
f 278/1376/278 887/1377/887 1314/932/1314 907/991/907
f 278/1376/278 907/991/907 1325/995/1325 899/1378/899
f 278/1376/278 899/1378/899 1326/1374/1326 906/1373/906
f 279/1379/279 652/809/652 1176/808/1176 882/1380/882
f 279/1379/279 882/1380/882 1309/1381/1309 908/1382/908
f 279/1379/279 908/1382/908 1322/1383/1322 715/1384/715
f 279/1379/279 715/1384/715 1174/802/1174 652/809/652
f 280/1385/280 908/1382/908 1309/1381/1309 883/1386/883
f 280/1385/280 883/1386/883 1310/923/1310 909/988/909
f 280/1385/280 909/988/909 1321/953/1321 895/1387/895
f 280/1385/280 895/1387/895 1322/1383/1322 908/1382/908
f 281/1388/281 688/1389/688 1200/894/1200 879/1390/879
f 281/1388/281 879/1390/879 1306/1391/1306 910/1392/910
f 281/1388/281 910/1392/910 1316/1393/1316 712/1394/712
f 281/1388/281 712/1394/712 1198/1395/1198 688/1389/688
f 282/1396/282 910/1392/910 1306/1391/1306 990/1397/990
f 282/1396/282 990/1397/990 1305/950/1305 991/982/991
f 282/1396/282 991/982/991 1315/986/1315 889/1398/889
f 282/1396/282 889/1398/889 1316/1393/1316 910/1392/910
f 283/1399/283 673/857/673 1190/856/1190 877/1400/877
f 283/1399/283 877/1400/877 1303/1401/1303 911/1402/911
f 283/1399/283 911/1402/911 1312/1403/1312 710/1404/710
f 283/1399/283 710/1404/710 1188/850/1188 673/857/673
f 284/1405/284 912/1406/912 1311/1407/1311 937/1408/937
f 284/1405/284 937/1408/937 1331/1409/1331 935/1410/935
f 284/1405/284 935/1410/935 1330/1411/1330 936/1412/936
f 284/1405/284 936/1412/936 1304/1413/1304 912/1406/912
f 285/1414/285 658/821/658 1180/820/1180 873/1415/873
f 285/1414/285 873/1415/873 1299/1416/1299 913/1417/913
f 285/1414/285 913/1417/913 1308/1418/1308 708/1419/708
f 285/1414/285 708/1419/708 1178/814/1178 658/821/658
f 286/1420/286 913/1417/913 1299/1416/1299 874/1421/874
f 286/1420/286 874/1421/874 1300/905/1300 914/976/914
f 286/1420/286 914/976/914 1307/917/1307 881/1422/881
f 286/1420/286 881/1422/881 1308/1418/1308 913/1417/913
f 287/1423/287 679/869/679 1194/868/1194 718/1366/718
f 287/1423/287 718/1366/718 1328/1365/1328 915/1424/915
f 287/1423/287 915/1424/915 1302/1425/1302 706/1426/706
f 287/1423/287 706/1426/706 1192/862/1192 679/869/679
f 288/1427/288 915/1424/915 1328/1365/1328 901/1369/901
f 288/1427/288 901/1369/901 1327/971/1327 916/970/916
f 288/1427/288 916/970/916 1301/908/1301 876/1428/876
f 288/1427/288 876/1428/876 1302/1425/1302 915/1424/915
f 289/1429/289 664/835/664 1184/834/1184 717/1430/717
f 289/1429/289 717/1430/717 1326/1431/1326 917/1432/917
f 289/1429/289 917/1432/917 1298/1433/1298 704/1434/704
f 289/1429/289 704/1434/704 1182/836/1182 664/835/664
f 290/1435/290 917/1432/917 1326/1431/1326 899/1436/899
f 290/1435/290 899/1436/899 1325/962/1325 918/961/918
f 290/1435/290 918/961/918 1297/968/1297 872/1437/872
f 290/1435/290 872/1437/872 1298/1433/1298 917/1432/917
f 291/1438/291 649/803/649 1174/802/1174 715/1384/715
f 291/1438/291 715/1384/715 1322/1383/1322 919/1439/919
f 291/1438/291 919/1439/919 1323/1354/1323 896/1353/896
f 291/1438/291 896/1353/896 1172/795/1172 649/803/649
f 292/1440/292 919/1439/919 1322/1383/1322 895/1387/895
f 292/1440/292 895/1387/895 1321/953/1321 920/952/920
f 292/1440/292 920/952/920 1324/959/1324 897/1359/897
f 292/1440/292 897/1359/897 1323/1354/1323 919/1439/919
f 293/1441/293 979/893/979 1170/797/1170 714/1357/714
f 293/1441/293 714/1357/714 1320/1356/1320 992/1442/992
f 293/1441/293 992/1442/992 1306/1391/1306 879/1390/879
f 293/1441/293 879/1390/879 1200/894/1200 979/893/979
f 294/1443/294 992/1442/992 1320/1356/1320 893/1360/893
f 294/1443/294 893/1360/893 1319/944/1319 921/943/921
f 294/1443/294 921/943/921 1305/950/1305 990/1397/990
f 294/1443/294 990/1397/990 1306/1391/1306 992/1442/992
f 295/1444/295 685/881/685 1198/880/1198 712/1445/712
f 295/1444/295 712/1445/712 1316/1446/1316 922/1447/922
f 295/1444/295 922/1447/922 1317/1363/1317 890/1362/890
f 295/1444/295 890/1362/890 1196/874/1196 685/881/685
f 296/1448/296 922/1447/922 1316/1446/1316 889/1449/889
f 296/1448/296 889/1449/889 1315/935/1315 923/934/923
f 296/1448/296 923/934/923 1318/941/1318 891/1368/891
f 296/1448/296 891/1368/891 1317/1363/1317 922/1447/922
f 297/1450/297 670/851/670 1188/850/1188 710/1404/710
f 297/1450/297 710/1404/710 1312/1403/1312 924/1451/924
f 297/1450/297 924/1451/924 1313/1372/1313 886/1371/886
f 297/1450/297 886/1371/886 1186/843/1186 670/851/670
f 298/1452/298 924/1451/924 1312/1403/1312 885/1453/885
f 298/1452/298 885/1453/885 1311/926/1311 925/925/925
f 298/1452/298 925/925/925 1314/932/1314 887/1377/887
f 298/1452/298 887/1377/887 1313/1372/1313 924/1451/924
f 299/1454/299 655/815/655 1178/814/1178 708/1419/708
f 299/1454/299 708/1419/708 1308/1418/1308 926/1455/926
f 299/1454/299 926/1455/926 1309/1381/1309 882/1380/882
f 299/1454/299 882/1380/882 1176/808/1176 655/815/655
f 300/1456/300 926/1455/926 1308/1418/1308 881/1422/881
f 300/1456/300 881/1422/881 1307/917/1307 927/916/927
f 300/1456/300 927/916/927 1310/923/1310 883/1386/883
f 300/1456/300 883/1386/883 1309/1381/1309 926/1455/926
f 301/1457/301 676/863/676 1192/862/1192 706/1426/706
f 301/1457/301 706/1426/706 1302/1425/1302 928/1458/928
f 301/1457/301 928/1458/928 1303/1401/1303 877/1400/877
f 301/1457/301 877/1400/877 1190/856/1190 676/863/676
f 302/1459/302 928/1458/928 1302/1425/1302 876/1428/876
f 302/1459/302 876/1428/876 1301/908/1301 929/907/929
f 302/1459/302 929/907/929 1304/914/1304 878/1460/878
f 302/1459/302 878/1460/878 1303/1401/1303 928/1458/928
f 303/1461/303 661/827/661 1182/826/1182 704/1462/704
f 303/1461/303 704/1462/704 1298/1463/1298 930/1464/930
f 303/1461/303 930/1464/930 1299/1416/1299 873/1415/873
f 303/1461/303 873/1415/873 1180/820/1180 661/827/661
f 304/1465/304 930/1464/930 1298/1463/1298 872/1466/872
f 304/1465/304 872/1466/872 1297/899/1297 931/898/931
f 304/1465/304 931/898/931 1300/905/1300 874/1421/874
f 304/1465/304 874/1421/874 1299/1416/1299 930/1464/930
f 305/1467/305 934/1468/934 1329/1469/1329 945/1470/945
f 305/1467/305 945/1470/945 1333/1471/1333 942/1472/942
f 305/1467/305 942/1472/942 1336/1473/1336 944/1474/944
f 305/1467/305 944/1474/944 1332/1475/1332 934/1468/934
f 306/1476/306 885/1453/885 1312/1403/1312 938/1477/938
f 306/1476/306 938/1477/938 1332/1478/1332 933/1479/933
f 306/1476/306 933/1479/933 1331/1480/1331 937/1481/937
f 306/1476/306 937/1481/937 1311/926/1311 885/1453/885
f 307/1482/307 911/1483/911 1303/1484/1303 939/1485/939
f 307/1482/307 939/1485/939 1329/1469/1329 934/1468/934
f 307/1482/307 934/1468/934 1332/1475/1332 938/1486/938
f 307/1482/307 938/1486/938 1312/1487/1312 911/1483/911
f 308/1488/308 878/1489/878 1304/1490/1304 936/1491/936
f 308/1488/308 936/1491/936 1330/1492/1330 932/1493/932
f 308/1488/308 932/1493/932 1329/1494/1329 939/1495/939
f 308/1488/308 939/1495/939 1303/1496/1303 878/1489/878
f 309/1497/309 942/1472/942 1333/1471/1333 953/1498/953
f 309/1497/309 953/1498/953 1337/1499/1337 950/1500/950
f 309/1497/309 950/1500/950 1340/1501/1340 952/1502/952
f 309/1497/309 952/1502/952 1336/1473/1336 942/1472/942
f 310/1503/310 932/1493/932 1330/1492/1330 946/1504/946
f 310/1503/310 946/1504/946 1334/1505/1334 940/1506/940
f 310/1503/310 940/1506/940 1333/1507/1333 945/1508/945
f 310/1503/310 945/1508/945 1329/1494/1329 932/1493/932
f 311/1509/311 935/1410/935 1331/1409/1331 947/1510/947
f 311/1509/311 947/1510/947 1335/1511/1335 943/1512/943
f 311/1509/311 943/1512/943 1334/1513/1334 946/1514/946
f 311/1509/311 946/1514/946 1330/1411/1330 935/1410/935
f 312/1515/312 933/1479/933 1332/1478/1332 944/1516/944
f 312/1515/312 944/1516/944 1336/1517/1336 941/1518/941
f 312/1515/312 941/1518/941 1335/1519/1335 947/1520/947
f 312/1515/312 947/1520/947 1331/1480/1331 933/1479/933
f 313/1521/313 951/1522/951 1339/1523/1339 961/1524/961
f 313/1521/313 961/1524/961 1343/1525/1343 959/1526/959
f 313/1521/313 959/1526/959 1342/1527/1342 960/1528/960
f 313/1521/313 960/1528/960 1338/1529/1338 951/1522/951
f 314/1530/314 940/1506/940 1334/1505/1334 954/1531/954
f 314/1530/314 954/1531/954 1338/1532/1338 948/1533/948
f 314/1530/314 948/1533/948 1337/1534/1337 953/1535/953
f 314/1530/314 953/1535/953 1333/1507/1333 940/1506/940
f 315/1536/315 943/1512/943 1335/1511/1335 955/1537/955
f 315/1536/315 955/1537/955 1339/1523/1339 951/1522/951
f 315/1536/315 951/1522/951 1338/1529/1338 954/1538/954
f 315/1536/315 954/1538/954 1334/1513/1334 943/1512/943
f 316/1539/316 941/1518/941 1336/1517/1336 952/1540/952
f 316/1539/316 952/1540/952 1340/1541/1340 949/1542/949
f 316/1539/316 949/1542/949 1339/1543/1339 955/1544/955
f 316/1539/316 955/1544/955 1335/1519/1335 941/1518/941
f 317/1545/317 958/1546/958 1341/761/1341 956/1547/956
f 317/1545/317 956/1547/956 1342/1548/1342 959/1549/959
f 317/1545/317 959/1549/959 1343/1550/1343 957/1551/957
f 317/1545/317 957/1551/957 1344/1552/1344 958/1546/958
f 318/1553/318 949/1554/949 1340/1555/1340 962/1556/962
f 318/1553/318 962/1556/962 1344/1557/1344 957/1558/957
f 318/1553/318 957/1558/957 1343/1559/1343 961/1560/961
f 318/1553/318 961/1560/961 1339/1561/1339 949/1554/949
f 319/1562/319 950/1500/950 1337/1499/1337 963/1563/963
f 319/1562/319 963/1563/963 1341/1564/1341 958/1565/958
f 319/1562/319 958/1565/958 1344/1566/1344 962/1567/962
f 319/1562/319 962/1567/962 1340/1501/1340 950/1500/950
f 320/1568/320 948/1533/948 1338/1532/1338 960/1569/960
f 320/1568/320 960/1569/960 1342/1570/1342 956/1571/956
f 320/1568/320 956/1571/956 1341/1572/1341 963/1573/963
f 320/1568/320 963/1573/963 1337/1534/1337 948/1533/948
f 1345/1574/1345 2225/1575/2222 4804/1576/4768 2226/1577/2223
f 1345/1574/1345 2226/1577/2223 4021/1578/3996 2227/1579/2224
f 1345/1574/1345 2227/1579/2224 4022/1580/3997 2228/1581/2225
f 1345/1574/1345 2228/1581/2225 4805/1582/4769 2225/1575/2222
f 1346/1583/1346 2746/1584/2734 4849/1585/4811 2753/1586/2741
f 1346/1583/1346 2753/1586/2741 4178/1587/4152 2231/1588/2228
f 1346/1583/1346 2231/1588/2228 4023/1589/3998 2229/1590/2226
f 1346/1583/1346 2229/1590/2226 4806/1591/4770 2746/1584/2734
f 1347/1592/1347 2233/1593/2230 4806/1591/4770 2229/1590/2226
f 1347/1592/1347 2229/1590/2226 4023/1589/3998 2234/1594/2231
f 1347/1592/1347 2234/1594/2231 4024/1595/3999 2232/1596/2229
f 1347/1592/1347 2232/1596/2229 4807/1597/4771 2233/1593/2230
f 1348/1598/1348 2622/1599/2616 4860/1600/4818 2637/1601/2629
f 1348/1598/1348 2637/1601/2629 4179/1602/4153 2237/1603/2234
f 1348/1598/1348 2237/1603/2234 4025/1604/4000 2235/1605/2232
f 1348/1598/1348 2235/1605/2232 4808/1606/4772 2622/1599/2616
f 1349/1607/1349 2239/1608/2236 4808/1606/4772 2235/1605/2232
f 1349/1607/1349 2235/1605/2232 4025/1604/4000 2240/1609/2237
f 1349/1607/1349 2240/1609/2237 4026/1610/4001 2238/1611/2235
f 1349/1607/1349 2238/1611/2235 4809/1612/4773 2239/1608/2236
f 1350/1613/1350 2242/1614/2239 4809/1612/4773 2238/1611/2235
f 1350/1613/1350 2238/1611/2235 4026/1610/4001 2243/1615/2240
f 1350/1613/1350 2243/1615/2240 4027/1616/4002 2241/1617/2238
f 1350/1613/1350 2241/1617/2238 4810/1618/4774 2242/1614/2239
f 1351/1619/1351 2457/1620/2453 4852/1621/4812 2473/1622/2469
f 1351/1619/1351 2473/1622/2469 4109/1623/4083 2246/1624/2243
f 1351/1619/1351 2246/1624/2243 4028/1625/4003 2244/1626/2241
f 1351/1619/1351 2244/1626/2241 4811/1627/4775 2457/1620/2453
f 1352/1628/1352 2248/1629/2245 4811/1627/4775 2244/1626/2241
f 1352/1628/1352 2244/1626/2241 4028/1625/4003 2249/1630/2246
f 1352/1628/1352 2249/1630/2246 4029/1631/4004 2247/1632/2244
f 1352/1628/1352 2247/1632/2244 4812/1633/4776 2248/1629/2245
f 1353/1634/1353 2251/1635/2248 4812/1633/4776 2247/1632/2244
f 1353/1634/1353 2247/1632/2244 4029/1631/4004 2252/1636/2249
f 1353/1634/1353 2252/1636/2249 4030/1637/4005 2250/1638/2247
f 1353/1634/1353 2250/1638/2247 4813/1639/4777 2251/1635/2248
f 1354/1640/1354 2254/1641/2251 4813/1639/4777 2250/1638/2247
f 1354/1640/1354 2250/1638/2247 4030/1637/4005 2255/1642/2252
f 1354/1640/1354 2255/1642/2252 4031/1643/4006 2253/1644/2250
f 1354/1640/1354 2253/1644/2250 4814/1645/4778 2254/1641/2251
f 1355/1646/1355 2257/1647/2254 4814/1645/4778 2253/1644/2250
f 1355/1646/1355 2253/1644/2250 4031/1643/4006 2258/1648/2255
f 1355/1646/1355 2258/1648/2255 4032/1649/4007 2256/1650/2253
f 1355/1646/1355 2256/1650/2253 4815/1651/4779 2257/1647/2254
f 1356/1652/1356 2260/1653/2257 4815/1651/4779 2256/1650/2253
f 1356/1652/1356 2256/1650/2253 4032/1649/4007 2261/1654/2258
f 1356/1652/1356 2261/1654/2258 4033/1655/4008 2259/1656/2256
f 1356/1652/1356 2259/1656/2256 4816/1657/4780 2260/1653/2257
f 1357/1658/1357 2263/1659/2260 4816/1657/4780 2259/1656/2256
f 1357/1658/1357 2259/1656/2256 4033/1655/4008 2264/1660/2261
f 1357/1658/1357 2264/1660/2261 4035/1661/4010 2262/1662/2259
f 1357/1658/1357 2262/1662/2259 4034/1663/4009 2263/1659/2260
f 1358/1664/1358 2266/1665/2263 4034/1663/4009 2262/1662/2259
f 1358/1664/1358 2262/1662/2259 4035/1661/4010 2267/1666/2264
f 1358/1664/1358 2267/1666/2264 4036/1667/4011 2265/1668/2262
f 1358/1664/1358 2265/1668/2262 4817/1669/4781 2266/1665/2263
f 1359/1670/1359 2269/1671/2266 4817/1672/4781 2265/1673/2262
f 1359/1670/1359 2265/1673/2262 4036/1674/4011 2270/1675/2267
f 1359/1670/1359 2270/1675/2267 4037/1676/4012 2268/1677/2265
f 1359/1670/1359 2268/1677/2265 4818/1678/4782 2269/1671/2266
f 1360/1679/1360 2272/1680/2269 4818/1681/4782 2268/1682/2265
f 1360/1679/1360 2268/1682/2265 4037/1683/4012 2273/1684/2270
f 1360/1679/1360 2273/1684/2270 4821/1685/4785 2271/1686/2268
f 1360/1679/1360 2271/1686/2268 4820/1687/4784 2272/1680/2269
f 1361/1688/1361 2638/1689/2630 4862/1690/4819 2672/1691/2664
f 1361/1688/1361 2672/1691/2664 4187/1692/4160 2279/1693/2275
f 1361/1688/1361 2279/1693/2275 4039/1694/4014 2277/1695/2273
f 1361/1688/1361 2277/1695/2273 4038/1696/4013 2638/1689/2630
f 1362/1697/1362 2578/1698/2574 4858/1699/4817 2612/1700/2607
f 1362/1697/1362 2612/1700/2607 4161/1701/4135 2282/1702/2278
f 1362/1697/1362 2282/1702/2278 4040/1703/4015 2280/1704/2276
f 1362/1697/1362 2280/1704/2276 4826/1705/4790 2578/1698/2574
f 1363/1706/1363 2551/1707/2547 4854/1708/4813 2556/1709/2552
f 1363/1706/1363 2556/1709/2552 4154/1710/4128 2285/1711/2281
f 1363/1706/1363 2285/1711/2281 4041/1712/4016 2283/1713/2279
f 1363/1706/1363 2283/1713/2279 4827/1714/4791 2551/1707/2547
f 1364/1715/1364 2568/1716/2564 4159/1717/4133 2569/1718/2565
f 1364/1715/1364 2569/1718/2565 4158/1719/4132 2288/1720/2284
f 1364/1715/1364 2288/1720/2284 4043/1721/4018 2286/1722/2282
f 1364/1715/1364 2286/1722/2282 4042/1723/4017 2568/1716/2564
f 1365/1724/1365 2290/1725/2286 4042/1723/4017 2286/1722/2282
f 1365/1724/1365 2286/1722/2282 4043/1721/4018 2291/1726/2287
f 1365/1724/1365 2291/1726/2287 4045/1727/4020 2289/1728/2285
f 1365/1724/1365 2289/1728/2285 4044/1729/4019 2290/1725/2286
f 1366/1730/1366 2293/1731/2289 4044/1732/4019 2289/1733/2285
f 1366/1730/1366 2289/1733/2285 4045/1734/4020 2294/1735/2290
f 1366/1730/1366 2294/1735/2290 4046/1736/4021 2292/1737/2288
f 1366/1730/1366 2292/1737/2288 4828/1738/4792 2293/1731/2289
f 1367/1739/1367 2296/1740/2292 4828/1738/4792 2292/1737/2288
f 1367/1739/1367 2292/1737/2288 4046/1736/4021 2297/1741/2293
f 1367/1739/1367 2297/1741/2293 4047/1742/4022 2295/1743/2291
f 1367/1739/1367 2295/1743/2291 4829/1744/4793 2296/1740/2292
f 1368/1745/1368 2898/1746/2885 4875/1747/4826 2899/1748/2886
f 1368/1745/1368 2899/1748/2886 4308/1749/4279 2300/1750/2296
f 1368/1745/1368 2300/1750/2296 4048/1751/4023 2298/1752/2294
f 1368/1745/1368 2298/1752/2294 4830/1753/4794 2898/1746/2885
f 1369/1754/1369 2437/1755/2433 4850/1756/2443 2445/1757/2441
f 1369/1754/1369 2445/1757/2441 4101/1758/4075 2303/1759/2299
f 1369/1754/1369 2303/1759/2299 4049/1760/4024 2301/1761/2297
f 1369/1754/1369 2301/1761/2297 4831/1762/4795 2437/1755/2433
f 1370/1763/1370 2762/1764/2750 4869/1765/2455 2776/1766/2764
f 1370/1763/1370 2776/1766/2764 4235/1767/4207 2306/1768/2302
f 1370/1763/1370 2306/1768/2302 4050/1769/4025 2304/1770/2300
f 1370/1763/1370 2304/1770/2300 4832/1771/4796 2762/1764/2750
f 1371/1772/1371 2308/1773/2304 4832/1771/4796 2304/1770/2300
f 1371/1772/1371 2304/1770/2300 4050/1769/4025 2309/1774/2305
f 1371/1772/1371 2309/1774/2305 4051/1775/4026 2307/1776/2303
f 1371/1772/1371 2307/1776/2303 4833/1777/4797 2308/1773/2304
f 1372/1778/1372 2629/1779/2622 4861/1780/2418 2636/1781/2628
f 1372/1778/1372 2636/1781/2628 4180/1782/4154 2312/1783/2308
f 1372/1778/1372 2312/1783/2308 4052/1784/4027 2310/1785/2306
f 1372/1778/1372 2310/1785/2306 4834/1786/4798 2629/1779/2622
f 1373/1787/1373 2747/1788/2735 4867/1789/2404 2752/1790/2740
f 1373/1787/1373 2752/1790/2740 4233/1791/4205 2315/1792/2311
f 1373/1787/1373 2315/1792/2311 4053/1793/4028 2313/1794/2309
f 1373/1787/1373 2313/1794/2309 4835/1795/4799 2747/1788/2735
f 1374/1796/1374 2846/1797/2834 4874/1798/2608 2852/1799/1627
f 1374/1796/1374 2852/1799/1627 4269/1800/2829 2318/1801/2314
f 1374/1796/1374 2318/1801/2314 4054/1802/4029 2316/1803/2312
f 1374/1796/1374 2316/1803/2312 4836/1804/4800 2846/1797/2834
f 1375/1805/1375 2320/1806/2316 4836/1804/4800 2316/1803/2312
f 1375/1805/1375 2316/1803/2312 4054/1802/4029 2321/1807/2317
f 1375/1805/1375 2321/1807/2317 4055/1808/4030 2319/1809/2315
f 1375/1805/1375 2319/1809/2315 4837/1810/4801 2320/1806/2316
f 1376/1811/1376 2323/1812/2319 4837/1810/4801 2319/1809/2315
f 1376/1811/1376 2319/1809/2315 4055/1808/4030 2324/1813/2320
f 1376/1811/1376 2324/1813/2320 4056/1814/4031 2322/1815/2318
f 1376/1811/1376 2322/1815/2318 4838/1816/4802 2323/1812/2319
f 3876/1817/3853 3009/1818/2996 4839/1819/4803
f 1377/1820/1377 2833/1821/2821 4872/1822/4825 2839/1823/2827
f 1377/1820/1377 2839/1823/2827 4255/1824/4227 2837/1825/2825
f 1377/1820/1377 2837/1825/2825 4058/1826/4033 2327/1827/2323
f 1377/1820/1377 2327/1827/2323 4840/1828/4804 2833/1821/2821
f 1378/1829/1378 2824/1830/2812 4870/1831/4823 2828/1832/2816
f 1378/1829/1378 2828/1832/2816 4254/1833/4226 2825/1834/2813
f 1378/1829/1378 2825/1834/2813 4059/1835/4034 2329/1836/2325
f 1378/1829/1378 2329/1836/2325 4841/1837/4805 2824/1830/2812
f 1379/1838/1379 2333/1839/2329 4842/1840/4806 2330/1841/2326
f 1379/1838/1379 2330/1841/2326 4060/1842/4035 2334/1843/2330
f 1379/1838/1379 2334/1843/2330 4061/1844/4036 2332/1845/2328
f 1379/1838/1379 2332/1845/2328 4843/1846/4807 2333/1839/2329
f 1380/1847/1380 2336/1848/2332 4843/1846/4807 2332/1845/2328
f 1380/1847/1380 2332/1845/2328 4061/1844/4036 2337/1849/2333
f 1380/1847/1380 2337/1849/2333 4062/1850/4037 2335/1851/2331
f 1380/1847/1380 2335/1851/2331 4844/1852/4808 2336/1848/2332
f 1381/1853/1381 2338/1854/2334 4844/1852/4808 2335/1851/2331
f 1381/1853/1381 2335/1851/2331 4062/1850/4037 2339/1855/2335
f 1381/1853/1381 2339/1855/2335 4388/1856/4359 5402/1857/5292
f 1381/1853/1381 5402/1857/5292 4886/1858/4837 2338/1854/2334
f 1382/1859/1382 2842/1860/2830 4873/1861/2338 2851/1862/2839
f 1382/1859/1382 2851/1862/2839 4270/1863/4241 2343/1864/2339
f 1382/1859/1382 2343/1864/2339 4063/1865/4038 2341/1866/2337
f 1382/1859/1382 2341/1866/2337 4845/1867/4809 2842/1860/2830
f 1383/1868/1383 2345/1869/2341 4845/1867/4809 2341/1866/2337
f 1383/1868/1383 2341/1866/2337 4063/1865/4038 2346/1870/2342
f 1383/1868/1383 2346/1870/2342 4064/1871/4039 2344/1872/2340
f 1383/1868/1383 2344/1872/2340 4846/1873/4810 2345/1869/2341
f 1384/1874/1384 2347/1875/2343 4846/1873/4810 2344/1872/2340
f 1384/1874/1384 2344/1872/2340 4064/1871/4039 2348/1876/2344
f 1384/1874/1384 2348/1876/2344 4021/1578/3996 2226/1577/2223
f 1384/1874/1384 2226/1577/2223 4804/1576/4768 2347/1875/2343
f 1385/1877/1385 2455/1878/2451 4105/1879/4079 2448/1880/2444
f 1385/1877/1385 2448/1880/2444 4048/1881/4023 2356/1882/2352
f 1385/1877/1385 2356/1882/2352 4065/1883/4040 2449/1884/2445
f 1385/1877/1385 2449/1884/2445 4106/1885/4080 2455/1878/2451
f 1386/1886/1386 2431/1887/2427 4095/1888/4070 2409/1889/2405
f 1386/1886/1386 2409/1889/2405 4051/1775/4026 2358/1890/2354
f 1386/1886/1386 2358/1890/2354 4068/1891/4043 2403/1892/2399
f 1386/1886/1386 2403/1892/2399 4096/1893/4071 2431/1887/2427
f 1387/1894/1387 2804/1895/2792 4055/1808/4030 2321/1807/2317
f 1387/1894/1387 2321/1807/2317 4054/1802/4029 2359/1896/2355
f 1387/1894/1387 2359/1896/2355 4071/1897/4046 2803/1898/2791
f 1387/1894/1387 2803/1898/2791 4256/1899/4228 2804/1895/2792
f 1388/1900/1388 2471/1901/2467 4110/1902/4084 2460/1903/2456
f 1388/1900/1388 2460/1903/2456 4049/1904/4024 2355/1905/2351
f 1388/1900/1388 2355/1905/2351 4066/1906/4041 2461/1907/2457
f 1388/1900/1388 2461/1907/2457 4111/1908/4085 2471/1901/2467
f 1389/1909/1389 2420/1910/2416 4093/1911/4068 2405/1912/2401
f 1389/1909/1389 2405/1912/2401 4052/1784/4027 2357/1913/2353
f 1389/1909/1389 2357/1913/2353 4069/1914/4044 2404/1915/2400
f 1389/1909/1389 2404/1915/2400 4094/1916/4069 2420/1910/2416
f 1390/1917/1390 2358/1890/2354 4051/1775/4026 2309/1774/2305
f 1390/1917/1390 2309/1774/2305 4050/1769/4025 2360/1918/2356
f 1390/1917/1390 2360/1918/2356 4067/1919/4042 2351/1920/2347
f 1390/1917/1390 2351/1920/2347 4068/1891/4043 2358/1890/2354
f 1391/1921/1391 2735/1922/2725 4227/1923/4200 2728/1924/2719
f 1391/1921/1391 2728/1924/2719 4053/1793/4028 2361/1925/2357
f 1391/1921/1391 2361/1925/2357 4070/1926/4045 2729/1927/2720
f 1391/1921/1391 2729/1927/2720 4228/1928/4201 2735/1922/2725
f 1392/1929/1392 2369/1930/2365 4068/1931/4043 2351/1932/2347
f 1392/1929/1392 2351/1932/2347 4067/1933/4042 2370/1934/2366
f 1392/1929/1392 2370/1934/2366 4074/1935/4049 2364/1936/2360
f 1392/1929/1392 2364/1936/2360 4075/1937/4050 2369/1930/2365
f 1393/1938/1393 2454/1939/2450 4106/1885/4080 2449/1884/2445
f 1393/1938/1393 2449/1884/2445 4065/1883/4040 2372/1940/2368
f 1393/1938/1393 2372/1940/2368 4072/1941/4047 2450/1942/2446
f 1393/1938/1393 2450/1942/2446 4107/1943/4081 2454/1939/2450
f 1394/1944/1394 2734/1945/2724 4228/1946/4201 2729/1947/2720
f 1394/1944/1394 2729/1947/2720 4070/1948/4045 2374/1949/2370
f 1394/1944/1394 2374/1949/2370 4274/1950/4245 2730/1951/2721
f 1394/1944/1394 2730/1951/2721 4292/1952/4263 2734/1945/2724
f 1395/1953/1395 2430/1954/2426 4096/1955/4071 2403/1956/2399
f 1395/1953/1395 2403/1956/2399 4068/1931/4043 2369/1930/2365
f 1395/1953/1395 2369/1930/2365 4075/1937/4050 2413/1957/2409
f 1395/1953/1395 2413/1957/2409 4097/1958/4072 2430/1954/2426
f 1396/1959/1396 2470/1960/2466 4111/1908/4085 2461/1907/2457
f 1396/1959/1396 2461/1907/2457 4066/1906/4041 2371/1961/2367
f 1396/1959/1396 2371/1961/2367 4073/1962/4048 2462/1963/2458
f 1396/1959/1396 2462/1963/2458 4112/1964/4086 2470/1960/2466
f 1397/1965/1397 2805/1966/2793 4256/1967/4228 2803/1968/2791
f 1397/1965/1397 2803/1968/2791 4071/1969/4046 2373/1970/2369
f 1397/1965/1397 2373/1970/2369 4276/1971/4247 2368/1972/2364
f 1397/1965/1397 2368/1972/2364 4077/1973/4052 2805/1966/2793
f 1398/1974/1398 2419/1975/2415 4094/1976/4069 2404/1977/2400
f 1398/1974/1398 2404/1977/2400 4069/1978/4044 2375/1979/2371
f 1398/1974/1398 2375/1979/2371 4278/1980/4249 2416/1981/2412
f 1398/1974/1398 2416/1981/2412 4282/1982/4253 2419/1975/2415
f 1399/1983/1399 2429/1984/2425 4097/1958/4072 2413/1957/2409
f 1399/1983/1399 2413/1957/2409 4075/1937/4050 2383/1985/2379
f 1399/1983/1399 2383/1985/2379 4081/1986/4056 2424/1987/2420
f 1399/1983/1399 2424/1987/2420 4098/1988/1512 2429/1984/2425
f 1400/1989/1400 2469/1990/2465 4112/1964/4086 2462/1963/2458
f 1400/1989/1400 2462/1963/2458 4073/1962/4048 2385/1991/2381
f 1400/1989/1400 2385/1991/2381 4079/1992/4054 2463/1993/2459
f 1400/1989/1400 2463/1993/2459 4113/1994/4087 2469/1990/2465
f 1401/1995/1401 2386/1996/2382 4077/1973/4052 2368/1972/2364
f 1401/1995/1401 2368/1972/2364 4276/1971/4247 2381/1997/2377
f 1401/1995/1401 2381/1997/2377 4082/1998/4057 2380/1999/2376
f 1401/1995/1401 2380/1999/2376 4083/2000/4058 2386/1996/2382
f 1402/2001/1402 2383/1985/2379 4075/1937/4050 2364/1936/2360
f 1402/2001/1402 2364/1936/2360 4074/1935/4049 2384/2002/2380
f 1402/2001/1402 2384/2002/2380 4080/2003/4055 2378/2004/2374
f 1402/2001/1402 2378/2004/2374 4081/1986/4056 2383/1985/2379
f 1403/2005/1403 2453/2006/2449 4107/1943/4081 2450/1942/2446
f 1403/2005/1403 2450/1942/2446 4072/1941/4047 2387/2007/2383
f 1403/2005/1403 2387/2007/2383 4078/2008/4053 2451/2009/2447
f 1403/2005/1403 2451/2009/2447 4108/2010/4082 2453/2006/2449
f 1404/2011/1404 2468/2012/2464 4167/2013/4141 2610/2014/2605
f 1404/2011/1404 2610/2014/2605 4163/2015/4137 2393/2016/2389
f 1404/2011/1404 2393/2016/2389 4084/2017/4059 2464/2018/2460
f 1404/2011/1404 2464/2018/2460 4114/2019/4088 2468/2012/2464
f 1405/2020/1405 2640/2021/2632 4188/2022/4161 2671/2023/2663
f 1405/2020/1405 2671/2023/2663 5835/2024/5713 2398/2025/2394
f 1405/2020/1405 2398/2025/2394 4088/2026/4063 2396/2027/2392
f 1405/2020/1405 2396/2027/2392 4089/2028/4064 2640/2021/2632
f 1406/2029/1406 2428/2030/2424 4191/2031/4164 2670/2032/2662
f 1406/2029/1406 2670/2032/2662 4188/2022/4161 2640/2021/2632
f 1406/2029/1406 2640/2021/2632 4089/2028/4064 2425/2033/2421
f 1406/2029/1406 2425/2033/2421 4099/2034/4073 2428/2030/2424
f 1407/2035/1407 2467/2036/2463 4193/2037/4166 2669/2038/2661
f 1407/2035/1407 2669/2038/2661 4189/2039/4162 2400/2040/2396
f 1407/2035/1407 2400/2040/2396 4087/2041/4062 2465/2042/2461
f 1407/2035/1407 2465/2042/2461 4115/2043/4089 2467/2036/2463
f 1408/2044/1408 2745/2045/2733 4293/2046/4264 2731/2047/2722
f 1408/2044/1408 2731/2047/2722 4289/2048/4260 2415/2049/2411
f 1408/2044/1408 2415/2049/2411 4022/1580/3997 2227/1579/2224
f 1408/2044/1408 2227/1579/2224 4021/1578/3996 2745/2045/2733
f 1409/2050/1409 2434/2051/2430 4206/2052/4179 2725/2053/2717
f 1409/2050/1409 2725/2053/2717 4204/2054/4177 2426/2055/2422
f 1409/2050/1409 2426/2055/2422 4026/1610/4001 2240/1609/2237
f 1409/2050/1409 2240/1609/2237 4025/1604/4000 2434/2051/2430
f 1410/2056/1410 2466/2057/2462 4209/2058/4182 2724/2059/2716
f 1410/2056/1410 2724/2059/2716 4205/2060/4178 2427/2061/2423
f 1410/2056/1410 2427/2061/2423 4028/1625/4003 2246/1624/2243
f 1410/2056/1410 2246/1624/2243 4109/1623/4083 2466/2057/2462
f 1411/2062/1411 2423/2063/2419 4290/2064/4261 2723/2065/2715
f 1411/2062/1411 2723/2065/2715 4283/2066/4254 2676/2067/2668
f 1411/2062/1411 2676/2067/2668 4024/1595/3999 2234/1594/2231
f 1411/2062/1411 2234/1594/2231 4023/1589/3998 2423/2063/2419
f 1412/2068/1412 2426/2055/2422 4204/2054/4177 2722/2069/2714
f 1412/2068/1412 2722/2069/2714 4202/2070/4175 2675/2071/2667
f 1412/2068/1412 2675/2071/2667 4027/1616/4002 2243/1615/2240
f 1412/2068/1412 2243/1615/2240 4026/1610/4001 2426/2055/2422
f 1413/2072/1413 2751/2073/2739 4288/2074/4259 2748/2075/2736
f 1413/2072/1413 2748/2075/2736 4290/2064/4261 2423/2063/2419
f 1413/2072/1413 2423/2063/2419 4023/1589/3998 2231/1588/2228
f 1413/2072/1413 2231/1588/2228 4178/1587/4152 2751/2073/2739
f 1414/2076/1414 2750/2077/2738 4229/2078/4202 2414/2079/2410
f 1414/2076/1414 2414/2079/2410 4094/1976/4069 2419/1975/2415
f 1414/2076/1414 2419/1975/2415 4282/1982/4253 2617/2080/2612
f 1414/2076/1414 2617/2080/2612 4273/2081/4244 2750/2077/2738
f 1415/2082/1415 2749/2083/2737 4233/1791/4205 2406/2084/2402
f 1415/2082/1415 2406/2084/2402 4093/1911/4068 2420/1910/2416
f 1415/2082/1415 2420/1910/2416 4094/1916/4069 2414/2085/2410
f 1415/2082/1415 2414/2085/2410 4229/2086/4202 2749/2083/2737
f 1416/2087/1416 2314/2088/2310 4834/1786/4798 2310/1785/2306
f 1416/2087/1416 2310/1785/2306 4052/1784/4027 2405/1912/2401
f 1416/2087/1416 2405/1912/2401 4093/1911/4068 2421/2089/2417
f 1416/2087/1416 2421/2089/2417 4848/2090/2404 2314/2088/2310
f 1417/2091/1417 2635/2092/2627 4225/2093/4198 2720/2094/2712
f 1417/2091/1417 2720/2094/2712 4206/2052/4179 2434/2051/2430
f 1417/2091/1417 2434/2051/2430 4025/1604/4000 2237/1603/2234
f 1417/2091/1417 2237/1603/2234 4179/1602/4153 2635/2092/2627
f 1418/2095/1418 2634/2096/2626 5836/2097/5714 2668/2098/2660
f 1418/2095/1418 2668/2098/2660 4191/2031/4164 2428/2030/2424
f 1418/2095/1418 2428/2030/2424 4099/2034/4073 2628/2099/2621
f 1418/2095/1418 2628/2099/2621 4185/2100/4158 2634/2096/2626
f 1419/2101/1419 2633/2102/2625 4182/2103/4156 2626/2104/2620
f 1419/2101/1419 2626/2104/2620 4097/1958/4072 2429/1984/2425
f 1419/2101/1419 2429/1984/2425 4098/1988/1512 2627/2105/1512
f 1419/2101/1419 2627/2105/1512 4183/2106/1512 2633/2102/2625
f 1420/2107/1420 2632/2108/2624 4181/2109/4155 2625/2110/2619
f 1420/2107/1420 2625/2110/2619 4096/1955/4071 2430/1954/2426
f 1420/2107/1420 2430/1954/2426 4097/1958/4072 2626/2104/2620
f 1420/2107/1420 2626/2104/2620 4182/2103/4156 2632/2108/2624
f 1421/2111/1421 2631/2112/2623 4180/1782/4154 2624/2113/2618
f 1421/2111/1421 2624/2113/2618 4095/1888/4070 2431/1887/2427
f 1421/2111/1421 2431/1887/2427 4096/1893/4071 2625/2114/2619
f 1421/2111/1421 2625/2114/2619 4181/2115/4155 2631/2112/2623
f 1422/2116/1422 2311/2117/2307 4833/1777/4797 2307/1776/2303
f 1422/2116/1422 2307/1776/2303 4051/1775/4026 2409/1889/2405
f 1422/2116/1422 2409/1889/2405 4095/1888/4070 2432/2118/2428
f 1422/2116/1422 2432/2118/2428 4847/2119/2418 2311/2117/2307
f 1423/2120/1423 2667/2121/2659 4189/2122/4162 2643/2123/2635
f 1423/2120/1423 2643/2123/2635 4084/2017/4059 2411/2124/2407
f 1423/2120/1423 2411/2124/2407 4090/2125/4065 2645/2126/2637
f 1423/2120/1423 2645/2126/2637 4192/2127/4165 2667/2121/2659
f 1424/2128/1424 2666/2129/2658 4192/2127/4165 2645/2126/2637
f 1424/2128/1424 2645/2126/2637 4090/2125/4065 2418/2130/2414
f 1424/2128/1424 2418/2130/2414 4092/2131/4067 2644/2132/2636
f 1424/2128/1424 2644/2132/2636 4190/2133/4163 2666/2129/2658
f 1425/2134/1425 2719/2135/2711 4205/2060/4178 2678/2136/2670
f 1425/2134/1425 2678/2136/2670 4087/2041/4062 2412/2137/2408
f 1425/2134/1425 2412/2137/2408 4091/2138/4066 2435/2139/2431
f 1425/2134/1425 2435/2139/2431 4207/2140/4180 2719/2135/2711
f 1426/2141/1426 2718/2142/2710 4207/2140/4180 2435/2139/2431
f 1426/2141/1426 2435/2139/2431 4091/2138/4066 2402/2143/2398
f 1426/2141/1426 2402/2143/2398 4100/2144/4074 2436/2145/2432
f 1426/2141/1426 2436/2145/2432 4208/2146/4181 2718/2142/2710
f 1427/2147/1427 2385/1991/2381 4073/1962/4048 2362/2148/2358
f 1427/2147/1427 2362/2148/2358 4103/2149/4077 2442/2150/2438
f 1427/2147/1427 2442/2150/2438 4104/2151/4078 2376/2152/2372
f 1427/2147/1427 2376/2152/2372 4079/1992/4054 2385/1991/2381
f 1428/2153/1428 2371/1961/2367 4066/1906/4041 2349/2154/2345
f 1428/2153/1428 2349/2154/2345 4102/2155/4076 2443/2156/2439
f 1428/2153/1428 2443/2156/2439 4103/2149/4077 2362/2148/2358
f 1428/2153/1428 2362/2148/2358 4073/1962/4048 2371/1961/2367
f 1429/2157/1429 2355/1905/2351 4049/1904/4024 2303/2158/2299
f 1429/2157/1429 2303/2158/2299 4101/2159/4075 2444/2160/2440
f 1429/2157/1429 2444/2160/2440 4102/2155/4076 2349/2154/2345
f 1429/2157/1429 2349/2154/2345 4066/1906/4041 2355/1905/2351
f 1430/2161/1430 2447/2162/2443 4851/2163/2443 2452/2164/2448
f 1430/2161/1430 2452/2164/2448 4105/2165/4079 2438/2166/2434
f 1430/2161/1430 2438/2166/2434 4101/1758/4075 2445/1757/2441
f 1430/2161/1430 2445/1757/2441 4850/1756/2443 2447/2162/2443
f 1431/2167/1431 2607/2168/2602 4165/2169/4139 2446/2170/2442
f 1431/2167/1431 2446/2170/2442 4090/2125/4065 2411/2124/2407
f 1431/2167/1431 2411/2124/2407 4084/2017/4059 2393/2016/2389
f 1431/2167/1431 2393/2016/2389 4163/2015/4137 2607/2168/2602
f 1432/2171/1432 2302/2172/2298 4830/1753/4794 2298/1752/2294
f 1432/2171/1432 2298/1752/2294 4048/1751/4023 2448/2173/2444
f 1432/2171/1432 2448/2173/2444 4105/2165/4079 2452/2164/2448
f 1432/2171/1432 2452/2164/2448 4851/2163/2443 2302/2172/2298
f 1433/2174/1433 2442/2150/2438 4103/2149/4077 2440/2175/2436
f 1433/2174/1433 2440/2175/2436 4107/1943/4081 2453/2006/2449
f 1433/2174/1433 2453/2006/2449 4108/2010/4082 2441/2176/2437
f 1433/2174/1433 2441/2176/2437 4104/2151/4078 2442/2150/2438
f 1434/2177/1434 2443/2156/2439 4102/2155/4076 2439/2178/2435
f 1434/2177/1434 2439/2178/2435 4106/1885/4080 2454/1939/2450
f 1434/2177/1434 2454/1939/2450 4107/1943/4081 2440/2175/2436
f 1434/2177/1434 2440/2175/2436 4103/2149/4077 2443/2156/2439
f 1435/2179/1435 2444/2160/2440 4101/2159/4075 2438/2180/2434
f 1435/2179/1435 2438/2180/2434 4105/1879/4079 2455/1878/2451
f 1435/2179/1435 2455/1878/2451 4106/1885/4080 2439/2178/2435
f 1435/2179/1435 2439/2178/2435 4102/2155/4076 2444/2160/2440
f 1436/2181/1436 2606/2182/2601 4165/2169/4139 2585/2183/2580
f 1436/2181/1436 2585/2183/2580 4104/2151/4078 2441/2176/2437
f 1436/2181/1436 2441/2176/2437 4108/2010/4082 2456/2184/2452
f 1436/2181/1436 2456/2184/2452 4166/2185/4140 2606/2182/2601
f 1437/2186/1437 2775/2187/2763 4244/2188/4216 2765/2189/2753
f 1437/2186/1437 2765/2189/2753 4209/2058/4182 2466/2057/2462
f 1437/2186/1437 2466/2057/2462 4109/1623/4083 2458/2190/2454
f 1437/2186/1437 2458/2190/2454 4241/2191/4213 2775/2187/2763
f 1438/2192/1438 2774/2193/2762 4243/2194/4215 2764/2195/2752
f 1438/2192/1438 2764/2195/2752 4193/2037/4166 2467/2036/2463
f 1438/2192/1438 2467/2036/2463 4115/2043/4089 2760/2196/2748
f 1438/2192/1438 2760/2196/2748 4240/2197/4212 2774/2193/2762
f 1439/2198/1439 2773/2199/2761 4242/2200/4214 2763/2201/2751
f 1439/2198/1439 2763/2201/2751 4167/2013/4141 2468/2012/2464
f 1439/2198/1439 2468/2012/2464 4114/2019/4088 2759/2202/2747
f 1439/2198/1439 2759/2202/2747 4239/2203/4211 2773/2199/2761
f 1440/2204/1440 2772/2205/2760 4237/2206/4209 2757/2207/2745
f 1440/2204/1440 2757/2207/2745 4112/1964/4086 2469/1990/2465
f 1440/2204/1440 2469/1990/2465 4113/1994/4087 2758/2208/2746
f 1440/2204/1440 2758/2208/2746 4238/2209/4210 2772/2205/2760
f 1441/2210/1441 2771/2211/2759 4236/2212/4208 2756/2213/2744
f 1441/2210/1441 2756/2213/2744 4111/1908/4085 2470/1960/2466
f 1441/2210/1441 2470/1960/2466 4112/1964/4086 2757/2207/2745
f 1441/2210/1441 2757/2207/2745 4237/2206/4209 2771/2211/2759
f 1442/2214/1442 2770/2215/2758 4235/1767/4207 2755/2216/2743
f 1442/2214/1442 2755/2216/2743 4110/2217/4084 2471/2218/2467
f 1442/2214/1442 2471/2218/2467 4111/2219/4085 2756/2220/2744
f 1442/2214/1442 2756/2220/2744 4236/2221/4208 2770/2215/2758
f 1443/2222/1443 2305/2223/2301 4831/1762/4795 2301/1761/2297
f 1443/2222/1443 2301/1761/2297 4049/1760/4024 2460/2224/2456
f 1443/2222/1443 2460/2224/2456 4110/2217/4084 2472/2225/2468
f 1443/2222/1443 2472/2225/2468 4853/2226/2455 2305/2223/2301
f 1444/2227/1444 2754/2228/2742 4868/2229/4822 2769/2230/2757
f 1444/2227/1444 2769/2230/2757 4241/2191/4213 2458/2190/2454
f 1444/2227/1444 2458/2190/2454 4109/1623/4083 2473/1622/2469
f 1444/2227/1444 2473/1622/2469 4852/1621/4812 2754/2228/2742
f 1445/2231/1445 2664/2232/2656 4190/2133/4163 2644/2132/2636
f 1445/2231/1445 2644/2132/2636 4092/2131/4067 2476/2233/2472
f 1445/2231/1445 2476/2233/2472 4116/2234/4090 2647/2235/2639
f 1445/2231/1445 2647/2235/2639 4194/2236/4167 2664/2232/2656
f 1446/2237/1446 2604/2238/2599 4168/2239/4142 2477/2240/2473
f 1446/2237/1446 2477/2240/2473 4116/2234/4090 2476/2233/2472
f 1446/2237/1446 2476/2233/2472 4092/2131/4067 2586/2241/2581
f 1446/2237/1446 2586/2241/2581 4166/2185/4140 2604/2238/2599
f 1447/2242/1447 2716/2243/2708 4208/2146/4181 2436/2145/2432
f 1447/2242/1447 2436/2145/2432 4100/2144/4074 2475/2244/2471
f 1447/2242/1447 2475/2244/2471 4117/2245/4091 2478/2246/2474
f 1447/2242/1447 2478/2246/2474 4210/2247/4183 2716/2243/2708
f 1448/2248/1448 2603/2249/2598 4168/2239/4142 2588/2250/2583
f 1448/2248/1448 2588/2250/2583 4078/2008/4053 2483/2251/2479
f 1448/2248/1448 2483/2251/2479 4120/2252/4094 2589/2253/2584
f 1448/2248/1448 2589/2253/2584 4169/2254/4143 2603/2249/2598
f 1449/2255/1449 2483/2251/2479 4078/2008/4053 2387/2007/2383
f 1449/2255/1449 2387/2007/2383 4072/1941/4047 2484/2256/2480
f 1449/2255/1449 2484/2256/2480 4119/2257/4093 2480/2258/2476
f 1449/2255/1449 2480/2258/2476 4120/2252/4094 2483/2251/2479
f 1450/2259/1450 2484/2256/2480 4072/1941/4047 2372/1940/2368
f 1450/2259/1450 2372/1940/2368 4065/1883/4040 2485/2260/2481
f 1450/2259/1450 2485/2260/2481 4118/2261/4092 2479/2262/2475
f 1450/2259/1450 2479/2262/2475 4119/2257/4093 2484/2256/2480
f 1451/2263/1451 2602/2264/2597 4169/2254/4143 2589/2253/2584
f 1451/2263/1451 2589/2253/2584 4120/2252/4094 2490/2265/2486
f 1451/2263/1451 2490/2265/2486 4124/2266/4098 2590/2267/2585
f 1451/2263/1451 2590/2267/2585 4170/2268/4144 2602/2264/2597
f 1452/2269/1452 2490/2265/2486 4120/2252/4094 2480/2258/2476
f 1452/2269/1452 2480/2258/2476 4119/2257/4093 2491/2270/2487
f 1452/2269/1452 2491/2270/2487 4123/2271/4097 2487/2272/2483
f 1452/2269/1452 2487/2272/2483 4124/2266/4098 2490/2265/2486
f 1453/2273/1453 2491/2270/2487 4119/2257/4093 2479/2262/2475
f 1453/2273/1453 2479/2262/2475 4118/2261/4092 2492/2274/2488
f 1453/2273/1453 2492/2274/2488 4122/2275/4096 2486/2276/2482
f 1453/2273/1453 2486/2276/2482 4123/2271/4097 2491/2270/2487
f 1454/2277/1454 2601/2278/2596 4170/2268/4144 2590/2267/2585
f 1454/2277/1454 2590/2267/2585 4124/2266/4098 2497/2279/2493
f 1454/2277/1454 2497/2279/2493 4128/2280/4102 2591/2281/2586
f 1454/2277/1454 2591/2281/2586 4171/2282/4145 2601/2278/2596
f 1455/2283/1455 2497/2279/2493 4124/2266/4098 2487/2272/2483
f 1455/2283/1455 2487/2272/2483 4123/2271/4097 2498/2284/2494
f 1455/2283/1455 2498/2284/2494 4127/2285/4101 2494/2286/2490
f 1455/2283/1455 2494/2286/2490 4128/2280/4102 2497/2279/2493
f 1456/2287/1456 2498/2284/2494 4123/2271/4097 2486/2276/2482
f 1456/2287/1456 2486/2276/2482 4122/2275/4096 2499/2288/2495
f 1456/2287/1456 2499/2288/2495 4126/2289/4100 2493/2290/2489
f 1456/2287/1456 2493/2290/2489 4127/2285/4101 2498/2284/2494
f 1457/2291/1457 2600/2292/2595 4171/2282/4145 2591/2281/2586
f 1457/2291/1457 2591/2281/2586 4128/2280/4102 2504/2293/2500
f 1457/2291/1457 2504/2293/2500 4132/2294/4106 2592/2295/2587
f 1457/2291/1457 2592/2295/2587 4172/2296/4146 2600/2292/2595
f 1458/2297/1458 2504/2293/2500 4128/2280/4102 2494/2286/2490
f 1458/2297/1458 2494/2286/2490 4127/2285/4101 2505/2298/2501
f 1458/2297/1458 2505/2298/2501 4131/2299/4105 2501/2300/2497
f 1458/2297/1458 2501/2300/2497 4132/2294/4106 2504/2293/2500
f 1459/2301/1459 2505/2298/2501 4127/2285/4101 2493/2290/2489
f 1459/2301/1459 2493/2290/2489 4126/2289/4100 2506/2302/2502
f 1459/2301/1459 2506/2302/2502 4130/2303/4104 2500/2304/2496
f 1459/2301/1459 2500/2304/2496 4131/2299/4105 2505/2298/2501
f 1460/2305/1460 2599/2306/2594 4172/2296/4146 2592/2295/2587
f 1460/2305/1460 2592/2295/2587 4132/2294/4106 2511/2307/2507
f 1460/2305/1460 2511/2307/2507 4136/2308/4110 2593/2309/2588
f 1460/2305/1460 2593/2309/2588 4173/2310/4147 2599/2306/2594
f 1461/2311/1461 2511/2307/2507 4132/2294/4106 2501/2300/2497
f 1461/2311/1461 2501/2300/2497 4131/2299/4105 2512/2312/2508
f 1461/2311/1461 2512/2312/2508 4135/2313/4109 2508/2314/2504
f 1461/2311/1461 2508/2314/2504 4136/2308/4110 2511/2307/2507
f 1462/2315/1462 2512/2312/2508 4131/2299/4105 2500/2304/2496
f 1462/2315/1462 2500/2304/2496 4130/2303/4104 2513/2316/2509
f 1462/2315/1462 2513/2316/2509 4134/2317/4108 2507/2318/2503
f 1462/2315/1462 2507/2318/2503 4135/2313/4109 2512/2312/2508
f 1463/2319/1463 2598/2320/2593 4173/2310/4147 2593/2309/2588
f 1463/2319/1463 2593/2309/2588 4136/2308/4110 2518/2321/2514
f 1463/2319/1463 2518/2321/2514 4140/2322/4114 2594/2323/2589
f 1463/2319/1463 2594/2323/2589 4174/2324/4148 2598/2320/2593
f 1464/2325/1464 2518/2321/2514 4136/2308/4110 2508/2314/2504
f 1464/2325/1464 2508/2314/2504 4135/2313/4109 2519/2326/2515
f 1464/2325/1464 2519/2326/2515 4139/2327/4113 2515/2328/2511
f 1464/2325/1464 2515/2328/2511 4140/2322/4114 2518/2321/2514
f 1465/2329/1465 2519/2326/2515 4135/2313/4109 2507/2318/2503
f 1465/2329/1465 2507/2318/2503 4134/2317/4108 2520/2330/2516
f 1465/2329/1465 2520/2330/2516 4138/2331/4112 2514/2332/2510
f 1465/2329/1465 2514/2332/2510 4139/2327/4113 2519/2326/2515
f 1466/2333/1466 2597/2334/2592 4174/2324/4148 2594/2323/2589
f 1466/2333/1466 2594/2323/2589 4140/2322/4114 2525/2335/2521
f 1466/2333/1466 2525/2335/2521 4144/2336/4118 2595/2337/2590
f 1466/2333/1466 2595/2337/2590 4175/2338/4149 2597/2334/2592
f 1467/2339/1467 2525/2335/2521 4140/2322/4114 2515/2328/2511
f 1467/2339/1467 2515/2328/2511 4139/2327/4113 2526/2340/2522
f 1467/2339/1467 2526/2340/2522 4143/2341/4117 2522/2342/2518
f 1467/2339/1467 2522/2342/2518 4144/2336/4118 2525/2335/2521
f 1468/2343/1468 2526/2340/2522 4139/2327/4113 2514/2332/2510
f 1468/2343/1468 2514/2332/2510 4138/2331/4112 2527/2344/2523
f 1468/2343/1468 2527/2344/2523 4142/2345/4116 2521/2346/2517
f 1468/2343/1468 2521/2346/2517 4143/2341/4117 2526/2340/2522
f 1469/2347/1469 2663/2348/2655 4194/2236/4167 2647/2235/2639
f 1469/2347/1469 2647/2235/2639 4116/2234/4090 2482/2349/2478
f 1469/2347/1469 2482/2349/2478 4121/2350/4095 2648/2351/2640
f 1469/2347/1469 2648/2351/2640 4195/2352/4168 2663/2348/2655
f 1470/2353/1470 2532/2354/2528 4211/2355/4184 2715/2356/2707
f 1470/2353/1470 2715/2356/2707 4210/2247/4183 2478/2246/2474
f 1470/2353/1470 2478/2246/2474 4117/2245/4091 2528/2357/2524
f 1470/2353/1470 2528/2357/2524 4146/2358/4120 2532/2354/2528
f 1471/2359/1471 2533/2360/2529 4212/2361/4185 2714/2362/2706
f 1471/2359/1471 2714/2362/2706 4211/2355/4184 2532/2354/2528
f 1471/2359/1471 2532/2354/2528 4146/2358/4120 2529/2363/2525
f 1471/2359/1471 2529/2363/2525 4147/2364/4121 2533/2360/2529
f 1472/2365/1472 2662/2366/2654 4196/2367/4169 2534/2368/2530
f 1472/2365/1472 2534/2368/2530 4147/2364/4121 2529/2363/2525
f 1472/2365/1472 2529/2363/2525 4146/2358/4120 2531/2369/2527
f 1472/2365/1472 2531/2369/2527 4195/2370/4168 2662/2366/2654
f 1473/2371/1473 2650/2372/2642 4197/2373/4170 2661/2374/2653
f 1473/2371/1473 2661/2374/2653 4196/2375/4169 2649/2376/2641
f 1473/2371/1473 2649/2376/2641 4125/2377/4099 2496/2378/2492
f 1473/2371/1473 2496/2378/2492 4129/2379/4103 2650/2372/2642
f 1474/2380/1474 2536/2381/2532 4213/2382/4186 2713/2383/2705
f 1474/2380/1474 2713/2383/2705 4212/2361/4185 2533/2360/2529
f 1474/2380/1474 2533/2360/2529 4147/2364/4121 2530/2384/2526
f 1474/2380/1474 2530/2384/2526 4148/2385/4122 2536/2381/2532
f 1475/2386/1475 2540/2387/2536 4214/2388/4187 2712/2389/2704
f 1475/2386/1475 2712/2389/2704 4213/2390/4186 2536/2391/2532
f 1475/2386/1475 2536/2391/2532 4148/2392/4122 2537/2393/2533
f 1475/2386/1475 2537/2393/2533 4149/2394/4123 2540/2387/2536
f 1476/2395/1476 2660/2396/2652 4198/2397/4171 2541/2398/2537
f 1476/2395/1476 2541/2398/2537 4149/2399/4123 2537/2400/2533
f 1476/2395/1476 2537/2400/2533 4148/2401/4122 2535/2402/2531
f 1476/2395/1476 2535/2402/2531 4197/2373/4170 2660/2396/2652
f 1477/2403/1477 2659/2404/2651 4199/2405/4172 2542/2406/2538
f 1477/2403/1477 2542/2406/2538 4150/2407/4124 2538/2408/2534
f 1477/2403/1477 2538/2408/2534 4149/2399/4123 2541/2398/2537
f 1477/2403/1477 2541/2398/2537 4198/2397/4171 2659/2404/2651
f 1478/2409/1478 2543/2410/2539 4215/2411/4188 2711/2412/2703
f 1478/2409/1478 2711/2412/2703 4214/2388/4187 2540/2387/2536
f 1478/2409/1478 2540/2387/2536 4149/2394/4123 2538/2413/2534
f 1478/2409/1478 2538/2413/2534 4150/2414/4124 2543/2410/2539
f 1479/2415/1479 2544/2416/2540 4216/2417/4189 2710/2418/2702
f 1479/2415/1479 2710/2418/2702 4215/2411/4188 2543/2410/2539
f 1479/2415/1479 2543/2410/2539 4150/2414/4124 2539/2419/2535
f 1479/2415/1479 2539/2419/2535 4151/2420/4125 2544/2416/2540
f 1480/2421/1480 2658/2422/2650 4200/2423/4173 2545/2424/2541
f 1480/2421/1480 2545/2424/2541 4151/2420/4125 2539/2419/2535
f 1480/2421/1480 2539/2419/2535 4150/2414/4124 2542/2425/2538
f 1480/2421/1480 2542/2425/2538 4199/2426/4172 2658/2422/2650
f 1481/2427/1481 2654/2428/2646 4201/2429/4174 2657/2430/2649
f 1481/2427/1481 2657/2430/2649 4200/2423/4173 2653/2431/2645
f 1481/2427/1481 2653/2431/2645 4141/2432/4115 2524/2433/2520
f 1481/2427/1481 2524/2433/2520 4145/2434/4119 2654/2428/2646
f 1482/2435/1482 2548/2436/2544 4217/2437/4190 2709/2438/2701
f 1482/2435/1482 2709/2438/2701 4216/2417/4189 2544/2416/2540
f 1482/2435/1482 2544/2416/2540 4151/2420/4125 2546/2439/2542
f 1482/2435/1482 2546/2439/2542 4152/2440/4126 2548/2436/2544
f 1483/2441/1483 2708/2442/2700 4223/2443/4196 2696/2444/2688
f 1483/2441/1483 2696/2444/2688 4175/2445/4149 2595/2446/2590
f 1483/2441/1483 2595/2446/2590 4144/2447/4118 2550/2448/2546
f 1483/2441/1483 2550/2448/2546 4219/2449/4192 2708/2442/2700
f 1484/2450/1484 2707/2451/2699 4226/2452/4199 2698/2453/2690
f 1484/2450/1484 2698/2453/2690 4201/2429/4174 2654/2428/2646
f 1484/2450/1484 2654/2428/2646 4145/2434/4119 2549/2454/2545
f 1484/2450/1484 2549/2454/2545 4218/2455/4191 2707/2451/2699
f 1485/2456/1485 2284/2457/2280 4826/2458/4790 2280/2459/2276
f 1485/2456/1485 2280/2459/2276 4040/2460/4015 2553/2461/2549
f 1485/2456/1485 2553/2461/2549 4153/2462/4127 2555/2463/2551
f 1485/2456/1485 2555/2463/2551 4855/2464/4814 2284/2457/2280
f 1486/2465/1486 2552/2466/2548 4855/2464/4814 2555/2463/2551
f 1486/2465/1486 2555/2463/2551 4153/2462/4127 2554/2467/2550
f 1486/2465/1486 2554/2467/2550 4154/1710/4128 2556/1709/2552
f 1486/2465/1486 2556/1709/2552 4854/1708/4813 2552/2466/2548
f 1487/2468/1487 2706/2469/2698 4220/2470/4193 2557/2471/2553
f 1487/2468/1487 2557/2471/2553 4153/2472/4127 2553/2473/2549
f 1487/2468/1487 2553/2473/2549 4040/2474/4015 2692/2475/2684
f 1487/2468/1487 2692/2475/2684 4219/2476/4192 2706/2469/2698
f 1488/2477/1488 2705/2478/2697 4221/2479/4194 2558/2480/2554
f 1488/2477/1488 2558/2480/2554 4154/2481/4128 2554/2482/2550
f 1488/2477/1488 2554/2482/2550 4153/2472/4127 2557/2471/2553
f 1488/2477/1488 2557/2471/2553 4220/2470/4193 2705/2478/2697
f 1489/2483/1489 2673/2484/2665 4864/2485/4821 2704/2486/2696
f 1489/2483/1489 2704/2486/2696 4222/2487/4195 2560/2488/2556
f 1489/2483/1489 2560/2488/2556 4155/2489/4129 2561/2490/2557
f 1489/2483/1489 2561/2490/2557 4856/2491/4815 2673/2484/2665
f 1490/2492/1490 2560/2493/2556 4222/2494/4195 2703/2495/2695
f 1490/2492/1490 2703/2495/2695 4221/2479/4194 2694/2496/2686
f 1490/2492/1490 2694/2496/2686 4142/2345/4116 2562/2497/2558
f 1490/2492/1490 2562/2497/2558 4155/2498/4129 2560/2493/2556
f 1491/2499/1491 2559/2500/2555 4856/2491/4815 2561/2490/2557
f 1491/2499/1491 2561/2490/2557 4155/2489/4129 2563/2501/2559
f 1491/2499/1491 2563/2501/2559 4156/2502/4130 2565/2503/2561
f 1491/2499/1491 2565/2503/2561 4157/2504/4131 2559/2500/2555
f 1492/2505/1492 2527/2344/2523 4138/2331/4112 2566/2506/2562
f 1492/2505/1492 2566/2506/2562 4156/2507/4130 2563/2508/2559
f 1492/2505/1492 2563/2508/2559 4155/2498/4129 2562/2497/2558
f 1492/2505/1492 2562/2497/2558 4142/2345/4116 2527/2344/2523
f 1493/2509/1493 2564/2510/2560 4157/2504/4131 2565/2503/2561
f 1493/2509/1493 2565/2503/2561 4156/2502/4130 2567/2511/2563
f 1493/2509/1493 2567/2511/2563 4158/1719/4132 2569/1718/2565
f 1493/2509/1493 2569/1718/2565 4159/1717/4133 2564/2510/2560
f 1494/2512/1494 2520/2330/2516 4134/2317/4108 2570/2513/2566
f 1494/2512/1494 2570/2513/2566 4158/2514/4132 2567/2515/2563
f 1494/2512/1494 2567/2515/2563 4156/2507/4130 2566/2506/2562
f 1494/2512/1494 2566/2506/2562 4138/2331/4112 2520/2330/2516
f 1495/2516/1495 2288/2517/2284 4158/2514/4132 2570/2513/2566
f 1495/2516/1495 2570/2513/2566 4134/2317/4108 2513/2316/2509
f 1495/2516/1495 2513/2316/2509 4130/2303/4104 2571/2518/2567
f 1495/2516/1495 2571/2518/2567 4043/2519/4018 2288/2517/2284
f 1496/2520/1496 2291/2521/2287 4043/2519/4018 2571/2518/2567
f 1496/2520/1496 2571/2518/2567 4130/2303/4104 2506/2302/2502
f 1496/2520/1496 2506/2302/2502 4126/2289/4100 2572/2522/2568
f 1496/2520/1496 2572/2522/2568 4045/2523/4020 2291/2521/2287
f 1497/2524/1497 2294/2525/2290 4045/2523/4020 2572/2522/2568
f 1497/2524/1497 2572/2522/2568 4126/2289/4100 2573/2526/2569
f 1497/2524/1497 2573/2526/2569 4047/2527/4022 2297/2528/2293
f 1497/2524/1497 2297/2528/2293 4046/2529/4021 2294/2525/2290
f 1498/2530/1498 2299/2531/2295 4829/1744/4793 2295/1743/2291
f 1498/2530/1498 2295/1743/2291 4047/1742/4022 2575/2532/2571
f 1498/2530/1498 2575/2532/2571 4160/2533/4134 2576/2534/2572
f 1498/2530/1498 2576/2534/2572 4857/2535/4816 2299/2531/2295
f 1499/2536/1499 2499/2288/2495 4122/2275/4096 2577/2537/2573
f 1499/2536/1499 2577/2537/2573 4160/2538/4134 2575/2539/2571
f 1499/2536/1499 2575/2539/2571 4047/2527/4022 2573/2526/2569
f 1499/2536/1499 2573/2526/2569 4126/2289/4100 2499/2288/2495
f 1500/2540/1500 2702/2541/2694 4218/2542/4191 2549/2543/2545
f 1500/2540/1500 2549/2543/2545 4145/2544/4119 2523/2545/2519
f 1500/2540/1500 2523/2545/2519 4175/2338/4149 2696/2546/2688
f 1500/2540/1500 2696/2546/2688 4223/2547/4196 2702/2541/2694
f 1501/2548/1501 2524/2549/2520 4141/2550/4115 2516/2551/2512
f 1501/2548/1501 2516/2551/2512 4174/2324/4148 2597/2334/2592
f 1501/2548/1501 2597/2334/2592 4175/2338/4149 2523/2545/2519
f 1501/2548/1501 2523/2545/2519 4145/2544/4119 2524/2549/2520
f 1502/2552/1502 2517/2553/2513 4137/2554/4111 2509/2555/2505
f 1502/2552/1502 2509/2555/2505 4173/2310/4147 2598/2320/2593
f 1502/2552/1502 2598/2320/2593 4174/2324/4148 2516/2551/2512
f 1502/2552/1502 2516/2551/2512 4141/2550/4115 2517/2553/2513
f 1503/2556/1503 2510/2557/2506 4133/2558/4107 2502/2559/2498
f 1503/2556/1503 2502/2559/2498 4172/2296/4146 2599/2306/2594
f 1503/2556/1503 2599/2306/2594 4173/2310/4147 2509/2555/2505
f 1503/2556/1503 2509/2555/2505 4137/2554/4111 2510/2557/2506
f 1504/2560/1504 2503/2561/2499 4129/2379/4103 2495/2562/2491
f 1504/2560/1504 2495/2562/2491 4171/2282/4145 2600/2292/2595
f 1504/2560/1504 2600/2292/2595 4172/2296/4146 2502/2559/2498
f 1504/2560/1504 2502/2559/2498 4133/2558/4107 2503/2561/2499
f 1505/2563/1505 2496/2378/2492 4125/2377/4099 2488/2564/2484
f 1505/2563/1505 2488/2564/2484 4170/2268/4144 2601/2278/2596
f 1505/2563/1505 2601/2278/2596 4171/2282/4145 2495/2562/2491
f 1505/2563/1505 2495/2562/2491 4129/2379/4103 2496/2378/2492
f 1506/2565/1506 2489/2566/2485 4121/2350/4095 2481/2567/2477
f 1506/2565/1506 2481/2567/2477 4169/2254/4143 2602/2264/2597
f 1506/2565/1506 2602/2264/2597 4170/2268/4144 2488/2564/2484
f 1506/2565/1506 2488/2564/2484 4125/2377/4099 2489/2566/2485
f 1507/2568/1507 2482/2349/2478 4116/2234/4090 2477/2240/2473
f 1507/2568/1507 2477/2240/2473 4168/2239/4142 2603/2249/2598
f 1507/2568/1507 2603/2249/2598 4169/2254/4143 2481/2567/2477
f 1507/2568/1507 2481/2567/2477 4121/2350/4095 2482/2349/2478
f 1508/2569/1508 2451/2009/2447 4078/2008/4053 2588/2250/2583
f 1508/2569/1508 2588/2250/2583 4168/2239/4142 2604/2238/2599
f 1508/2569/1508 2604/2238/2599 4166/2185/4140 2456/2184/2452
f 1508/2569/1508 2456/2184/2452 4108/2010/4082 2451/2009/2447
f 1509/2570/1509 2768/2571/2756 4238/2209/4210 2758/2208/2746
f 1509/2570/1509 2758/2208/2746 4113/1994/4087 2587/2572/2582
f 1509/2570/1509 2587/2572/2582 4167/2013/4141 2763/2201/2751
f 1509/2570/1509 2763/2201/2751 4242/2200/4214 2768/2571/2756
f 1510/2573/1510 2418/2130/2414 4090/2125/4065 2446/2170/2442
f 1510/2573/1510 2446/2170/2442 4165/2169/4139 2606/2182/2601
f 1510/2573/1510 2606/2182/2601 4166/2185/4140 2586/2241/2581
f 1510/2573/1510 2586/2241/2581 4092/2131/4067 2418/2130/2414
f 1511/2574/1511 2376/2152/2372 4104/2151/4078 2585/2183/2580
f 1511/2574/1511 2585/2183/2580 4165/2169/4139 2607/2168/2602
f 1511/2574/1511 2607/2168/2602 4163/2015/4137 2583/2575/2579
f 1511/2574/1511 2583/2575/2579 4079/1992/4054 2376/2152/2372
f 1512/2576/1512 2630/2577/1512 4183/2106/1512 2627/2105/1512
f 1512/2576/1512 2627/2105/1512 4098/1988/1512 2584/2578/1512
f 1512/2576/1512 2584/2578/1512 4164/2579/4138 5797/2580/5675
f 1512/2576/1512 5797/2580/5675 4186/2581/4159 2630/2577/1512
f 1513/2582/1513 2581/2583/2577 4081/1986/4056 2378/2004/2374
f 1513/2582/1513 2378/2004/2374 4080/2003/4055 2392/2584/2388
f 1513/2582/1513 2392/2584/2388 4162/2585/4136 5795/2586/5673
f 1513/2582/1513 5795/2586/5673 5834/2587/5712 2581/2583/2577
f 1514/2588/1514 2394/2589/2390 4083/2000/4058 2380/1999/2376
f 1514/2588/1514 2380/1999/2376 4082/1998/4057 2390/2590/2386
f 1514/2588/1514 2390/2590/2386 5527/2591/5417 2609/2592/2604
f 1514/2588/1514 2609/2592/2604 5528/2593/5418 2394/2589/2390
f 1515/2594/1515 2587/2572/2582 4113/1994/4087 2463/1993/2459
f 1515/2594/1515 2463/1993/2459 4079/1992/4054 2583/2575/2579
f 1515/2594/1515 2583/2575/2579 4163/2015/4137 2610/2014/2605
f 1515/2594/1515 2610/2014/2605 4167/2013/4141 2587/2572/2582
f 1516/2595/1516 2584/2578/1512 4098/1988/1512 2424/1987/2420
f 1516/2595/1516 2424/1987/2420 4081/1986/4056 2581/2583/2577
f 1516/2595/1516 2581/2583/2577 5834/2587/5712 2611/2596/2606
f 1516/2595/1516 2611/2596/2606 4164/2579/4138 2584/2578/1512
f 1517/2597/1517 2281/2598/2277 4038/1696/4013 2277/1695/2273
f 1517/2597/1517 2277/1695/2273 4039/1694/4014 2579/2599/2575
f 1517/2597/1517 2579/2599/2575 4161/1701/4135 2612/1700/2607
f 1517/2597/1517 2612/1700/2607 4858/1699/4817 2281/2598/2277
f 1518/2600/1518 2850/2601/2838 4287/2602/4258 2847/2603/2835
f 1518/2600/1518 2847/2603/2835 4224/2604/4197 2743/2605/2732
f 1518/2600/1518 2743/2605/2732 4063/1865/4038 2343/1864/2339
f 1518/2600/1518 2343/1864/2339 4270/1863/4241 2850/2601/2838
f 1519/2606/1519 2849/2607/2837 4271/2608/4242 2844/2609/2832
f 1519/2606/1519 2844/2609/2832 4177/2610/4151 2619/2611/2614
f 1519/2606/1519 2619/2611/2614 4286/2612/4257 2845/2613/2833
f 1519/2606/1519 2845/2613/2833 4275/2614/4246 2849/2607/2837
f 1520/2615/1520 2848/2616/2836 4269/1800/2829 2841/2617/2829
f 1520/2615/1520 2841/2617/2829 4176/2618/4150 2620/2619/2615
f 1520/2615/1520 2620/2619/2615 4177/2620/4151 2844/2621/2832
f 1520/2615/1520 2844/2621/2832 4271/2622/4242 2848/2616/2836
f 1521/2623/1521 2740/2624/2608 4866/2625/2608 2744/2626/1576
f 1521/2623/1521 2744/2626/1576 4231/2627/2609 2614/2628/2609
f 1521/2623/1521 2614/2628/2609 4176/2618/4150 2621/2629/1627
f 1521/2623/1521 2621/2629/1627 4859/2630/2608 2740/2624/2608
f 1522/2631/1522 2391/2632/2387 4277/2633/4248 2379/2634/2375
f 1522/2631/1522 2379/2634/2375 4183/2106/1512 2630/2577/1512
f 1522/2631/1522 2630/2577/1512 4186/2581/4159 2608/2635/2603
f 1522/2631/1522 2608/2635/2603 4279/2636/4250 2391/2632/2387
f 1523/2637/1523 2357/1913/2353 4052/1784/4027 2312/1783/2308
f 1523/2637/1523 2312/1783/2308 4180/1782/4154 2631/2112/2623
f 1523/2637/1523 2631/2112/2623 4181/2115/4155 2352/2638/2348
f 1523/2637/1523 2352/2638/2348 4069/1914/4044 2357/1913/2353
f 1524/2639/1524 2375/1979/2371 4069/1978/4044 2352/2640/2348
f 1524/2639/1524 2352/2640/2348 4181/2109/4155 2632/2108/2624
f 1524/2639/1524 2632/2108/2624 4182/2103/4156 2365/2641/2361
f 1524/2639/1524 2365/2641/2361 4278/1980/4249 2375/1979/2371
f 1525/2642/1525 2382/2643/2378 4278/1980/4249 2365/2641/2361
f 1525/2642/1525 2365/2641/2361 4182/2103/4156 2633/2102/2625
f 1525/2642/1525 2633/2102/2625 4183/2106/1512 2379/2634/2375
f 1525/2642/1525 2379/2634/2375 4277/2633/4248 2382/2643/2378
f 1526/2644/1526 2580/2645/2576 4279/2636/4250 2608/2635/2603
f 1526/2644/1526 2608/2635/2603 4186/2581/4159 5798/2646/5676
f 1526/2644/1526 5798/2646/5676 4184/2647/4157 2389/2648/2385
f 1526/2644/1526 2389/2648/2385 4281/2649/4252 2580/2645/2576
f 1527/2650/1527 2642/2651/2634 4280/2652/4251 2655/2653/2647
f 1527/2650/1527 2655/2653/2647 5836/2097/5714 2634/2096/2626
f 1527/2650/1527 2634/2096/2626 4185/2100/4158 2397/2654/2393
f 1527/2650/1527 2397/2654/2393 4284/2655/4255 2642/2651/2634
f 1528/2656/1528 2676/2067/2668 4283/2066/4254 2700/2657/2692
f 1528/2656/1528 2700/2657/2692 4225/2093/4198 2635/2092/2627
f 1528/2656/1528 2635/2092/2627 4179/1602/4153 2623/2658/2617
f 1528/2656/1528 2623/2658/2617 4024/1595/3999 2676/2067/2668
f 1529/2659/1529 2422/2660/2418 4847/2119/2418 2432/2118/2428
f 1529/2659/1529 2432/2118/2428 4095/1888/4070 2624/2113/2618
f 1529/2659/1529 2624/2113/2618 4180/1782/4154 2636/1781/2628
f 1529/2659/1529 2636/1781/2628 4861/1780/2418 2422/2660/2418
f 1530/2661/1530 2236/2662/2233 4807/1597/4771 2232/1596/2229
f 1530/2661/1530 2232/1596/2229 4024/1595/3999 2623/2658/2617
f 1530/2661/1530 2623/2658/2617 4179/1602/4153 2637/1601/2629
f 1530/2661/1530 2637/1601/2629 4860/1600/4818 2236/2662/2233
f 1531/2663/1531 2399/2664/2395 4281/2649/4252 2389/2648/2385
f 1531/2663/1531 2389/2648/2385 4184/2647/4157 5801/2665/5679
f 1531/2663/1531 5801/2665/5679 5836/2097/5714 2655/2653/2647
f 1531/2663/1531 2655/2653/2647 4280/2652/4251 2399/2664/2395
f 1532/2666/1532 2699/2667/2691 4217/2437/4190 2548/2436/2544
f 1532/2666/1532 2548/2436/2544 4152/2440/4126 2547/2668/2543
f 1532/2666/1532 2547/2668/2543 4201/2429/4174 2698/2453/2690
f 1532/2666/1532 2698/2453/2690 4226/2452/4199 2699/2667/2691
f 1533/2669/1533 2547/2668/2543 4152/2440/4126 2546/2439/2542
f 1533/2669/1533 2546/2439/2542 4151/2420/4125 2545/2424/2541
f 1533/2669/1533 2545/2424/2541 4200/2423/4173 2657/2430/2649
f 1533/2669/1533 2657/2430/2649 4201/2429/4174 2547/2668/2543
f 1534/2670/1534 2517/2671/2513 4141/2432/4115 2653/2431/2645
f 1534/2670/1534 2653/2431/2645 4200/2423/4173 2658/2422/2650
f 1534/2670/1534 2658/2422/2650 4199/2426/4172 2652/2672/2644
f 1534/2670/1534 2652/2672/2644 4137/2673/4111 2517/2671/2513
f 1535/2674/1535 2510/2557/2506 4137/2554/4111 2652/2675/2644
f 1535/2674/1535 2652/2675/2644 4199/2405/4172 2659/2404/2651
f 1535/2674/1535 2659/2404/2651 4198/2397/4171 2651/2676/2643
f 1535/2674/1535 2651/2676/2643 4133/2558/4107 2510/2557/2506
f 1536/2677/1536 2503/2561/2499 4133/2558/4107 2651/2676/2643
f 1536/2677/1536 2651/2676/2643 4198/2397/4171 2660/2396/2652
f 1536/2677/1536 2660/2396/2652 4197/2373/4170 2650/2372/2642
f 1536/2677/1536 2650/2372/2642 4129/2379/4103 2503/2561/2499
f 1537/2678/1537 2535/2402/2531 4148/2401/4122 2530/2679/2526
f 1537/2678/1537 2530/2679/2526 4147/2680/4121 2534/2681/2530
f 1537/2678/1537 2534/2681/2530 4196/2375/4169 2661/2374/2653
f 1537/2678/1537 2661/2374/2653 4197/2373/4170 2535/2402/2531
f 1538/2682/1538 2489/2566/2485 4125/2377/4099 2649/2376/2641
f 1538/2682/1538 2649/2376/2641 4196/2375/4169 2662/2683/2654
f 1538/2682/1538 2662/2683/2654 4195/2352/4168 2648/2351/2640
f 1538/2682/1538 2648/2351/2640 4121/2350/4095 2489/2566/2485
f 1539/2684/1539 2528/2357/2524 4117/2245/4091 2474/2685/2470
f 1539/2684/1539 2474/2685/2470 4194/2686/4167 2663/2687/2655
f 1539/2684/1539 2663/2687/2655 4195/2370/4168 2531/2369/2527
f 1539/2684/1539 2531/2369/2527 4146/2358/4120 2528/2357/2524
f 1540/2688/1540 2475/2244/2471 4100/2144/4074 2401/2689/2397
f 1540/2688/1540 2401/2689/2397 4190/2690/4163 2664/2691/2656
f 1540/2688/1540 2664/2691/2656 4194/2686/4167 2474/2685/2470
f 1540/2688/1540 2474/2685/2470 4117/2245/4091 2475/2244/2471
f 1541/2692/1541 2767/2693/2755 4239/2203/4211 2759/2202/2747
f 1541/2692/1541 2759/2202/2747 4114/2019/4088 2646/2694/2638
f 1541/2692/1541 2646/2694/2638 4193/2695/4166 2764/2696/2752
f 1541/2692/1541 2764/2696/2752 4243/2697/4215 2767/2693/2755
f 1542/2698/1542 2402/2143/2398 4091/2138/4066 2433/2699/2429
f 1542/2698/1542 2433/2699/2429 4192/2700/4165 2666/2701/2658
f 1542/2698/1542 2666/2701/2658 4190/2690/4163 2401/2689/2397
f 1542/2698/1542 2401/2689/2397 4100/2144/4074 2402/2143/2398
f 1543/2702/1543 2412/2137/2408 4087/2041/4062 2400/2040/2396
f 1543/2702/1543 2400/2040/2396 4189/2039/4162 2667/2703/2659
f 1543/2702/1543 2667/2703/2659 4192/2700/4165 2433/2699/2429
f 1543/2702/1543 2433/2699/2429 4091/2138/4066 2412/2137/2408
f 1544/2704/1544 2646/2705/2638 4114/2706/4088 2464/2707/2460
f 1544/2704/1544 2464/2707/2460 4084/2708/4059 2643/2709/2635
f 1544/2704/1544 2643/2709/2635 4189/2039/4162 2669/2038/2661
f 1544/2704/1544 2669/2038/2661 4193/2037/4166 2646/2705/2638
f 2160/2710/2159 2274/2711/2271 4823/2712/4787 2639/2713/2631
f 2160/2710/2159 2639/2713/2631 4187/1692/4160 2672/1691/2664
f 2160/2710/2159 2672/1691/2664 4862/1690/4819 2278/2714/2274
f 1545/2715/1545 2639/2713/2631 4823/2712/4787 2690/2716/2682
f 1545/2715/1545 2690/2716/2682 4217/2437/4190 2699/2667/2691
f 1545/2715/1545 2699/2667/2691 4226/2452/4199 2656/2717/2648
f 1545/2715/1545 2656/2717/2648 4187/1692/4160 2639/2713/2631
f 1546/2718/1546 2417/2719/2413 4284/2720/4255 2397/2721/2393
f 1546/2718/1546 2397/2721/2393 4185/2722/4158 2697/2723/2689
f 1546/2718/1546 2697/2723/2689 4225/2093/4198 2700/2657/2692
f 1546/2718/1546 2700/2657/2692 4283/2066/4254 2417/2719/2413
f 1547/2724/1547 2579/2599/2575 4039/1694/4014 2691/2725/2683
f 1547/2724/1547 2691/2725/2683 4218/2455/4191 2702/2726/2694
f 1547/2724/1547 2702/2726/2694 4223/2443/4196 2596/2727/2591
f 1547/2724/1547 2596/2727/2591 4161/1701/4135 2579/2599/2575
f 1548/2728/1548 2695/2729/2687 4041/2730/4016 2285/2731/2281
f 1548/2728/1548 2285/2731/2281 4154/2481/4128 2558/2480/2554
f 1548/2728/1548 2558/2480/2554 4221/2479/4194 2703/2495/2695
f 1548/2728/1548 2703/2495/2695 4222/2494/4195 2695/2729/2687
f 1549/2732/1549 2287/2733/2283 4827/2734/4791 2283/2735/2279
f 1549/2732/1549 2283/2735/2279 4041/2736/4016 2695/2737/2687
f 1549/2732/1549 2695/2737/2687 4222/2487/4195 2704/2486/2696
f 1549/2732/1549 2704/2486/2696 4864/2485/4821 2287/2733/2283
f 1550/2738/1550 2521/2346/2517 4142/2345/4116 2694/2496/2686
f 1550/2738/1550 2694/2496/2686 4221/2479/4194 2705/2478/2697
f 1550/2738/1550 2705/2478/2697 4220/2470/4193 2693/2739/2685
f 1550/2738/1550 2693/2739/2685 4143/2341/4117 2521/2346/2517
f 1551/2740/1551 2522/2342/2518 4143/2341/4117 2693/2739/2685
f 1551/2740/1551 2693/2739/2685 4220/2470/4193 2706/2469/2698
f 1551/2740/1551 2706/2469/2698 4219/2476/4192 2550/2741/2546
f 1551/2740/1551 2550/2741/2546 4144/2336/4118 2522/2342/2518
f 1552/2742/1552 2279/1693/2275 4187/1692/4160 2656/2717/2648
f 1552/2742/1552 2656/2717/2648 4226/2452/4199 2707/2451/2699
f 1552/2742/1552 2707/2451/2699 4218/2455/4191 2691/2725/2683
f 1552/2742/1552 2691/2725/2683 4039/1694/4014 2279/1693/2275
f 1553/2743/1553 2282/1702/2278 4161/1701/4135 2596/2727/2591
f 1553/2743/1553 2596/2727/2591 4223/2443/4196 2708/2442/2700
f 1553/2743/1553 2708/2442/2700 4219/2449/4192 2692/2744/2684
f 1553/2743/1553 2692/2744/2684 4040/1703/4015 2282/1702/2278
f 1554/2745/1554 2690/2716/2682 4823/2712/4787 2276/2746/2272
f 1554/2745/1554 2276/2746/2272 4821/2747/4785 2689/2748/2681
f 1554/2745/1554 2689/2748/2681 4216/2417/4189 2709/2438/2701
f 1554/2745/1554 2709/2438/2701 4217/2437/4190 2690/2716/2682
f 1555/2749/1555 2689/2748/2681 4821/2747/4785 2273/2750/2270
f 1555/2749/1555 2273/2750/2270 4037/1676/4012 2688/2751/2680
f 1555/2749/1555 2688/2751/2680 4215/2411/4188 2710/2418/2702
f 1555/2749/1555 2710/2418/2702 4216/2417/4189 2689/2748/2681
f 1556/2752/1556 2688/2751/2680 4037/1676/4012 2270/1675/2267
f 1556/2752/1556 2270/1675/2267 4036/1674/4011 2687/2753/2679
f 1556/2752/1556 2687/2753/2679 4214/2388/4187 2711/2412/2703
f 1556/2752/1556 2711/2412/2703 4215/2411/4188 2688/2751/2680
f 1557/2754/1557 2687/2753/2679 4036/1674/4011 2267/2755/2264
f 1557/2754/1557 2267/2755/2264 4035/2756/4010 2686/2757/2678
f 1557/2754/1557 2686/2757/2678 4213/2390/4186 2712/2389/2704
f 1557/2754/1557 2712/2389/2704 4214/2388/4187 2687/2753/2679
f 1558/2758/1558 2686/2759/2678 4035/1661/4010 2264/1660/2261
f 1558/2758/1558 2264/1660/2261 4033/1655/4008 2685/2760/2677
f 1558/2758/1558 2685/2760/2677 4212/2361/4185 2713/2383/2705
f 1558/2758/1558 2713/2383/2705 4213/2382/4186 2686/2759/2678
f 1559/2761/1559 2685/2760/2677 4033/1655/4008 2261/1654/2258
f 1559/2761/1559 2261/1654/2258 4032/1649/4007 2684/2762/2676
f 1559/2761/1559 2684/2762/2676 4211/2355/4184 2714/2362/2706
f 1559/2761/1559 2714/2362/2706 4212/2361/4185 2685/2760/2677
f 1560/2763/1560 2684/2762/2676 4032/1649/4007 2258/1648/2255
f 1560/2763/1560 2258/1648/2255 4031/1643/4006 2683/2764/2675
f 1560/2763/1560 2683/2764/2675 4210/2247/4183 2715/2356/2707
f 1560/2763/1560 2715/2356/2707 4211/2355/4184 2684/2762/2676
f 1561/2765/1561 2255/1642/2252 4030/1637/4005 2681/2766/2673
f 1561/2765/1561 2681/2766/2673 4208/2146/4181 2716/2243/2708
f 1561/2765/1561 2716/2243/2708 4210/2247/4183 2683/2764/2675
f 1561/2765/1561 2683/2764/2675 4031/1643/4006 2255/1642/2252
f 1562/2767/1562 2766/2768/2754 4240/2197/4212 2760/2196/2748
f 1562/2767/1562 2760/2196/2748 4115/2043/4089 2682/2769/2674
f 1562/2767/1562 2682/2769/2674 4209/2058/4182 2765/2189/2753
f 1562/2767/1562 2765/2189/2753 4244/2188/4216 2766/2768/2754
f 1563/2770/1563 2252/1636/2249 4029/1631/4004 2680/2771/2672
f 1563/2770/1563 2680/2771/2672 4207/2140/4180 2718/2142/2710
f 1563/2770/1563 2718/2142/2710 4208/2146/4181 2681/2766/2673
f 1563/2770/1563 2681/2766/2673 4030/1637/4005 2252/1636/2249
f 1564/2772/1564 2249/1630/2246 4028/1625/4003 2427/2061/2423
f 1564/2772/1564 2427/2061/2423 4205/2060/4178 2719/2135/2711
f 1564/2772/1564 2719/2135/2711 4207/2140/4180 2680/2771/2672
f 1564/2772/1564 2680/2771/2672 4029/1631/4004 2249/1630/2246
f 1565/2773/1565 2697/2723/2689 4185/2722/4158 2628/2774/2621
f 1565/2773/1565 2628/2774/2621 4099/2775/4073 2679/2776/2671
f 1565/2773/1565 2679/2776/2671 4206/2052/4179 2720/2094/2712
f 1565/2773/1565 2720/2094/2712 4225/2093/4198 2697/2723/2689
f 1566/2777/1566 2677/2778/2669 4089/2779/4064 2396/2780/2392
f 1566/2777/1566 2396/2780/2392 4088/2781/4063 2410/2782/2406
f 1566/2777/1566 2410/2782/2406 4202/2070/4175 2722/2069/2714
f 1566/2777/1566 2722/2069/2714 4204/2054/4177 2677/2778/2669
f 1567/2783/1567 2682/2769/2674 4115/2043/4089 2465/2042/2461
f 1567/2783/1567 2465/2042/2461 4087/2041/4062 2678/2136/2670
f 1567/2783/1567 2678/2136/2670 4205/2060/4178 2724/2059/2716
f 1567/2783/1567 2724/2059/2716 4209/2058/4182 2682/2769/2674
f 1568/2784/1568 2679/2776/2671 4099/2775/4073 2425/2785/2421
f 1568/2784/1568 2425/2785/2421 4089/2779/4064 2677/2778/2669
f 1568/2784/1568 2677/2778/2669 4204/2054/4177 2725/2053/2717
f 1568/2784/1568 2725/2053/2717 4206/2052/4179 2679/2776/2671
f 1569/2786/1569 2317/2787/2313 4835/1795/4799 2313/1794/2309
f 1569/2786/1569 2313/1794/2309 4053/1793/4028 2728/1924/2719
f 1569/2786/1569 2728/1924/2719 4227/1923/4200 2732/2788/1576
f 1569/2786/1569 2732/2788/1576 4865/2789/2608 2317/2787/2313
f 1570/2790/1570 2733/2791/2723 4291/2792/4262 2739/2793/2729
f 1570/2790/1570 2739/2793/2729 4293/2046/4264 2745/2045/2733
f 1570/2790/1570 2745/2045/2733 4021/1578/3996 2348/1876/2344
f 1570/2790/1570 2348/1876/2344 4064/1871/4039 2733/2791/2723
f 1571/2794/1571 2742/2795/2731 4232/2796/4204 2737/2797/2727
f 1571/2794/1571 2737/2797/2727 4228/1946/4201 2734/1945/2724
f 1571/2794/1571 2734/1945/2724 4292/1952/4263 2738/2798/2728
f 1571/2794/1571 2738/2798/2728 4285/2799/4256 2742/2795/2731
f 1572/2800/1572 2741/2801/2730 4231/2627/2609 2736/2802/2726
f 1572/2800/1572 2736/2802/2726 4227/1923/4200 2735/1922/2725
f 1572/2800/1572 2735/1922/2725 4228/1928/4201 2737/2803/2727
f 1572/2800/1572 2737/2803/2727 4232/2804/4204 2741/2801/2730
f 1573/2805/1573 2620/2619/2615 4176/2618/4150 2614/2628/2609
f 1573/2805/1573 2614/2628/2609 4231/2627/2609 2741/2801/2730
f 1573/2805/1573 2741/2801/2730 4232/2804/4204 2615/2806/2610
f 1573/2805/1573 2615/2806/2610 4177/2620/4151 2620/2619/2615
f 1574/2807/1574 2619/2611/2614 4177/2610/4151 2615/2808/2610
f 1574/2807/1574 2615/2808/2610 4232/2796/4204 2742/2795/2731
f 1574/2807/1574 2742/2795/2731 4285/2799/4256 2616/2809/2611
f 1574/2807/1574 2616/2809/2611 4286/2612/4257 2619/2611/2614
f 1575/2810/1575 2743/2605/2732 4224/2604/4197 2726/2811/2718
f 1575/2810/1575 2726/2811/2718 4291/2792/4262 2733/2791/2723
f 1575/2810/1575 2733/2791/2723 4064/1871/4039 2346/1870/2342
f 1575/2810/1575 2346/1870/2342 4063/1865/4038 2743/2605/2732
f 1576/2812/1576 2727/2813/2608 4865/2789/2608 2732/2788/1576
f 1576/2812/1576 2732/2788/1576 4227/1923/4200 2736/2802/2726
f 1576/2812/1576 2736/2802/2726 4231/2627/2609 2744/2626/1576
f 1576/2812/1576 2744/2626/1576 4866/2625/2608 2727/2813/2608
f 1577/2814/1577 2361/1925/2357 4053/1793/4028 2315/1792/2311
f 1577/2814/1577 2315/1792/2311 4233/1791/4205 2749/2083/2737
f 1577/2814/1577 2749/2083/2737 4229/2086/4202 2353/2815/2349
f 1577/2814/1577 2353/2815/2349 4070/1926/4045 2361/1925/2357
f 1578/2816/1578 2374/1949/2370 4070/1948/4045 2353/2817/2349
f 1578/2816/1578 2353/2817/2349 4229/2078/4202 2750/2077/2738
f 1578/2816/1578 2750/2077/2738 4273/2081/4244 2366/2818/2362
f 1578/2816/1578 2366/2818/2362 4274/1950/4245 2374/1949/2370
f 1579/2819/1579 2415/2049/2411 4289/2048/4260 2721/2820/2713
f 1579/2819/1579 2721/2820/2713 4288/2074/4259 2751/2073/2739
f 1579/2819/1579 2751/2073/2739 4178/1587/4152 2674/2821/2666
f 1579/2819/1579 2674/2821/2666 4022/1580/3997 2415/2049/2411
f 1580/2822/1580 2408/2823/2404 4848/2090/2404 2421/2089/2417
f 1580/2822/1580 2421/2089/2417 4093/1911/4068 2406/2084/2402
f 1580/2822/1580 2406/2084/2402 4233/1791/4205 2752/1790/2740
f 1580/2822/1580 2752/1790/2740 4867/1789/2404 2408/2823/2404
f 1581/2824/1581 2230/2825/2227 4805/1582/4769 2228/1581/2225
f 1581/2824/1581 2228/1581/2225 4022/1580/3997 2674/2821/2666
f 1581/2824/1581 2674/2821/2666 4178/1587/4152 2753/1586/2741
f 1581/2824/1581 2753/1586/2741 4849/1585/4811 2230/2825/2227
f 1582/2826/1582 2410/2782/2406 4088/2781/4063 2395/2827/2391
f 1582/2826/1582 2395/2827/2391 4240/2197/4212 2766/2768/2754
f 1582/2826/1582 2766/2768/2754 4244/2188/4216 2717/2828/2709
f 1582/2826/1582 2717/2828/2709 4202/2070/4175 2410/2782/2406
f 1583/2829/1583 2641/2830/2633 5833/2831/5711 2388/2832/2384
f 1583/2829/1583 2388/2832/2384 4239/2833/4211 2767/2834/2755
f 1583/2829/1583 2767/2834/2755 4243/2194/4215 2665/2835/2657
f 1583/2829/1583 2665/2835/2657 5835/2836/5713 2641/2830/2633
f 1584/2837/1584 2392/2584/2388 4080/2003/4055 2377/2838/2373
f 1584/2837/1584 2377/2838/2373 4238/2209/4210 2768/2571/2756
f 1584/2837/1584 2768/2571/2756 4242/2200/4214 2605/2839/2600
f 1584/2837/1584 2605/2839/2600 4162/2585/4136 2392/2584/2388
f 1585/2840/1585 2245/2841/2242 4810/1618/4774 2241/1617/2238
f 1585/2840/1585 2241/1617/2238 4027/1616/4002 2761/2842/2749
f 1585/2840/1585 2761/2842/2749 4241/2191/4213 2769/2230/2757
f 1585/2840/1585 2769/2230/2757 4868/2229/4822 2245/2841/2242
f 1586/2843/1586 2360/1918/2356 4050/1769/4025 2306/1768/2302
f 1586/2843/1586 2306/1768/2302 4235/1767/4207 2770/2215/2758
f 1586/2843/1586 2770/2215/2758 4236/2221/4208 2350/2844/2346
f 1586/2843/1586 2350/2844/2346 4067/1919/4042 2360/1918/2356
f 1587/2845/1587 2370/1934/2366 4067/1933/4042 2350/2846/2346
f 1587/2845/1587 2350/2846/2346 4236/2212/4208 2771/2211/2759
f 1587/2845/1587 2771/2211/2759 4237/2206/4209 2363/2847/2359
f 1587/2845/1587 2363/2847/2359 4074/1935/4049 2370/1934/2366
f 1588/2848/1588 2384/2002/2380 4074/1935/4049 2363/2847/2359
f 1588/2848/1588 2363/2847/2359 4237/2206/4209 2772/2205/2760
f 1588/2848/1588 2772/2205/2760 4238/2209/4210 2377/2838/2373
f 1588/2848/1588 2377/2838/2373 4080/2003/4055 2384/2002/2380
f 1589/2849/1589 2582/2850/2578 4162/2585/4136 2605/2839/2600
f 1589/2849/1589 2605/2839/2600 4242/2200/4214 2773/2199/2761
f 1589/2849/1589 2773/2199/2761 4239/2203/4211 2388/2851/2384
f 1589/2849/1589 2388/2851/2384 5833/2852/5711 2582/2850/2578
f 1590/2853/1590 2398/2854/2394 5835/2836/5713 2665/2835/2657
f 1590/2853/1590 2665/2835/2657 4243/2194/4215 2774/2193/2762
f 1590/2853/1590 2774/2193/2762 4240/2197/4212 2395/2827/2391
f 1590/2853/1590 2395/2827/2391 4088/2781/4063 2398/2854/2394
f 1591/2855/1591 2675/2071/2667 4202/2070/4175 2717/2828/2709
f 1591/2855/1591 2717/2828/2709 4244/2188/4216 2775/2187/2763
f 1591/2855/1591 2775/2187/2763 4241/2191/4213 2761/2842/2749
f 1591/2855/1591 2761/2842/2749 4027/1616/4002 2675/2071/2667
f 1592/2856/1592 2459/2857/2455 4853/2226/2455 2472/2225/2468
f 1592/2856/1592 2472/2225/2468 4110/2217/4084 2755/2216/2743
f 1592/2856/1592 2755/2216/2743 4235/1767/4207 2776/1766/2764
f 1592/2856/1592 2776/1766/2764 4869/1765/2455 2459/2857/2455
f 1593/2858/1593 2779/2859/2767 5520/2860/5410 2777/2861/2765
f 1593/2858/1593 2777/2861/2765 4388/1856/4359 2339/1855/2335
f 1593/2858/1593 2339/1855/2335 4062/1850/4037 2783/2862/2771
f 1593/2858/1593 2783/2862/2771 4247/2863/4219 2779/2859/2767
f 1594/2864/1594 2782/2865/2770 4247/2863/4219 2783/2862/2771
f 1594/2864/1594 2783/2862/2771 4062/1850/4037 2337/1849/2333
f 1594/2864/1594 2337/1849/2333 4061/1844/4036 2784/2866/2772
f 1594/2864/1594 2784/2866/2772 4249/2867/4221 2782/2865/2770
f 1595/2868/1595 2784/2869/2772 4061/2870/4036 2334/2871/2330
f 1595/2868/1595 2334/2871/2330 4060/2872/4035 2786/2873/2774
f 1595/2868/1595 2786/2873/2774 4248/2874/4220 2778/2875/2766
f 1595/2868/1595 2778/2875/2766 4249/2876/4221 2784/2869/2772
f 1596/2877/1596 2782/2865/2770 4249/2867/4221 2778/2878/2766
f 1596/2877/1596 2778/2878/2766 4248/2879/4220 2780/2880/2768
f 1596/2877/1596 2780/2880/2768 4246/2881/4218 2781/2882/2769
f 1596/2877/1596 2781/2882/2769 4247/2863/4219 2782/2865/2770
f 1597/2883/1597 5407/2884/5297 5520/2860/5410 2779/2859/2767
f 1597/2883/1597 2779/2859/2767 4247/2863/4219 2781/2882/2769
f 1597/2883/1597 2781/2882/2769 4246/2881/4218 2785/2885/2773
f 1597/2883/1597 2785/2885/2773 4245/2886/4217 5407/2884/5297
f 1598/2887/1598 2788/2888/2776 4267/2889/4239 2836/2890/2824
f 1598/2887/1598 2836/2890/2824 4266/2891/4238 2787/2892/2775
f 1598/2887/1598 2787/2892/2775 4246/2893/4218 2780/2894/2768
f 1598/2887/1598 2780/2894/2768 4248/2895/4220 2788/2888/2776
f 1599/2896/1599 2787/2892/2775 4266/2891/4238 2835/2897/2823
f 1599/2896/1599 2835/2897/2823 5532/2898/5422 2831/2899/2819
f 1599/2896/1599 2831/2899/2819 4245/2900/4217 2785/2901/2773
f 1599/2896/1599 2785/2901/2773 4246/2893/4218 2787/2892/2775
f 1600/2902/1600 2790/2903/2778 4260/2904/4232 2820/2905/2808
f 1600/2902/1600 2820/2905/2808 4392/2906/4363 2809/2907/2797
f 1600/2902/1600 2809/2907/2797 4391/2908/4362 2792/2909/2780
f 1600/2902/1600 2792/2909/2780 4250/2910/4222 2790/2903/2778
f 1601/2911/1601 2791/2912/2779 4262/2913/4234 2818/2914/2806
f 1601/2911/1601 2818/2914/2806 4260/2904/4232 2790/2903/2778
f 1601/2911/1601 2790/2903/2778 4250/2910/4222 2793/2915/2781
f 1601/2911/1601 2793/2915/2781 4251/2916/4223 2791/2912/2779
f 1602/2917/1602 2834/2918/2822 4267/2889/4239 2788/2888/2776
f 1602/2917/1602 2788/2888/2776 4248/2895/4220 2796/2919/2784
f 1602/2917/1602 2796/2919/2784 4252/2920/4224 2794/2921/2782
f 1602/2917/1602 2794/2921/2782 4268/2922/4240 2834/2918/2822
f 1603/2923/1603 2838/2924/2826 4268/2925/4240 2794/2926/2782
f 1603/2923/1603 2794/2926/2782 4252/2927/4224 2799/2928/2787
f 1603/2923/1603 2799/2928/2787 4254/1833/4226 2331/2929/2327
f 1603/2923/1603 2331/2929/2327 4058/1826/4033 2838/2924/2826
f 1604/2930/1604 3008/2931/2995 4262/2913/4234 2791/2912/2779
f 1604/2930/1604 2791/2912/2779 4251/2916/4223 2795/2932/2783
f 1604/2930/1604 2795/2932/2783 4253/2933/4225 2807/2934/2795
f 1604/2930/1604 2807/2934/2795 4258/2935/4230 3008/2931/2995
f 1605/2936/1605 2797/2937/2785 4258/2938/4230 2807/2939/2795
f 1605/2936/1605 2807/2939/2795 4253/2940/4225 2798/2941/2786
f 1605/2936/1605 2798/2941/2786 4255/1824/4227 2840/2942/2828
f 1605/2936/1605 2840/2942/2828 4057/2943/4032 2797/2937/2785
f 1606/2944/1606 2804/1895/2792 4256/1899/4228 2800/2945/2788
f 1606/2944/1606 2800/2945/2788 4257/2946/4229 2808/2947/2796
f 1606/2944/1606 2808/2947/2796 4056/1814/4031 2324/1813/2320
f 1606/2944/1606 2324/1813/2320 4055/1808/4030 2804/1895/2792
f 1607/2948/1607 2808/2947/2796 4257/2946/4229 2801/2949/2789
f 1607/2948/1607 2801/2949/2789 4258/2938/4230 2797/2937/2785
f 1607/2948/1607 2797/2937/2785 4057/2943/4032 2326/2950/2322
f 1607/2948/1607 2326/2950/2322 4056/1814/4031 2808/2947/2796
f 1608/2951/1608 2805/1966/2793 4077/1973/4052 2812/2952/2800
f 1608/2951/1608 2812/2952/2800 4261/2953/4233 2816/2954/2804
f 1608/2951/1608 2816/2954/2804 4257/2955/4229 2800/2956/2788
f 1608/2951/1608 2800/2956/2788 4256/1967/4228 2805/1966/2793
f 1609/2957/1609 2816/2954/2804 4261/2953/4233 2813/2958/2801
f 1609/2957/1609 2813/2958/2801 4262/2913/4234 3008/2931/2995
f 1609/2957/1609 3008/2931/2995 4258/2935/4230 2801/2959/2789
f 1609/2957/1609 2801/2959/2789 4257/2955/4229 2816/2954/2804
f 1610/2960/1610 2812/2952/2800 4077/1973/4052 2386/1996/2382
f 1610/2960/1610 2386/1996/2382 4083/2000/4058 2810/2961/2798
f 1610/2960/1610 2810/2961/2798 4259/2962/4231 2817/2963/2805
f 1610/2960/1610 2817/2963/2805 4261/2953/4233 2812/2952/2800
f 1611/2964/1611 2813/2958/2801 4261/2953/4233 2817/2963/2805
f 1611/2964/1611 2817/2963/2805 4259/2962/4231 2811/2965/2799
f 1611/2964/1611 2811/2965/2799 4260/2904/4232 2818/2914/2806
f 1611/2964/1611 2818/2914/2806 4262/2913/4234 2813/2958/2801
f 1612/2966/1612 2810/2961/2798 4083/2000/4058 2394/2589/2390
f 1612/2966/1612 2394/2589/2390 5528/2593/5418 5406/2967/5296
f 1612/2966/1612 5406/2967/5296 5529/2968/5419 2819/2969/2807
f 1612/2966/1612 2819/2969/2807 4259/2962/4231 2810/2961/2798
f 1613/2970/1613 2811/2965/2799 4259/2962/4231 2819/2969/2807
f 1613/2970/1613 2819/2969/2807 5529/2968/5419 5408/2971/5298
f 1613/2970/1613 5408/2971/5298 4392/2906/4363 2820/2905/2808
f 1613/2970/1613 2820/2905/2808 4260/2904/4232 2811/2965/2799
f 1614/2972/1614 2799/2973/2787 4252/2974/4224 2796/2975/2784
f 1614/2972/1614 2796/2975/2784 4248/2976/4220 2821/2977/2809
f 1614/2972/1614 2821/2977/2809 4254/2978/4226 2799/2973/2787
f 1615/2979/1615 2822/2980/2810 4265/2981/4237 2826/2982/2814
f 1615/2979/1615 2826/2982/2814 4059/2983/4034 2825/2984/2813
f 1615/2979/1615 2825/2984/2813 4254/2985/4226 2799/2986/2787
f 1615/2979/1615 2799/2986/2787 4252/2987/4224 2822/2980/2810
f 1616/2988/1616 2823/2989/2811 4265/2981/4237 2822/2980/2810
f 1616/2988/1616 2822/2980/2810 4252/2987/4224 2796/2990/2784
f 1616/2988/1616 2796/2990/2784 4248/2874/4220 2786/2873/2774
f 1616/2988/1616 2786/2873/2774 4060/2872/4035 2823/2989/2811
f 1617/2991/1617 2802/2992/2790 4840/1828/4804 2327/1827/2323
f 1617/2991/1617 2327/1827/2323 4058/1826/4033 2331/2929/2327
f 1617/2991/1617 2331/2929/2327 4254/1833/4226 2828/1832/2816
f 1617/2991/1617 2828/1832/2816 4870/1831/4823 2802/2992/2790
f 1618/2993/1618 2798/2941/2786 4253/2940/4225 2832/2994/2820
f 1618/2993/1618 2832/2994/2820 4268/2925/4240 2838/2924/2826
f 1618/2993/1618 2838/2924/2826 4058/1826/4033 2837/1825/2825
f 1618/2993/1618 2837/1825/2825 4255/1824/4227 2798/2941/2786
f 1619/2995/1619 2795/2932/2783 4251/2916/4223 2830/2996/2818
f 1619/2995/1619 2830/2996/2818 4267/2889/4239 2834/2918/2822
f 1619/2995/1619 2834/2918/2822 4268/2922/4240 2832/2997/2820
f 1619/2995/1619 2832/2997/2820 4253/2933/4225 2795/2932/2783
f 1620/2998/1620 2829/2999/2817 4250/2910/4222 2792/2909/2780
f 1620/2998/1620 2792/2909/2780 4391/2908/4362 2789/3000/2777
f 1620/2998/1620 2789/3000/2777 5532/2898/5422 2835/2897/2823
f 1620/2998/1620 2835/2897/2823 4266/2891/4238 2829/2999/2817
f 1621/3001/1621 2830/2996/2818 4251/2916/4223 2793/2915/2781
f 1621/3001/1621 2793/2915/2781 4250/2910/4222 2829/2999/2817
f 1621/3001/1621 2829/2999/2817 4266/2891/4238 2836/2890/2824
f 1621/3001/1621 2836/2890/2824 4267/2889/4239 2830/2996/2818
f 1622/3002/1622 2328/3003/2324 4839/3004/4803 2325/3005/2321
f 1622/3002/1622 2325/3005/2321 4057/2943/4032 2840/2942/2828
f 1622/3002/1622 2840/2942/2828 4255/1824/4227 2839/1823/2827
f 1622/3002/1622 2839/1823/2827 4872/1822/4825 2328/3003/2324
f 1623/3006/1623 2359/1896/2355 4054/1802/4029 2318/1801/2314
f 1623/3006/1623 2318/1801/2314 4269/1800/2829 2848/2616/2836
f 1623/3006/1623 2848/2616/2836 4271/2622/4242 2354/3007/2350
f 1623/3006/1623 2354/3007/2350 4071/1897/4046 2359/1896/2355
f 1624/3008/1624 2373/1970/2369 4071/1969/4046 2354/3009/2350
f 1624/3008/1624 2354/3009/2350 4271/2608/4242 2849/2607/2837
f 1624/3008/1624 2849/2607/2837 4275/2614/4246 2367/3010/2363
f 1624/3008/1624 2367/3010/2363 4276/1971/4247 2373/1970/2369
f 1625/3011/1625 2618/3012/2613 5526/3013/5416 2701/3014/2693
f 1625/3011/1625 2701/3014/2693 4287/2602/4258 2850/2601/2838
f 1625/3011/1625 2850/2601/2838 4270/1863/4241 2843/3015/2831
f 1625/3011/1625 2843/3015/2831 4389/3016/4360 2618/3012/2613
f 1626/3017/1626 2342/3018/2338 4888/3019/4839 2340/3020/2336
f 1626/3017/1626 2340/3020/2336 4389/3016/4360 2843/3015/2831
f 1626/3017/1626 2843/3015/2831 4270/1863/4241 2851/1862/2839
f 1626/3017/1626 2851/1862/2839 4873/1861/2338 2342/3018/2338
f 1627/3021/1627 2613/3022/2608 4859/2630/2608 2621/2629/1627
f 1627/3021/1627 2621/2629/1627 4176/2618/4150 2841/2617/2829
f 1627/3021/1627 2841/2617/2829 4269/1800/2829 2852/1799/1627
f 1627/3021/1627 2852/1799/1627 4874/1798/2608 2613/3022/2608
f 1628/3023/1628 2872/3024/2859 4294/3025/4265 5200/3026/5090
f 1628/3023/1628 5200/3026/5090 5294/3027/5184 2857/3028/2844
f 1628/3023/1628 2857/3028/2844 4274/3029/4245 2366/3030/2362
f 1628/3023/1628 2366/3030/2362 4273/3031/4244 2872/3024/2859
f 1629/3032/1629 2873/3033/2860 4295/3034/4266 5199/3035/5089
f 1629/3032/1629 5199/3035/5089 5295/3036/5185 2858/3037/2845
f 1629/3032/1629 2858/3037/2845 4276/3038/4247 2367/3039/2363
f 1629/3032/1629 2367/3039/2363 4275/3040/4246 2873/3033/2860
f 1630/3041/1630 2858/3042/2845 5295/3043/5185 2896/3044/2883
f 1630/3041/1630 2896/3044/2883 4296/3045/4267 2859/3046/2846
f 1630/3041/1630 2859/3046/2846 4082/3047/4057 2381/3048/2377
f 1630/3041/1630 2381/3048/2377 4276/3049/4247 2858/3042/2845
f 1631/3050/1631 2874/3051/2861 5296/3052/5186 5198/3053/5088
f 1631/3050/1631 5198/3053/5088 5297/3054/5187 2860/3055/2847
f 1631/3050/1631 2860/3055/2847 4278/3056/4249 2382/3057/2378
f 1631/3050/1631 2382/3057/2378 4277/3058/4248 2874/3051/2861
f 1632/3059/1632 2859/3046/2846 4296/3045/4267 2895/3060/2882
f 1632/3059/1632 2895/3060/2882 4297/3061/4268 2861/3062/2848
f 1632/3059/1632 2861/3062/2848 5527/3063/5417 2390/3064/2386
f 1632/3059/1632 2390/3064/2386 4082/3047/4057 2859/3046/2846
f 1633/3065/1633 2875/3066/2862 5298/3067/5188 2894/3068/2881
f 1633/3065/1633 2894/3068/2881 5296/3052/5186 2874/3051/2861
f 1633/3065/1633 2874/3051/2861 4277/3058/4248 2391/3069/2387
f 1633/3065/1633 2391/3069/2387 4279/3070/4250 2875/3066/2862
f 1634/3071/1634 2876/3072/2863 5299/3073/5189 2893/3074/2880
f 1634/3071/1634 2893/3074/2880 4298/3075/4269 2862/3076/2849
f 1634/3071/1634 2862/3076/2849 4390/3077/4361 5403/3078/5293
f 1634/3071/1634 5403/3078/5293 4086/3079/4061 2876/3072/2863
f 1635/3080/1635 2877/3081/2864 4299/3082/4270 2892/3083/2879
f 1635/3080/1635 2892/3083/2879 5300/3084/5190 2863/3085/2850
f 1635/3080/1635 2863/3085/2850 4281/3086/4252 2399/3087/2395
f 1635/3080/1635 2399/3087/2395 4280/3088/4251 2877/3081/2864
f 1636/3089/1636 2878/3090/2865 4300/3091/4271 2891/3092/2878
f 1636/3089/1636 2891/3092/2878 5301/3093/5191 2864/3094/2851
f 1636/3089/1636 2864/3094/2851 5526/3095/5416 2407/3096/2403
f 1636/3089/1636 2407/3096/2403 5519/3097/5409 2878/3090/2865
f 1637/3098/1637 2860/3099/2847 5297/3100/5187 5197/3101/5087
f 1637/3098/1637 5197/3101/5087 4301/3102/4272 2865/3103/2852
f 1637/3098/1637 2865/3103/2852 4282/3104/4253 2416/3105/2412
f 1637/3098/1637 2416/3105/2412 4278/3106/4249 2860/3099/2847
f 1638/3107/1638 2879/3108/2866 4302/3109/4273 5196/3110/5086
f 1638/3107/1638 5196/3110/5086 4303/3111/4274 2866/3112/2853
f 1638/3107/1638 2866/3112/2853 4284/2720/4255 2417/2719/2413
f 1638/3107/1638 2417/2719/2413 4283/2066/4254 2879/3108/2866
f 1639/3113/1639 2861/3062/2848 4297/3061/4268 5195/3114/5085
f 1639/3113/1639 5195/3114/5085 5299/3073/5189 2876/3072/2863
f 1639/3113/1639 2876/3072/2863 4086/3079/4061 5404/3115/5294
f 1639/3113/1639 5404/3115/5294 5527/3063/5417 2861/3062/2848
f 1640/3116/1640 2863/3085/2850 5300/3084/5190 2890/3117/2877
f 1640/3116/1640 2890/3117/2877 5298/3067/5188 2875/3066/2862
f 1640/3116/1640 2875/3066/2862 4279/3070/4250 2580/3118/2576
f 1640/3116/1640 2580/3118/2576 4281/3086/4252 2863/3085/2850
f 1641/3119/1641 2880/3120/2867 5302/3121/5192 5194/3122/5084
f 1641/3119/1641 5194/3122/5084 5303/3123/5193 2867/3124/2854
f 1641/3119/1641 2867/3124/2854 4286/3125/4257 2616/3126/2611
f 1641/3119/1641 2616/3126/2611 4285/3127/4256 2880/3120/2867
f 1642/3128/1642 2865/3103/2852 4301/3102/4272 5193/3129/5083
f 1642/3128/1642 5193/3129/5083 4294/3025/4265 2872/3024/2859
f 1642/3128/1642 2872/3024/2859 4273/3031/4244 2617/3130/2612
f 1642/3128/1642 2617/3130/2612 4282/3104/4253 2865/3103/2852
f 1643/3131/1643 2862/3076/2849 4298/3075/4269 2889/3132/2876
f 1643/3131/1643 2889/3132/2876 4300/3091/4271 2878/3090/2865
f 1643/3131/1643 2878/3090/2865 5519/3097/5409 5405/3133/5295
f 1643/3131/1643 5405/3133/5295 4390/3077/4361 2862/3076/2849
f 1644/3134/1644 2866/3135/2853 4303/3136/4274 2888/3137/2875
f 1644/3134/1644 2888/3137/2875 4299/3082/4270 2877/3081/2864
f 1644/3134/1644 2877/3081/2864 4280/3088/4251 2642/3138/2634
f 1644/3134/1644 2642/3138/2634 4284/3139/4255 2866/3135/2853
f 1645/3140/1645 2864/3141/2851 5301/3142/5191 5192/3143/5082
f 1645/3140/1645 5192/3143/5082 4304/3144/4275 2868/3145/2855
f 1645/3140/1645 2868/3145/2855 4287/2602/4258 2701/3014/2693
f 1645/3140/1645 2701/3014/2693 5526/3013/5416 2864/3141/2851
f 1646/3146/1646 2881/3147/2868 5304/3148/5194 5191/3149/5081
f 1646/3146/1646 5191/3149/5081 5305/3150/5195 2869/3151/2856
f 1646/3146/1646 2869/3151/2856 4288/2074/4259 2721/2820/2713
f 1646/3146/1646 2721/2820/2713 4289/2048/4260 2881/3147/2868
f 1647/3152/1647 2882/3153/2869 5306/3154/5196 5190/3155/5080
f 1647/3152/1647 5190/3155/5080 4302/3109/4273 2879/3108/2866
f 1647/3152/1647 2879/3108/2866 4283/2066/4254 2723/2065/2715
f 1647/3152/1647 2723/2065/2715 4290/2064/4261 2882/3153/2869
f 1648/3156/1648 2883/3157/2870 4305/3158/4276 5189/3159/5079
f 1648/3156/1648 5189/3159/5079 4306/3160/4277 2870/3161/2857
f 1648/3156/1648 2870/3161/2857 4291/2792/4262 2726/2811/2718
f 1648/3156/1648 2726/2811/2718 4224/2604/4197 2883/3157/2870
f 1649/3162/1649 2857/3028/2844 5294/3027/5184 5188/3163/5078
f 1649/3162/1649 5188/3163/5078 4307/3164/4278 2871/3165/2858
f 1649/3162/1649 2871/3165/2858 4292/3166/4263 2730/3167/2721
f 1649/3162/1649 2730/3167/2721 4274/3029/4245 2857/3028/2844
f 1650/3168/1650 2884/3169/2871 5307/3170/5197 5187/3171/5077
f 1650/3168/1650 5187/3171/5077 5304/3148/5194 2881/3147/2868
f 1650/3168/1650 2881/3147/2868 4289/2048/4260 2731/2047/2722
f 1650/3168/1650 2731/2047/2722 4293/2046/4264 2884/3169/2871
f 1651/3172/1651 2871/3165/2858 4307/3164/4278 5186/3173/5076
f 1651/3172/1651 5186/3173/5076 5302/3121/5192 2880/3120/2867
f 1651/3172/1651 2880/3120/2867 4285/3127/4256 2738/3174/2728
f 1651/3172/1651 2738/3174/2728 4292/3166/4263 2871/3165/2858
f 1652/3175/1652 2870/3161/2857 4306/3160/4277 2887/3176/2874
f 1652/3175/1652 2887/3176/2874 5307/3170/5197 2884/3169/2871
f 1652/3175/1652 2884/3169/2871 4293/2046/4264 2739/2793/2729
f 1652/3175/1652 2739/2793/2729 4291/2792/4262 2870/3161/2857
f 1653/3177/1653 2869/3151/2856 5305/3150/5195 5185/3178/5075
f 1653/3177/1653 5185/3178/5075 5306/3154/5196 2882/3153/2869
f 1653/3177/1653 2882/3153/2869 4290/2064/4261 2748/2075/2736
f 1653/3177/1653 2748/2075/2736 4288/2074/4259 2869/3151/2856
f 1654/3179/1654 2867/3124/2854 5303/3123/5193 2886/3180/2873
f 1654/3179/1654 2886/3180/2873 4295/3034/4266 2873/3033/2860
f 1654/3179/1654 2873/3033/2860 4275/3040/4246 2845/3181/2833
f 1654/3179/1654 2845/3181/2833 4286/3125/4257 2867/3124/2854
f 1655/3182/1655 2868/3145/2855 4304/3144/4275 2885/3183/2872
f 1655/3182/1655 2885/3183/2872 4305/3158/4276 2883/3157/2870
f 1655/3182/1655 2883/3157/2870 4224/2604/4197 2847/2603/2835
f 1655/3182/1655 2847/2603/2835 4287/2602/4258 2868/3145/2855
f 1656/3184/1656 2574/3185/2570 4857/2535/4816 2576/2534/2572
f 1656/3184/1656 2576/2534/2572 4160/2533/4134 2897/3186/2884
f 1656/3184/1656 2897/3186/2884 4308/1749/4279 2899/1748/2886
f 1656/3184/1656 2899/1748/2886 4875/1747/4826 2574/3185/2570
f 1657/3187/1657 2300/3188/2296 4308/3189/4279 2900/3190/2887
f 1657/3187/1657 2900/3190/2887 4118/2261/4092 2485/2260/2481
f 1657/3187/1657 2485/2260/2481 4065/1883/4040 2356/1882/2352
f 1657/3187/1657 2356/1882/2352 4048/1881/4023 2300/3188/2296
f 1658/3191/1658 2492/2274/2488 4118/2261/4092 2900/3190/2887
f 1658/3191/1658 2900/3190/2887 4308/3189/4279 2897/3192/2884
f 1658/3191/1658 2897/3192/2884 4160/2538/4134 2577/2537/2573
f 1658/3191/1658 2577/2537/2573 4122/2275/4096 2492/2274/2488
f 1659/3193/1659 2901/3194/2888 4309/3195/4280 2902/3196/2889
f 1659/3193/1659 2902/3196/2889 4310/3197/4281 2903/3198/2890
f 1659/3193/1659 2903/3198/2890 4312/3199/4283 2904/3200/2891
f 1659/3193/1659 2904/3200/2891 4311/3201/4282 2901/3194/2888
f 1660/3202/1660 2906/3203/2893 4311/3201/4282 2904/3200/2891
f 1660/3202/1660 2904/3200/2891 4312/3199/4283 2907/3204/2894
f 1660/3202/1660 2907/3204/2894 4314/3205/4285 2905/3206/2892
f 1660/3202/1660 2905/3206/2892 4313/3207/4284 2906/3203/2893
f 1661/3208/1661 2909/3209/2896 4313/3207/4284 2905/3206/2892
f 1661/3208/1661 2905/3206/2892 4314/3205/4285 2910/3210/2897
f 1661/3208/1661 2910/3210/2897 4316/3211/4287 2908/3212/2895
f 1661/3208/1661 2908/3212/2895 4315/3213/4286 2909/3209/2896
f 1662/3214/1662 2912/3215/2899 4315/3213/4286 2908/3212/2895
f 1662/3214/1662 2908/3212/2895 4316/3211/4287 2913/3216/2900
f 1662/3214/1662 2913/3216/2900 4318/3217/4289 2911/3218/2898
f 1662/3214/1662 2911/3218/2898 4317/3219/4288 2912/3215/2899
f 1663/3220/1663 2915/3221/2902 4317/3219/4288 2911/3218/2898
f 1663/3220/1663 2911/3218/2898 4318/3217/4289 2916/3222/2903
f 1663/3220/1663 2916/3222/2903 4320/3223/4291 2914/3224/2901
f 1663/3220/1663 2914/3224/2901 4319/3225/4290 2915/3221/2902
f 1664/3226/1664 2918/3227/2905 4319/3225/4290 2914/3224/2901
f 1664/3226/1664 2914/3224/2901 4320/3223/4291 2919/3228/2906
f 1664/3226/1664 2919/3228/2906 4322/3229/4293 2917/3230/2904
f 1664/3226/1664 2917/3230/2904 4321/3231/4292 2918/3227/2905
f 1665/3232/1665 2921/3233/2908 4321/3234/4292 2917/3235/2904
f 1665/3232/1665 2917/3235/2904 4322/3236/4293 2922/3237/2909
f 1665/3232/1665 2922/3237/2909 4324/3238/4295 2920/3239/2907
f 1665/3232/1665 2920/3239/2907 4323/3240/4294 2921/3233/2908
f 1666/3241/1666 2924/3242/2911 4323/3243/4294 2920/3244/2907
f 1666/3241/1666 2920/3244/2907 4324/3245/4295 2925/3246/2912
f 1666/3241/1666 2925/3246/2912 4326/3247/4297 2923/3248/2910
f 1666/3241/1666 2923/3248/2910 4325/3249/4296 2924/3242/2911
f 1667/3250/1667 2927/3251/2914 4325/3249/4296 2923/3248/2910
f 1667/3250/1667 2923/3248/2910 4326/3247/4297 2928/3252/2915
f 1667/3250/1667 2928/3252/2915 4328/3253/4299 2926/3254/2913
f 1667/3250/1667 2926/3254/2913 4327/3255/4298 2927/3251/2914
f 1668/3256/1668 2930/3257/2917 4327/3255/4298 2926/3254/2913
f 1668/3256/1668 2926/3254/2913 4328/3253/4299 2931/3258/2918
f 1668/3256/1668 2931/3258/2918 4330/3259/4301 2929/3260/2916
f 1668/3256/1668 2929/3260/2916 4329/3261/4300 2930/3257/2917
f 1669/3262/1669 2933/3263/2920 4329/3261/4300 2929/3260/2916
f 1669/3262/1669 2929/3260/2916 4330/3259/4301 2934/3264/2921
f 1669/3262/1669 2934/3264/2921 4332/3265/4303 2932/3266/2919
f 1669/3262/1669 2932/3266/2919 4331/3267/4302 2933/3263/2920
f 1670/3268/1670 2936/3269/2923 4331/3267/4302 2932/3266/2919
f 1670/3268/1670 2932/3266/2919 4332/3265/4303 2937/3270/2924
f 1670/3268/1670 2937/3270/2924 4334/3271/4305 2935/3272/2922
f 1670/3268/1670 2935/3272/2922 4333/3273/4304 2936/3269/2923
f 1671/3274/1671 2939/3275/2926 4333/3273/4304 2935/3272/2922
f 1671/3274/1671 2935/3272/2922 4334/3271/4305 2940/3276/2927
f 1671/3274/1671 2940/3276/2927 4336/3277/4307 2938/3278/2925
f 1671/3274/1671 2938/3278/2925 4335/3279/4306 2939/3275/2926
f 1672/3280/1672 2942/3281/2929 4335/3279/4306 2938/3278/2925
f 1672/3280/1672 2938/3278/2925 4336/3277/4307 2943/3282/2930
f 1672/3280/1672 2943/3282/2930 4338/3283/4309 2941/3284/2928
f 1672/3280/1672 2941/3284/2928 4337/3285/4308 2942/3281/2929
f 1673/3286/1673 3113/3287/3098 4337/3288/4308 2941/3289/2928
f 1673/3286/1673 2941/3289/2928 4338/3290/4309 2944/3291/2931
f 1673/3286/1673 2944/3291/2931 4339/3292/4310 3112/3293/3097
f 1673/3286/1673 3112/3293/3097 4340/3294/4311 3113/3287/3098
f 1674/3295/1674 2902/3196/2889 4309/3195/4280 2945/3296/2932
f 1674/3295/1674 2945/3296/2932 4340/3297/4311 3112/3298/3097
f 1674/3295/1674 3112/3298/3097 4339/3299/4310 3114/3300/3099
f 1674/3295/1674 3114/3300/3099 4310/3197/4281 2902/3196/2889
f 1675/3301/1675 2961/3302/2948 4320/3223/4291 2916/3222/2903
f 1675/3301/1675 2916/3222/2903 4318/3217/4289 2962/3303/2949
f 1675/3301/1675 2962/3303/2949 4345/3304/4316 2950/3305/2937
f 1675/3301/1675 2950/3305/2937 4346/3306/4317 2961/3302/2948
f 1676/3307/1676 2963/3308/2950 4330/3259/4301 2931/3258/2918
f 1676/3307/1676 2931/3258/2918 4328/3253/4299 2964/3309/2951
f 1676/3307/1676 2964/3309/2951 4350/3310/4321 2955/3311/2942
f 1676/3307/1676 2955/3311/2942 4351/3312/4322 2963/3308/2950
f 1677/3313/1677 3116/3314/3101 4339/3292/4310 2944/3291/2931
f 1677/3313/1677 2944/3291/2931 4338/3290/4309 2965/3315/2952
f 1677/3313/1677 2965/3315/2952 4355/3316/4326 3115/3317/3100
f 1677/3313/1677 3115/3317/3100 4356/3318/4327 3116/3314/3101
f 1678/3319/1678 2966/3320/2953 4316/3211/4287 2910/3210/2897
f 1678/3319/1678 2910/3210/2897 4314/3205/4285 2967/3321/2954
f 1678/3319/1678 2967/3321/2954 4343/3322/4314 2948/3323/2935
f 1678/3319/1678 2948/3323/2935 4344/3324/4315 2966/3320/2953
f 1679/3325/1679 2968/3326/2955 4326/3247/4297 2925/3246/2912
f 1679/3325/1679 2925/3246/2912 4324/3245/4295 2969/3327/2956
f 1679/3325/1679 2969/3327/2956 4348/3328/4319 2953/3329/2940
f 1679/3325/1679 2953/3329/2940 4349/3330/4320 2968/3326/2955
f 1680/3331/1680 2970/3332/2957 4312/3199/4283 2903/3198/2890
f 1680/3331/1680 2903/3198/2890 4310/3197/4281 2971/3333/2958
f 1680/3331/1680 2971/3333/2958 4341/3334/4312 2946/3335/2933
f 1680/3331/1680 2946/3335/2933 4342/3336/4313 2970/3332/2957
f 1681/3337/1681 2972/3338/2959 4336/3277/4307 2940/3276/2927
f 1681/3337/1681 2940/3276/2927 4334/3271/4305 2973/3339/2960
f 1681/3337/1681 2973/3339/2960 4353/3340/4324 2958/3341/2945
f 1681/3337/1681 2958/3341/2945 4354/3342/4325 2972/3338/2959
f 1682/3343/1682 2974/3344/2961 4322/3229/4293 2919/3228/2906
f 1682/3343/1682 2919/3228/2906 4320/3223/4291 2961/3302/2948
f 1682/3343/1682 2961/3302/2948 4346/3306/4317 2951/3345/2938
f 1682/3343/1682 2951/3345/2938 4347/3346/4318 2974/3344/2961
f 1683/3347/1683 2975/3348/2962 4332/3265/4303 2934/3264/2921
f 1683/3347/1683 2934/3264/2921 4330/3259/4301 2963/3308/2950
f 1683/3347/1683 2963/3308/2950 4351/3312/4322 2956/3349/2943
f 1683/3347/1683 2956/3349/2943 4352/3350/4323 2975/3348/2962
f 1684/3351/1684 2962/3303/2949 4318/3217/4289 2913/3216/2900
f 1684/3351/1684 2913/3216/2900 4316/3211/4287 2966/3320/2953
f 1684/3351/1684 2966/3320/2953 4344/3324/4315 2949/3352/2936
f 1684/3351/1684 2949/3352/2936 4345/3304/4316 2962/3303/2949
f 1685/3353/1685 2964/3309/2951 4328/3253/4299 2928/3252/2915
f 1685/3353/1685 2928/3252/2915 4326/3247/4297 2968/3326/2955
f 1685/3353/1685 2968/3326/2955 4349/3330/4320 2954/3354/2941
f 1685/3353/1685 2954/3354/2941 4350/3310/4321 2964/3309/2951
f 1686/3355/1686 2965/3356/2952 4338/3283/4309 2943/3282/2930
f 1686/3355/1686 2943/3282/2930 4336/3277/4307 2972/3338/2959
f 1686/3355/1686 2972/3338/2959 4354/3342/4325 2959/3357/2946
f 1686/3355/1686 2959/3357/2946 4355/3358/4326 2965/3356/2952
f 1687/3359/1687 2971/3333/2958 4310/3197/4281 3114/3300/3099
f 1687/3359/1687 3114/3300/3099 4339/3299/4310 3116/3360/3101
f 1687/3359/1687 3116/3360/3101 4356/3361/4327 2960/3362/2947
f 1687/3359/1687 2960/3362/2947 4341/3334/4312 2971/3333/2958
f 1688/3363/1688 2967/3321/2954 4314/3205/4285 2907/3204/2894
f 1688/3363/1688 2907/3204/2894 4312/3199/4283 2970/3332/2957
f 1688/3363/1688 2970/3332/2957 4342/3336/4313 2947/3364/2934
f 1688/3363/1688 2947/3364/2934 4343/3322/4314 2967/3321/2954
f 1689/3365/1689 2969/3366/2956 4324/3238/4295 2922/3237/2909
f 1689/3365/1689 2922/3237/2909 4322/3236/4293 2974/3367/2961
f 1689/3365/1689 2974/3367/2961 4347/3368/4318 2952/3369/2939
f 1689/3365/1689 2952/3369/2939 4348/3370/4319 2969/3366/2956
f 1690/3371/1690 2973/3339/2960 4334/3271/4305 2937/3270/2924
f 1690/3371/1690 2937/3270/2924 4332/3265/4303 2975/3348/2962
f 1690/3371/1690 2975/3348/2962 4352/3350/4323 2957/3372/2944
f 1690/3371/1690 2957/3372/2944 4353/3340/4324 2973/3339/2960
f 1691/3373/1691 2991/3374/2978 4342/3336/4313 2946/3335/2933
f 1691/3373/1691 2946/3335/2933 4341/3334/4312 2992/3375/2979
f 1691/3373/1691 2992/3375/2979 4357/3376/4328 2976/3377/2963
f 1691/3373/1691 2976/3377/2963 4358/3378/4329 2991/3374/2978
f 1692/3379/1692 2994/3380/2981 4350/3310/4321 2954/3354/2941
f 1692/3379/1692 2954/3354/2941 4349/3330/4320 2995/3381/2982
f 1692/3379/1692 2995/3381/2982 4365/3382/4336 2984/3383/2971
f 1692/3379/1692 2984/3383/2971 4366/3384/4337 2994/3380/2981
f 1693/3385/1693 2996/3386/2983 4343/3322/4314 2947/3364/2934
f 1693/3385/1693 2947/3364/2934 4342/3336/4313 2991/3374/2978
f 1693/3385/1693 2991/3374/2978 4358/3378/4329 2977/3387/2964
f 1693/3385/1693 2977/3387/2964 4359/3388/4330 2996/3386/2983
f 1694/3389/1694 2992/3375/2979 4341/3334/4312 2960/3362/2947
f 1694/3389/1694 2960/3362/2947 4356/3361/4327 2993/3390/2980
f 1694/3389/1694 2993/3390/2980 4372/3391/4343 2990/3392/2977
f 1694/3389/1694 2990/3392/2977 4357/3376/4328 2992/3375/2979
f 1695/3393/1695 2997/3394/2984 4351/3312/4322 2955/3311/2942
f 1695/3393/1695 2955/3311/2942 4350/3310/4321 2994/3380/2981
f 1695/3393/1695 2994/3380/2981 4366/3384/4337 2985/3395/2972
f 1695/3393/1695 2985/3395/2972 4367/3396/4338 2997/3394/2984
f 1696/3397/1696 2998/3398/2985 4344/3324/4315 2948/3323/2935
f 1696/3397/1696 2948/3323/2935 4343/3322/4314 2996/3386/2983
f 1696/3397/1696 2996/3386/2983 4359/3388/4330 2978/3399/2965
f 1696/3397/1696 2978/3399/2965 4360/3400/4331 2998/3398/2985
f 1697/3401/1697 2999/3402/2986 4352/3350/4323 2956/3349/2943
f 1697/3401/1697 2956/3349/2943 4351/3312/4322 2997/3394/2984
f 1697/3401/1697 2997/3394/2984 4367/3396/4338 2986/3403/2973
f 1697/3401/1697 2986/3403/2973 4368/3404/4339 2999/3402/2986
f 1698/3405/1698 3000/3406/2987 4345/3304/4316 2949/3352/2936
f 1698/3405/1698 2949/3352/2936 4344/3324/4315 2998/3398/2985
f 1698/3405/1698 2998/3398/2985 4360/3400/4331 2979/3407/2966
f 1698/3405/1698 2979/3407/2966 4361/3408/4332 3000/3406/2987
f 1699/3409/1699 3001/3410/2988 4353/3340/4324 2957/3372/2944
f 1699/3409/1699 2957/3372/2944 4352/3350/4323 2999/3402/2986
f 1699/3409/1699 2999/3402/2986 4368/3404/4339 2987/3411/2974
f 1699/3409/1699 2987/3411/2974 4369/3412/4340 3001/3410/2988
f 1700/3413/1700 3002/3414/2989 4346/3306/4317 2950/3305/2937
f 1700/3413/1700 2950/3305/2937 4345/3304/4316 3000/3406/2987
f 1700/3413/1700 3000/3406/2987 4361/3408/4332 2980/3415/2967
f 1700/3413/1700 2980/3415/2967 4362/3416/4333 3002/3414/2989
f 1701/3417/1701 3003/3418/2990 4354/3342/4325 2958/3341/2945
f 1701/3417/1701 2958/3341/2945 4353/3340/4324 3001/3410/2988
f 1701/3417/1701 3001/3410/2988 4369/3412/4340 2988/3419/2975
f 1701/3417/1701 2988/3419/2975 4370/3420/4341 3003/3418/2990
f 1702/3421/1702 3004/3422/2991 4347/3368/4318 2951/3423/2938
f 1702/3421/1702 2951/3423/2938 4346/3424/4317 3002/3425/2989
f 1702/3421/1702 3002/3425/2989 4362/3426/4333 2981/3427/2968
f 1702/3421/1702 2981/3427/2968 4363/3428/4334 3004/3422/2991
f 1703/3429/1703 3005/3430/2992 4355/3358/4326 2959/3357/2946
f 1703/3429/1703 2959/3357/2946 4354/3342/4325 3003/3418/2990
f 1703/3429/1703 3003/3418/2990 4370/3420/4341 2989/3431/2976
f 1703/3429/1703 2989/3431/2976 4371/3432/4342 3005/3430/2992
f 1704/3433/1704 3006/3434/2993 4348/3370/4319 2952/3369/2939
f 1704/3433/1704 2952/3369/2939 4347/3368/4318 3004/3422/2991
f 1704/3433/1704 3004/3422/2991 4363/3428/4334 2982/3435/2969
f 1704/3433/1704 2982/3435/2969 4364/3436/4335 3006/3434/2993
f 1705/3437/1705 2993/3438/2980 4356/3318/4327 3115/3317/3100
f 1705/3437/1705 3115/3317/3100 4355/3316/4326 3005/3439/2992
f 1705/3437/1705 3005/3439/2992 4371/3440/4342 3117/3441/3102
f 1705/3437/1705 3117/3441/3102 4372/3442/4343 2993/3438/2980
f 1706/3443/1706 2995/3381/2982 4349/3330/4320 2953/3329/2940
f 1706/3443/1706 2953/3329/2940 4348/3328/4319 3006/3444/2993
f 1706/3443/1706 3006/3444/2993 4364/3445/4335 2983/3446/2970
f 1706/3443/1706 2983/3446/2970 4365/3382/4336 2995/3381/2982
f 1707/3447/1707 3017/3448/3004 4373/3449/4344 2815/3450/2803
f 1707/3447/1707 2815/3450/2803 4374/3451/4345 3016/3452/3003
f 1707/3447/1707 3016/3452/3003 4876/3453/4827 3014/3454/3001
f 1707/3447/1707 3014/3454/3001 4376/3455/4347 3017/3448/3004
f 1708/3456/1708 2806/3457/2794 4838/3458/4802 2322/3459/2318
f 1708/3456/1708 2322/3459/2318 4056/3460/4031 3010/3461/2997
f 1708/3456/1708 3010/3461/2997 4263/3462/4235 3007/3463/2994
f 1708/3456/1708 3007/3463/2994 4264/3464/4236 2806/3457/2794
f 1709/3465/1709 3010/3466/2997 4056/3467/4031 2326/3468/2322
f 1709/3465/1709 2326/3468/2322 4057/3469/4032 3011/3470/2998
f 1709/3465/1709 3011/3470/2998 4373/3471/4344 2814/3472/2802
f 1709/3465/1709 2814/3472/2802 4263/3473/4235 3010/3466/2997
f 1710/3474/1710 3011/3475/2998 4057/3476/4032 2325/3477/2321
f 1710/3474/1710 2325/3477/2321 4839/3478/4803 3009/3479/2996
f 1710/3474/1710 3009/3479/2996 4374/3480/4345 2815/3481/2803
f 1710/3474/1710 2815/3481/2803 4373/3482/4344 3011/3475/2998
f 1711/3483/1711 3025/3484/3011 4375/3485/4346 3013/3486/3000
f 1711/3483/1711 3013/3486/3000 4376/3487/4347 3024/3488/3010
f 1711/3483/1711 3024/3488/3010 4378/3489/4349 3021/3490/3007
f 1711/3483/1711 3021/3490/3007 4377/3491/4348 3025/3484/3011
f 1712/3492/1712 3018/3493/3005 4877/3494/4828 3012/3495/2999
f 1713/3496/1713 3019/3497/3006 4263/3473/4235 2814/3472/2802
f 1713/3496/1713 2814/3472/2802 4373/3471/4344 3017/3498/3004
f 1713/3496/1713 3017/3498/3004 4376/3487/4347 3013/3486/3000
f 1713/3496/1713 3013/3486/3000 4375/3485/4346 3019/3497/3006
f 1714/3499/1714 3018/3500/3005 4264/3501/4236 3007/3502/2994
f 1714/3499/1714 3007/3502/2994 4263/3503/4235 3019/3504/3006
f 1714/3499/1714 3019/3504/3006 4375/3505/4346 3015/3506/3002
f 1714/3499/1714 3015/3506/3002 4877/3507/4828 3018/3500/3005
f 1715/3508/1715 3033/3509/3019 4879/3510/4830 3023/3511/3009
f 1715/3508/1715 3023/3511/3009 4377/3512/4348 3032/3513/3018
f 1715/3508/1715 3032/3513/3018 4379/3514/4350 3031/3515/3017
f 1715/3508/1715 3031/3515/3017 4881/3516/4832 3033/3509/3019
f 1716/3517/1716 3024/3518/3010 4376/3455/4347 3014/3454/3001
f 1716/3517/1716 3014/3454/3001 4876/3453/4827 3026/3519/3012
f 1716/3517/1716 3026/3519/3012 4878/3520/4829 3022/3521/3008
f 1716/3517/1716 3022/3521/3008 4378/3522/4349 3024/3518/3010
f 1717/3523/1717 3027/3524/3013 4877/3507/4828 3015/3506/3002
f 1717/3523/1717 3015/3506/3002 4375/3505/4346 3025/3525/3011
f 1717/3523/1717 3025/3525/3011 4377/3512/4348 3023/3511/3009
f 1717/3523/1717 3023/3511/3009 4879/3510/4830 3027/3524/3013
f 1718/3526/1718 3028/3527/3014 4881/3516/4832 3031/3515/3017
f 1718/3526/1718 3031/3515/3017 4379/3514/4350 3029/3528/3015
f 1718/3526/1718 3029/3528/3015 4380/3529/4351 3030/3530/3016
f 1718/3526/1718 3030/3530/3016 4880/3531/4831 3028/3527/3014
f 1719/3532/1719 3032/3533/3018 4377/3491/4348 3021/3490/3007
f 1719/3532/1719 3021/3490/3007 4378/3489/4349 3034/3534/3020
f 1719/3532/1719 3034/3534/3020 4380/3535/4351 3029/3536/3015
f 1719/3532/1719 3029/3536/3015 4379/3537/4350 3032/3533/3018
f 1720/3538/1720 3034/3539/3020 4378/3522/4349 3022/3521/3008
f 1720/3538/1720 3022/3521/3008 4878/3520/4829 3035/3540/3021
f 1720/3538/1720 3035/3540/3021 4880/3541/4831 3030/3542/3016
f 1720/3538/1720 3030/3542/3016 4380/3543/4351 3034/3539/3020
f 1721/3544/1721 3036/3545/3022 4818/3546/4782 2272/3547/2269
f 1721/3544/1721 2272/3547/2269 4820/3548/4784 2271/3549/2268
f 1721/3544/1721 2271/3549/2268 4821/3550/4785 3037/3551/3023
f 1721/3544/1721 3037/3551/3023 4381/3552/4352 3036/3545/3022
f 1722/3553/1722 3552/3554/3532 4862/3555/4819 3520/3556/3500
f 1722/3553/1722 3520/3556/3500 4382/3557/4353 3038/3558/3024
f 1722/3553/1722 3038/3558/3024 4383/3559/4354 3039/3560/3025
f 1722/3553/1722 3039/3560/3025 4384/3561/4355 3552/3554/3532
f 3876/3562/3853 4797/3563/4761 4374/3564/4345 3009/3565/2996
f 1983/3566/1983 3552/3554/3532 4384/3561/4355 3040/3567/3026
f 1983/3566/1983 3040/3567/3026 4823/3568/4787 2274/3569/2271
f 1723/3570/1723 3042/3571/3028 4265/2981/4237 2823/2989/2811
f 1723/3570/1723 2823/2989/2811 4060/2872/4035 3041/3572/3027
f 1723/3570/1723 3041/3572/3027 4387/3573/4358 3045/3574/3031
f 1723/3570/1723 3045/3574/3031 4385/3575/4356 3042/3571/3028
f 1724/3576/1724 3041/3572/3027 4060/2872/4035 2330/3577/2326
f 1724/3576/1724 2330/3577/2326 4842/3578/4806 3044/3579/3030
f 1724/3576/1724 3044/3579/3030 4884/3580/4835 3046/3581/3032
f 1724/3576/1724 3046/3581/3032 4387/3573/4358 3041/3572/3027
f 1725/3582/1725 2827/3583/2815 4841/3584/4805 2329/3585/2325
f 1725/3582/1725 2329/3585/2325 4059/2983/4034 3043/3586/3029
f 1725/3582/1725 3043/3586/3029 4386/3587/4357 3047/3588/3033
f 1725/3582/1725 3047/3588/3033 4882/3589/4833 2827/3583/2815
f 1726/3590/1726 3043/3586/3029 4059/2983/4034 2826/2982/2814
f 1726/3590/1726 2826/2982/2814 4265/2981/4237 3042/3571/3028
f 1726/3590/1726 3042/3571/3028 4385/3575/4356 3048/3591/3034
f 1726/3590/1726 3048/3591/3034 4386/3587/4357 3043/3586/3029
f 1727/3592/1727 3065/3593/3051 5948/3594/5816 3063/3595/3049
f 1727/3592/1727 3063/3595/3049 5945/3596/5813 3051/3597/3037
f 1727/3592/1727 3051/3597/3037 4413/3598/4383 3061/3599/3047
f 1727/3592/1727 3061/3599/3047 4422/3600/4392 3065/3593/3051
f 1728/3601/1728 3073/3602/3059 5952/3603/5820 5900/3604/5774
f 1728/3601/1728 5900/3604/5774 5970/3605/5836 3052/3606/3038
f 1728/3601/1728 3052/3606/3038 4394/3607/4365 3070/3608/3056
f 1728/3601/1728 3070/3608/3056 4412/3609/4382 3073/3602/3059
f 1729/3610/1729 3072/3611/3058 4410/3612/4380 3062/3613/3048
f 1729/3610/1729 3062/3613/3048 4393/3614/4364 3054/3615/3040
f 1729/3610/1729 3054/3615/3040 4415/3616/4385 3071/3617/3057
f 1729/3610/1729 3071/3617/3057 4404/3618/4374 3072/3611/3058
f 1730/3619/1730 3064/3620/3050 4421/3621/4391 3060/3622/3046
f 1730/3619/1730 3060/3622/3046 4411/3623/4381 3053/3624/3039
f 1730/3619/1730 3053/3624/3039 5944/3625/5812 5895/3626/5771
f 1730/3619/1730 5895/3626/5771 4399/3627/4370 3064/3620/3050
f 1731/3628/1731 3082/3629/3068 4405/3630/4375 3074/3631/3060
f 1731/3628/1731 3074/3631/3060 4418/3632/4388 3057/3633/3043
f 1731/3628/1731 3057/3633/3043 4398/3634/4369 3077/3635/3063
f 1731/3628/1731 3077/3635/3063 4408/3636/4378 3082/3629/3068
f 1732/3637/1732 3081/3638/3067 4409/3639/4379 3078/3640/3064
f 1732/3637/1732 3078/3640/3064 5946/3641/5814 3058/3642/3044
f 1732/3637/1732 3058/3642/3044 4420/3643/4390 3076/3644/3062
f 1732/3637/1732 3076/3644/3062 4407/3645/4377 3081/3638/3067
f 1733/3646/1733 3080/3647/3066 4408/3636/4378 3077/3635/3063
f 1733/3646/1733 3077/3635/3063 4398/3634/4369 3059/3648/3045
f 1733/3646/1733 3059/3648/3045 4396/3649/4367 3075/3650/3061
f 1733/3646/1733 3075/3650/3061 4406/3651/4376 3080/3647/3066
f 1734/3652/1734 3079/3653/3065 4406/3654/4376 3075/3655/3061
f 1734/3652/1734 3075/3655/3061 4396/3656/4367 5892/3657/5768
f 1734/3652/1734 5892/3657/5768 5946/3658/5814 3078/3659/3064
f 1734/3652/1734 3078/3659/3064 4409/3660/4379 3079/3653/3065
f 1735/3661/1735 3069/3662/3055 4417/3663/4387 3066/3664/3052
f 1735/3661/1735 3066/3664/3052 4421/3621/4391 3064/3620/3050
f 1735/3661/1735 3064/3620/3050 4399/3627/4370 5897/3665/5772
f 1735/3661/1735 5897/3665/5772 5950/3666/5818 3069/3662/3055
f 1736/3667/1736 3068/3668/3054 4402/3669/4372 5898/3670/5773
f 1736/3667/1736 5898/3670/5773 5948/3594/5816 3065/3593/3051
f 1736/3667/1736 3065/3593/3051 4422/3600/4392 3067/3671/3053
f 1736/3667/1736 3067/3671/3053 4419/3672/4389 3068/3668/3054
f 1737/3673/1737 3058/3674/3044 5946/3675/5814 5894/3676/5770
f 1737/3673/1737 5894/3676/5770 4402/3677/4372 3068/3678/3054
f 1737/3673/1737 3068/3678/3054 4419/3679/4389 3056/3680/3042
f 1737/3673/1737 3056/3680/3042 4420/3681/4390 3058/3674/3044
f 1738/3682/1738 3057/3633/3043 4418/3632/4388 3055/3683/3041
f 1738/3682/1738 3055/3683/3041 4417/3663/4387 3069/3662/3055
f 1738/3682/1738 3069/3662/3055 5950/3666/5818 5890/3684/5766
f 1738/3682/1738 5890/3684/5766 4398/3634/4369 3057/3633/3043
f 1739/3685/1739 3053/3624/3039 4411/3623/4381 3049/3686/3035
f 1739/3685/1739 3049/3686/3035 4410/3612/4380 3072/3611/3058
f 1739/3685/1739 3072/3611/3058 4404/3618/4374 5888/3687/5764
f 1739/3685/1739 5888/3687/5764 5944/3625/5812 3053/3624/3039
f 1740/3688/1740 3051/3597/3037 5945/3596/5813 5893/3689/5769
f 1740/3688/1740 5893/3689/5769 5952/3603/5820 3073/3602/3059
f 1740/3688/1740 3073/3602/3059 4412/3609/4382 3050/3690/3036
f 1740/3688/1740 3050/3690/3036 4413/3598/4383 3051/3597/3037
f 1741/3691/1741 3128/3692/3112 4426/3693/1512 3100/3694/3086
f 1741/3691/1741 3100/3694/3086 4437/3695/4405 3129/3696/3113
f 1741/3691/1741 3129/3696/3113 4410/3612/4380 3049/3686/3035
f 1741/3691/1741 3049/3686/3035 4411/3623/4381 3128/3692/3112
f 1742/3697/1742 3086/3698/3072 4403/3699/4373 3118/3700/3103
f 1742/3697/1742 3118/3700/3103 4428/3701/4397 3130/3702/3114
f 1742/3697/1742 3130/3702/3114 4413/3703/4383 3050/3704/3036
f 1742/3697/1742 3050/3704/3036 4412/3705/4382 3086/3698/3072
f 1743/3706/1743 3131/3707/3115 4432/3708/4401 3119/3709/3104
f 1743/3706/1743 3119/3709/3104 4414/3710/4384 3087/3711/3073
f 1743/3706/1743 3087/3711/3073 4394/3712/4365 3052/3713/3038
f 1743/3706/1743 3052/3713/3038 5970/3714/5836 3131/3707/3115
f 1744/3715/1744 3132/3716/3116 4430/3717/4399 3102/3718/3088
f 1744/3715/1744 3102/3718/3088 4439/3719/4407 3133/3720/3117
f 1744/3715/1744 3133/3720/3117 5942/3721/5810 5885/3722/5763
f 1744/3715/1744 5885/3722/5763 4415/3616/4385 3132/3716/3116
f 1745/3723/1745 3088/3724/3074 4416/3725/4386 3120/3726/3105
f 1745/3723/1745 3120/3726/3105 4430/3717/4399 3132/3716/3116
f 1745/3723/1745 3132/3716/3116 4415/3616/4385 3054/3615/3040
f 1745/3723/1745 3054/3615/3040 4393/3614/4364 3088/3724/3074
f 1746/3727/1746 3089/3728/3075 4395/3729/4366 3083/3730/3069
f 1746/3727/1746 3083/3730/3069 4400/3731/1512 3090/3732/3076
f 1746/3727/1746 3090/3732/3076 4417/3663/4387 3055/3683/3041
f 1746/3727/1746 3055/3683/3041 4418/3632/4388 3089/3728/3075
f 1747/3733/1747 3091/3734/3077 4401/3735/4371 3084/3736/3070
f 1747/3733/1747 3084/3736/3070 4397/3737/4368 3092/3738/3078
f 1747/3733/1747 3092/3738/3078 4420/3681/4390 3056/3680/3042
f 1747/3733/1747 3056/3680/3042 4419/3679/4389 3091/3734/3077
f 1748/3739/1748 3133/3720/3117 4439/3719/4407 3103/3740/3089
f 1748/3739/1748 3103/3740/3089 4432/3741/4401 3131/3742/3115
f 1748/3739/1748 3131/3742/3115 5970/3743/5836 5891/3744/5767
f 1748/3739/1748 5891/3744/5767 5942/3721/5810 3133/3720/3117
f 1749/3745/1749 3134/3746/3118 4434/3747/1512 3104/3748/1512
f 1749/3745/1749 3104/3748/1512 4426/3693/1512 3128/3692/3112
f 1749/3745/1749 3128/3692/3112 4411/3623/4381 3060/3622/3046
f 1749/3745/1749 3060/3622/3046 4421/3621/4391 3134/3746/3118
f 1750/3749/1750 3130/3702/3114 4428/3701/4397 3105/3750/3090
f 1750/3749/1750 3105/3750/3090 4435/3751/4403 3135/3752/3119
f 1750/3749/1750 3135/3752/3119 4422/3753/4392 3061/3754/3047
f 1750/3749/1750 3061/3754/3047 4413/3703/4383 3130/3702/3114
f 1751/3755/1751 3129/3696/3113 4437/3695/4405 3121/3756/3106
f 1751/3755/1751 3121/3756/3106 4416/3725/4386 3088/3724/3074
f 1751/3755/1751 3088/3724/3074 4393/3614/4364 3062/3613/3048
f 1751/3755/1751 3062/3613/3048 4410/3612/4380 3129/3696/3113
f 1752/3757/1752 3090/3732/3076 4400/3731/1512 3122/3758/1512
f 1752/3757/1752 3122/3758/1512 4434/3747/1512 3134/3746/3118
f 1752/3757/1752 3134/3746/3118 4421/3621/4391 3066/3664/3052
f 1752/3757/1752 3066/3664/3052 4417/3663/4387 3090/3732/3076
f 1753/3759/1753 3135/3752/3119 4435/3751/4403 3123/3760/3107
f 1753/3759/1753 3123/3760/3107 4401/3735/4371 3091/3734/3077
f 1753/3759/1753 3091/3734/3077 4419/3679/4389 3067/3761/3053
f 1753/3759/1753 3067/3761/3053 4422/3753/4392 3135/3752/3119
f 1754/3762/1754 3087/3711/3073 4414/3710/4384 3085/3763/3071
f 1754/3762/1754 3085/3763/3071 4403/3699/4373 3086/3698/3072
f 1754/3762/1754 3086/3698/3072 4412/3705/4382 3070/3764/3056
f 1754/3762/1754 3070/3764/3056 4394/3712/4365 3087/3711/3073
f 1755/3765/1755 3136/3766/3120 4441/3767/4409 3124/3768/3108
f 1755/3765/1755 3124/3768/3108 4395/3729/4366 3089/3728/3075
f 1755/3765/1755 3089/3728/3075 4418/3632/4388 3074/3631/3060
f 1755/3765/1755 3074/3631/3060 4405/3630/4375 3136/3766/3120
f 1756/3769/1756 3092/3738/3078 4397/3737/4368 3125/3770/3109
f 1756/3769/1756 3125/3770/3109 4442/3771/4410 3137/3772/3121
f 1756/3769/1756 3137/3772/3121 4407/3773/4377 3076/3774/3062
f 1756/3769/1756 3076/3774/3062 4420/3681/4390 3092/3738/3078
f 1757/3775/1757 3093/3776/3079 4423/3777/4393 3126/3778/3110
f 1757/3775/1757 3126/3778/3110 4443/3779/4411 3138/3780/3122
f 1757/3775/1757 3138/3780/3122 4406/3651/4376 3079/3781/3065
f 1757/3775/1757 3079/3781/3065 4409/3639/4379 3093/3776/3079
f 1758/3782/1758 3138/3780/3122 4443/3779/4411 3106/3783/3091
f 1758/3782/1758 3106/3783/3091 4444/3784/4412 3139/3785/3123
f 1758/3782/1758 3139/3785/3123 4408/3636/4378 3080/3647/3066
f 1758/3782/1758 3080/3647/3066 4406/3651/4376 3138/3780/3122
f 1759/3786/1759 3137/3787/3121 4442/3788/4410 3127/3789/3111
f 1759/3786/1759 3127/3789/3111 4423/3777/4393 3093/3776/3079
f 1759/3786/1759 3093/3776/3079 4409/3639/4379 3081/3638/3067
f 1759/3786/1759 3081/3638/3067 4407/3645/4377 3137/3787/3121
f 1760/3790/1760 3139/3785/3123 4444/3784/4412 3107/3791/3092
f 1760/3790/1760 3107/3791/3092 4441/3767/4409 3136/3766/3120
f 1760/3790/1760 3136/3766/3120 4405/3630/4375 3082/3629/3068
f 1760/3790/1760 3082/3629/3068 4408/3636/4378 3139/3785/3123
f 1761/3792/1761 3098/3793/3084 4433/3794/4402 5215/3795/5105
f 1761/3792/1761 5215/3795/5105 4076/3796/4051 3141/3797/3125
f 1761/3792/1761 3141/3797/3125 4426/3693/1512 3104/3748/1512
f 1761/3792/1761 3104/3748/1512 4434/3747/1512 3098/3793/3084
f 1762/3798/1762 3147/3799/3131 5285/3800/5175 5209/3801/5099
f 1762/3798/1762 5209/3801/5099 4424/3802/4394 5201/3803/5091
f 1762/3798/1762 5201/3803/5091 4425/3804/4395 3144/3805/3128
f 1762/3798/1762 3144/3805/3128 4416/3725/4386 3147/3799/3131
f 1763/3806/1763 3102/3718/3088 4430/3717/4399 3094/3807/3080
f 1763/3806/1763 3094/3807/3080 5309/3808/5199 5211/3809/5101
f 1763/3806/1763 5211/3809/5101 4085/3810/4060 3145/3811/3129
f 1763/3806/1763 3145/3811/3129 4439/3719/4407 3102/3718/3088
f 1764/3812/1764 3119/3709/3104 4432/3708/4401 3096/3813/3082
f 1764/3812/1764 3096/3813/3082 5310/3814/5200 5202/3815/5092
f 1764/3812/1764 5202/3815/5092 4427/3816/4396 3146/3817/3130
f 1764/3812/1764 3146/3817/3130 4414/3710/4384 3119/3709/3104
f 1765/3818/1765 3156/3819/3140 5290/3820/5180 5168/3821/5058
f 1765/3818/1765 5168/3821/5058 5285/3800/5175 3147/3799/3131
f 1765/3818/1765 3147/3799/3131 4416/3725/4386 3121/3756/3106
f 1765/3818/1765 3121/3756/3106 4437/3695/4405 3156/3819/3140
f 1766/3822/1766 3120/3726/3105 4416/3725/4386 3144/3805/3128
f 1766/3822/1766 3144/3805/3128 4425/3804/4395 3101/3823/3087
f 1766/3822/1766 3101/3823/3087 5309/3808/5199 3094/3807/3080
f 1766/3822/1766 3094/3807/3080 4430/3717/4399 3120/3726/3105
f 1767/3824/1767 3157/3825/3141 4272/3826/4243 5169/3827/5059
f 1767/3824/1767 5169/3827/5059 5286/3828/5176 3148/3829/3132
f 1767/3824/1767 3148/3829/3132 4395/3729/4366 3124/3768/3108
f 1767/3824/1767 3124/3768/3108 4441/3767/4409 3157/3825/3141
f 1768/3830/1768 3103/3740/3089 4439/3719/4407 3145/3811/3129
f 1768/3830/1768 3145/3811/3129 4085/3810/4060 5208/3831/5098
f 1768/3830/1768 5208/3831/5098 5310/3832/5200 3096/3833/3082
f 1768/3830/1768 3096/3833/3082 4432/3741/4401 3103/3740/3089
f 1769/3834/1769 3099/3835/3085 4442/3771/4410 3125/3770/3109
f 1769/3834/1769 3125/3770/3109 4397/3737/4368 3151/3836/3135
f 1769/3834/1769 3151/3836/3135 4440/3837/4408 5204/3838/5094
f 1769/3834/1769 5204/3838/5094 4438/3839/4406 3099/3835/3085
f 1770/3840/1770 3155/3841/3139 4403/3699/4373 3085/3763/3071
f 1770/3840/1770 3085/3763/3071 4414/3710/4384 3150/3842/3134
f 1770/3840/1770 3150/3842/3134 4203/3843/4176 2856/3844/2843
f 1770/3840/1770 2856/3844/2843 4234/3845/4206 3155/3841/3139
f 1771/3846/1771 3150/3842/3134 4414/3710/4384 3146/3817/3130
f 1771/3846/1771 3146/3817/3130 4427/3816/4396 3109/3847/3094
f 1771/3846/1771 3109/3847/3094 5288/3848/5178 2855/3849/2842
f 1771/3846/1771 2855/3849/2842 4203/3843/4176 3150/3842/3134
f 1772/3850/1772 3152/3851/3136 4435/3751/4403 3105/3750/3090
f 1772/3850/1772 3105/3750/3090 4428/3701/4397 3097/3852/3083
f 1772/3850/1772 3097/3852/3083 5311/3853/5201 3110/3854/3095
f 1772/3850/1772 3110/3854/3095 4230/3855/4203 3152/3851/3136
f 1773/3856/1773 3154/3857/3138 4401/3735/4371 3123/3760/3107
f 1773/3856/1773 3123/3760/3107 4435/3751/4403 3152/3851/3136
f 1773/3856/1773 3152/3851/3136 4230/3855/4203 5216/3858/5106
f 1773/3856/1773 5216/3858/5106 4436/3859/4404 3154/3857/3138
f 1774/3860/1774 3153/3861/3137 5289/3862/5179 3111/3863/3096
f 1774/3860/1774 3111/3863/3096 4433/3794/4402 3098/3793/3084
f 1774/3860/1774 3098/3793/3084 4434/3747/1512 3122/3758/1512
f 1774/3860/1774 3122/3758/1512 4400/3731/1512 3153/3861/3137
f 1775/3864/1775 3148/3829/3132 5286/3828/5176 5167/3865/5057
f 1775/3864/1775 5167/3865/5057 5289/3862/5179 3153/3861/3137
f 1775/3864/1775 3153/3861/3137 4400/3731/1512 3083/3730/3069
f 1775/3864/1775 3083/3730/3069 4395/3729/4366 3148/3829/3132
f 1776/3866/1776 3151/3836/3135 4397/3737/4368 3084/3736/3070
f 1776/3866/1776 3084/3736/3070 4401/3735/4371 3154/3857/3138
f 1776/3866/1776 3154/3857/3138 4436/3859/4404 5203/3867/5093
f 1776/3866/1776 5203/3867/5093 4440/3837/4408 3151/3836/3135
f 1777/3868/1777 3097/3852/3083 4428/3701/4397 3118/3700/3103
f 1777/3868/1777 3118/3700/3103 4403/3699/4373 3155/3841/3139
f 1777/3868/1777 3155/3841/3139 4234/3845/4206 5214/3869/5104
f 1777/3868/1777 5214/3869/5104 5311/3853/5201 3097/3852/3083
f 1778/3870/1778 3141/3797/3125 4076/3796/4051 2853/3871/2840
f 1778/3870/1778 2853/3871/2840 5290/3820/5180 3156/3819/3140
f 1778/3870/1778 3156/3819/3140 4437/3695/4405 3100/3694/3086
f 1778/3870/1778 3100/3694/3086 4426/3693/1512 3141/3797/3125
f 1779/3872/1779 2854/3873/2841 5293/3874/5183 3143/3875/3127
f 1779/3872/1779 3143/3875/3127 4442/3771/4410 3099/3835/3085
f 1779/3872/1779 3099/3835/3085 4438/3839/4406 5213/3876/5103
f 1779/3872/1779 5213/3876/5103 5287/3877/5177 2854/3873/2841
f 1780/3878/1780 5207/3879/5097 5292/3880/5182 3142/3881/3126
f 1780/3878/1780 3142/3881/3126 4443/3882/4411 3126/3883/3110
f 1780/3878/1780 3126/3883/3110 4423/3884/4393 3149/3885/3133
f 1780/3878/1780 3149/3885/3133 4431/3886/4400 5207/3879/5097
f 1781/3887/1781 5206/3888/5096 5308/3889/5198 5205/3890/5095
f 1781/3887/1781 5205/3890/5095 4272/3826/4243 3157/3825/3141
f 1781/3887/1781 3157/3825/3141 4441/3767/4409 3140/3891/3124
f 1781/3887/1781 3140/3891/3124 5291/3892/5181 5206/3888/5096
f 1782/3893/1782 5210/3894/5100 4429/3895/4398 3095/3896/3081
f 1782/3893/1782 3095/3896/3081 4444/3784/4412 3106/3783/3091
f 1782/3893/1782 3106/3783/3091 4443/3779/4411 3142/3897/3126
f 1782/3893/1782 3142/3897/3126 5292/3898/5182 5210/3894/5100
f 1783/3899/1783 5212/3900/5102 4431/3901/4400 3149/3902/3133
f 1783/3899/1783 3149/3902/3133 4423/3777/4393 3127/3789/3111
f 1783/3899/1783 3127/3789/3111 4442/3788/4410 3143/3903/3127
f 1783/3899/1783 3143/3903/3127 5293/3904/5183 5212/3900/5102
f 1784/3905/1784 3108/3906/3093 5291/3892/5181 3140/3891/3124
f 1784/3905/1784 3140/3891/3124 4441/3767/4409 3107/3791/3092
f 1784/3905/1784 3107/3791/3092 4444/3784/4412 3095/3896/3081
f 1784/3905/1784 3095/3896/3081 4429/3895/4398 3108/3906/3093
f 1785/1574/1785 3158/1577/3142 4804/1576/4768 2225/1575/2222
f 1785/1574/1785 2225/1575/2222 4805/1582/4769 3160/1581/3144
f 1785/1574/1785 3160/1581/3144 4446/1580/4414 3159/1579/3143
f 1785/1574/1785 3159/1579/3143 4445/1578/4413 3158/1577/3142
f 1786/3907/1786 3628/1586/3606 4849/1585/4811 2746/1584/2734
f 1786/3907/1786 2746/1584/2734 4806/1591/4770 3161/3908/3145
f 1786/3907/1786 3161/3908/3145 4447/1589/4415 3162/3909/3146
f 1786/3907/1786 3162/3909/3146 4604/1587/4571 3628/1586/3606
f 1787/3910/1787 3161/3908/3145 4806/1591/4770 2233/1593/2230
f 1787/3910/1787 2233/1593/2230 4807/1597/4771 3163/3911/3147
f 1787/3910/1787 3163/3911/3147 4448/1595/4416 3164/1594/3148
f 1787/3910/1787 3164/1594/3148 4447/1589/4415 3161/3908/3145
f 1788/3912/1788 3519/1601/3499 4860/1600/4818 2622/1599/2616
f 1788/3912/1788 2622/1599/2616 4808/1606/4772 3165/1605/3149
f 1788/3912/1788 3165/1605/3149 4449/1604/4417 3166/1603/3150
f 1788/3912/1788 3166/1603/3150 4605/1602/4572 3519/1601/3499
f 1789/3913/1789 3165/1605/3149 4808/1606/4772 2239/1608/2236
f 1789/3913/1789 2239/1608/2236 4809/1612/4773 3167/1611/3151
f 1789/3913/1789 3167/1611/3151 4450/1610/4418 3168/1609/3152
f 1789/3913/1789 3168/1609/3152 4449/1604/4417 3165/1605/3149
f 1790/1613/1790 3167/1611/3151 4809/1612/4773 2242/1614/2239
f 1790/1613/1790 2242/1614/2239 4810/1618/4774 3169/1617/3153
f 1790/1613/1790 3169/1617/3153 4451/1616/4419 3170/1615/3154
f 1790/1613/1790 3170/1615/3154 4450/1610/4418 3167/1611/3151
f 1791/3914/1791 3363/1622/3347 4852/1621/4812 2457/1620/2453
f 1791/3914/1791 2457/1620/2453 4811/1627/4775 3171/1626/3155
f 1791/3914/1791 3171/1626/3155 4452/1625/4420 3172/1624/3156
f 1791/3914/1791 3172/1624/3156 4534/1623/4501 3363/1622/3347
f 1792/1628/1792 3171/1626/3155 4811/1627/4775 2248/1629/2245
f 1792/1628/1792 2248/1629/2245 4812/1633/4776 3173/1632/3157
f 1792/1628/1792 3173/1632/3157 4453/1631/4421 3174/1630/3158
f 1792/1628/1792 3174/1630/3158 4452/1625/4420 3171/1626/3155
f 1793/1634/1793 3173/1632/3157 4812/1633/4776 2251/1635/2248
f 1793/1634/1793 2251/1635/2248 4813/1639/4777 3175/1638/3159
f 1793/1634/1793 3175/1638/3159 4454/1637/4422 3176/1636/3160
f 1793/1634/1793 3176/1636/3160 4453/1631/4421 3173/1632/3157
f 1794/1640/1794 3175/1638/3159 4813/1639/4777 2254/1641/2251
f 1794/1640/1794 2254/1641/2251 4814/1645/4778 3177/3915/3161
f 1794/1640/1794 3177/3915/3161 4455/1643/4423 3178/1642/3162
f 1794/1640/1794 3178/1642/3162 4454/1637/4422 3175/1638/3159
f 1795/3916/1795 3177/3915/3161 4814/1645/4778 2257/1647/2254
f 1795/3916/1795 2257/1647/2254 4815/1651/4779 3179/1650/3163
f 1795/3916/1795 3179/1650/3163 4456/1649/4424 3180/3917/3164
f 1795/3916/1795 3180/3917/3164 4455/1643/4423 3177/3915/3161
f 1796/1652/1796 3179/1650/3163 4815/1651/4779 2260/1653/2257
f 1796/1652/1796 2260/1653/2257 4816/1657/4780 3181/1656/3165
f 1796/1652/1796 3181/1656/3165 4457/1655/4425 3182/1654/3166
f 1796/1652/1796 3182/1654/3166 4456/1649/4424 3179/1650/3163
f 1797/1658/1797 3181/1656/3165 4816/1657/4780 3184/1659/3168
f 1797/1658/1797 3184/1659/3168 4458/1663/4426 3183/1662/3167
f 1797/1658/1797 3183/1662/3167 4459/1661/4427 3185/1660/3169
f 1797/1658/1797 3185/1660/3169 4457/1655/4425 3181/1656/3165
f 1798/3918/1798 3183/1662/3167 4458/1663/4426 3187/1665/3171
f 1798/3918/1798 3187/1665/3171 4817/1669/4781 3186/1668/3170
f 1798/3918/1798 3186/1668/3170 4460/1667/4428 3188/1666/3172
f 1798/3918/1798 3188/1666/3172 4459/1661/4427 3183/1662/3167
f 1799/3919/1799 3186/1673/3170 4817/1672/4781 2269/1671/2266
f 1799/3919/1799 2269/1671/2266 4818/1678/4782 3189/1677/3173
f 1799/3919/1799 3189/1677/3173 4461/1676/4429 3190/1675/3174
f 1799/3919/1799 3190/1675/3174 4460/1674/4428 3186/1673/3170
f 1721/3920/1721 3189/1682/3173 4818/1681/4782 2272/1680/2269
f 1721/3920/1721 2271/1686/2268 4821/1685/4785 3191/1684/3175
f 1721/3920/1721 3191/1684/3175 4461/1683/4429 3189/1682/3173
f 1722/3921/1722 3520/1689/3500 4462/1696/4430 3192/1695/3176
f 1722/3921/1722 3192/1695/3176 4463/1694/4431 3193/1693/3177
f 1722/3921/1722 3193/1693/3177 4612/1692/4578 3552/3922/3532
f 1800/1697/1800 3497/1700/3480 4858/1699/4817 2578/1698/2574
f 1800/1697/1800 2578/1698/2574 4826/1705/4790 3194/1704/3178
f 1800/1697/1800 3194/1704/3178 4464/1703/4432 3196/1702/3180
f 1800/1697/1800 3196/1702/3180 4586/1701/4553 3497/1700/3480
f 1801/3923/1801 3444/1709/3428 4854/1708/4813 2551/1707/2547
f 1801/3923/1801 2551/1707/2547 4827/1714/4791 3197/1713/3181
f 1801/3923/1801 3197/1713/3181 4465/1712/4433 3198/1711/3182
f 1801/3923/1801 3198/1711/3182 4579/1710/4546 3444/1709/3428
f 1802/1715/1802 3457/1718/3441 4584/1717/4551 3456/1716/3440
f 1802/1715/1802 3456/1716/3440 4466/1723/4434 3199/1722/3183
f 1802/1715/1802 3199/1722/3183 4467/1721/4435 3200/1720/3184
f 1802/1715/1802 3200/1720/3184 4583/1719/4550 3457/1718/3441
f 1803/3924/1803 3199/1722/3183 4466/1723/4434 3202/1725/3186
f 1803/3924/1803 3202/1725/3186 4468/1729/4436 3201/1728/3185
f 1803/3924/1803 3201/1728/3185 4469/1727/4437 3203/1726/3187
f 1803/3924/1803 3203/1726/3187 4467/1721/4435 3199/1722/3183
f 1804/3925/1804 3201/1733/3185 4468/1732/4436 3205/1731/3189
f 1804/3925/1804 3205/1731/3189 4828/1738/4792 3204/1737/3188
f 1804/3925/1804 3204/1737/3188 4470/1736/4438 3206/1735/3190
f 1804/3925/1804 3206/1735/3190 4469/1734/4437 3201/1733/3185
f 1805/1739/1805 3204/1737/3188 4828/1738/4792 2296/1740/2292
f 1805/1739/1805 2296/1740/2292 4829/1744/4793 3207/1743/3191
f 1805/1739/1805 3207/1743/3191 4471/1742/4439 3208/1741/3192
f 1805/1739/1805 3208/1741/3192 4470/1736/4438 3204/1737/3188
f 1806/1745/1806 3766/3926/3743 4875/1747/4826 2898/1746/2885
f 1806/1745/1806 2898/1746/2885 4830/1753/4794 3209/1752/3193
f 1806/1745/1806 3209/1752/3193 4472/1751/4440 3210/1750/3194
f 1806/1745/1806 3210/1750/3194 4731/1749/4695 3766/3926/3743
f 1807/3927/1807 3338/1757/3322 4850/1756/2443 2437/1755/2433
f 1807/3927/1807 2437/1755/2433 4831/1762/4795 3211/3928/3195
f 1807/3927/1807 3211/3928/3195 4473/1760/4441 3212/1759/3196
f 1807/3927/1807 3212/1759/3196 4526/1758/4493 3338/1757/3322
f 1808/1763/1808 3649/1766/3627 4869/1765/2455 2762/1764/2750
f 1808/1763/1808 2762/1764/2750 4832/1771/4796 3213/1770/3197
f 1808/1763/1808 3213/1770/3197 4474/1769/4442 3214/3929/3198
f 1808/1763/1808 3214/3929/3198 4661/3930/4626 3649/1766/3627
f 1809/3931/1809 3213/1770/3197 4832/1771/4796 2308/1773/2304
f 1809/3931/1809 2308/1773/2304 4833/1777/4797 3215/1776/3199
f 1809/3931/1809 3215/1776/3199 4475/3932/4443 3216/1774/3200
f 1809/3931/1809 3216/1774/3200 4474/1769/4442 3213/1770/3197
f 1810/3933/1810 3518/3934/3498 4861/1780/2418 2629/1779/2622
f 1810/3933/1810 2629/1779/2622 4834/1786/4798 3217/3935/3201
f 1810/3933/1810 3217/3935/3201 4476/1784/4444 3218/1783/3202
f 1810/3933/1810 3218/1783/3202 4606/1782/4573 3518/3934/3498
f 1811/3936/1811 3627/1790/3605 4867/1789/2404 2747/1788/2735
f 1811/3936/1811 2747/1788/2735 4835/1795/4799 3219/1794/3203
f 1811/3936/1811 3219/1794/3203 4477/1793/4445 3220/1792/3204
f 1811/3936/1811 3220/1792/3204 4659/1791/4624 3627/1790/3605
f 1812/1796/1812 3717/1799/2066 4874/1798/2608 2846/1797/2834
f 1812/1796/1812 2846/1797/2834 4836/1804/4800 3221/1803/3205
f 1812/1796/1812 3221/1803/3205 4478/1802/4446 3222/1801/3206
f 1812/1796/1812 3222/1801/3206 4694/1800/3686 3717/1799/2066
f 1813/3937/1813 3221/1803/3205 4836/1804/4800 2320/1806/2316
f 1813/3937/1813 2320/1806/2316 4837/1810/4801 3223/1809/3207
f 1813/3937/1813 3223/1809/3207 4479/3938/4447 3224/1807/3208
f 1813/3937/1813 3224/1807/3208 4478/1802/4446 3221/1803/3205
f 1814/3939/1814 3223/1809/3207 4837/1810/4801 2323/1812/2319
f 1814/3939/1814 2323/1812/2319 4838/1816/4802 3225/1815/3209
f 1814/3939/1814 3225/1815/3209 4480/1814/4448 3226/1813/3210
f 1814/3939/1814 3226/1813/3210 4479/3938/4447 3223/1809/3207
f 4797/3563/4761 3882/3940/3859 3016/3941/3003 4374/3564/4345
f 1815/3942/1815 3706/1823/3684 4872/1822/4825 2833/1821/2821
f 1815/3942/1815 2833/1821/2821 4840/1828/4804 3229/3943/3213
f 1815/3942/1815 3229/3943/3213 4482/3944/4450 3704/1825/3682
f 1815/3942/1815 3704/1825/3682 4680/3945/4645 3706/1823/3684
f 1816/1829/1816 3697/3946/3675 4870/1831/4823 2824/1830/2812
f 1816/1829/1816 2824/1830/2812 4841/1837/4805 3230/1836/3214
f 1816/1829/1816 3230/1836/3214 4483/1835/4451 3695/1834/3673
f 1816/1829/1816 3695/1834/3673 4679/1833/4644 3697/3946/3675
f 1817/1838/1817 3231/1841/3215 4842/1840/4806 2333/1839/2329
f 1817/1838/1817 2333/1839/2329 4843/1846/4807 3233/1845/3217
f 1817/1838/1817 3233/1845/3217 4485/1844/4453 3234/1843/3218
f 1817/1838/1817 3234/1843/3218 4484/1842/4452 3231/1841/3215
f 1818/1847/1818 3233/1845/3217 4843/1846/4807 2336/1848/2332
f 1818/1847/1818 2336/1848/2332 4844/1852/4808 3235/3947/3219
f 1818/1847/1818 3235/3947/3219 4486/1850/4454 3236/3948/3220
f 1818/1847/1818 3236/3948/3220 4485/1844/4453 3233/1845/3217
f 1819/3949/1819 3235/3947/3219 4844/1852/4808 2338/1854/2334
f 1819/3949/1819 2338/1854/2334 4886/1858/4837 3237/1857/3221
f 1819/3949/1819 3237/1857/3221 5553/1856/5443 3238/3950/3222
f 1819/3949/1819 3238/3950/3222 4486/1850/4454 3235/3947/3219
f 1820/1859/1820 3716/1862/3694 4873/1861/2338 2842/1860/2830
f 1820/1859/1820 2842/1860/2830 4845/1867/4809 3239/1866/3223
f 1820/1859/1820 3239/1866/3223 4487/1865/4455 3240/1864/3224
f 1820/1859/1820 3240/1864/3224 4695/1863/4659 3716/1862/3694
f 1821/1868/1821 3239/1866/3223 4845/1867/4809 2345/1869/2341
f 1821/1868/1821 2345/1869/2341 4846/1873/4810 3241/1872/3225
f 1821/1868/1821 3241/1872/3225 4488/1871/4456 3242/1870/3226
f 1821/1868/1821 3242/1870/3226 4487/1865/4455 3239/1866/3223
f 1822/1874/1822 3241/1872/3225 4846/1873/4810 2347/1875/2343
f 1822/1874/1822 2347/1875/2343 4804/1576/4768 3158/1577/3142
f 1822/1874/1822 3158/1577/3142 4445/1578/4413 3243/1876/3227
f 1822/1874/1822 3243/1876/3227 4488/1871/4456 3241/1872/3225
f 1823/1877/1823 3340/1880/3324 4530/1879/4497 3347/1878/3331
f 1823/1877/1823 3347/1878/3331 4531/3951/4498 3341/3952/3325
f 1823/1877/1823 3341/3952/3325 4489/1883/4457 3251/3953/3235
f 1823/1877/1823 3251/3953/3235 4472/1881/4440 3340/1880/3324
f 1824/1886/1824 3304/1889/3288 4520/1888/4488 3325/3954/3309
f 1824/1886/1824 3325/3954/3309 4521/1893/4489 3299/1892/3283
f 1824/1886/1824 3299/1892/3283 4492/1891/4460 3253/1890/3237
f 1824/1886/1824 3253/1890/3237 4475/3932/4443 3304/1889/3288
f 1825/3955/1825 3224/1807/3208 4479/3938/4447 3675/3956/3653
f 1825/3955/1825 3675/3956/3653 4681/1899/4646 3674/1898/3652
f 1825/3955/1825 3674/1898/3652 4495/1897/4463 3254/1896/3238
f 1825/3955/1825 3254/1896/3238 4478/1802/4446 3224/1807/3208
f 1826/3957/1826 3350/1903/3334 4535/1902/4502 3361/1901/3345
f 1826/3957/1826 3361/1901/3345 4536/1908/4503 3351/1907/3335
f 1826/3957/1826 3351/1907/3335 4490/1906/4458 3250/3958/3234
f 1826/3957/1826 3250/3958/3234 4473/1904/4441 3350/1903/3334
f 1827/1909/1827 3301/3959/3285 4517/3960/4485 3315/1910/3299
f 1827/1909/1827 3315/1910/3299 4518/1916/4486 3300/1915/3284
f 1827/1909/1827 3300/1915/3284 4493/1914/4461 3252/1913/3236
f 1827/1909/1827 3252/1913/3236 4476/1784/4444 3301/3959/3285
f 1828/1917/1828 3216/1774/3200 4475/3932/4443 3253/1890/3237
f 1828/1917/1828 3253/1890/3237 4492/1891/4460 3246/1920/3230
f 1828/1917/1828 3246/1920/3230 4491/1919/4459 3255/1918/3239
f 1828/1917/1828 3255/1918/3239 4474/1769/4442 3216/1774/3200
f 1829/3961/1829 3606/1924/3586 4653/1923/4619 3613/1922/3592
f 1829/3961/1829 3613/1922/3592 4654/1928/4620 3607/1927/3587
f 1829/3961/1829 3607/1927/3587 4494/1926/4462 3256/1925/3240
f 1829/3961/1829 3256/1925/3240 4477/1793/4445 3606/1924/3586
f 1830/3962/1830 3246/1932/3230 4492/1931/4460 3264/1930/3248
f 1830/3962/1830 3264/1930/3248 4499/3963/4467 3259/3964/3243
f 1830/3962/1830 3259/3964/3243 4498/1935/4466 3265/1934/3249
f 1830/3962/1830 3265/1934/3249 4491/1933/4459 3246/1932/3230
f 1831/3965/1831 3341/3952/3325 4531/3951/4498 3346/3966/3330
f 1831/3965/1831 3346/3966/3330 4532/3967/4499 3342/1942/3326
f 1831/3965/1831 3342/1942/3326 4496/3968/4464 3267/3969/3251
f 1831/3965/1831 3267/3969/3251 4489/1883/4457 3341/3952/3325
f 1832/1944/1832 3607/1947/3587 4654/1946/4620 3612/1945/3591
f 1832/1944/1832 3612/1945/3591 4718/1952/4682 3608/1951/3588
f 1832/1944/1832 3608/1951/3588 4698/1950/4662 3269/1949/3253
f 1832/1944/1832 3269/1949/3253 4494/1948/4462 3607/1947/3587
f 1833/3970/1833 3299/1956/3283 4521/1955/4489 3324/1954/3308
f 1833/3970/1833 3324/1954/3308 4522/1958/4490 3308/1957/3292
f 1833/3970/1833 3308/1957/3292 4499/3963/4467 3264/1930/3248
f 1833/3970/1833 3264/1930/3248 4492/1931/4460 3299/1956/3283
f 1834/3971/1834 3351/1907/3335 4536/1908/4503 3360/1960/3344
f 1834/3971/1834 3360/1960/3344 4537/1964/4504 3352/3972/3336
f 1834/3971/1834 3352/3972/3336 4497/1962/4465 3266/1961/3250
f 1834/3971/1834 3266/1961/3250 4490/1906/4458 3351/1907/3335
f 1835/1965/1835 3674/1968/3652 4681/1967/4646 3676/1966/3654
f 1835/1965/1835 3676/1966/3654 4501/1973/4469 3263/3973/3247
f 1835/1965/1835 3263/3973/3247 4700/1971/4664 3268/1970/3252
f 1835/1965/1835 3268/1970/3252 4495/1969/4463 3674/1968/3652
f 1836/3974/1836 3300/1977/3284 4518/1976/4486 3314/3975/3298
f 1836/3974/1836 3314/3975/3298 4708/1982/4672 3311/1981/3295
f 1836/3974/1836 3311/1981/3295 4703/1980/4667 3270/1979/3254
f 1836/3974/1836 3270/1979/3254 4493/1978/4461 3300/1977/3284
f 1837/1983/1837 3308/1957/3292 4522/1958/4490 3323/1984/3307
f 1837/1983/1837 3323/1984/3307 4523/1988/1950 3318/1987/3302
f 1837/1983/1837 3318/1987/3302 4505/1986/4473 3278/3976/3262
f 1837/1983/1837 3278/3976/3262 4499/3963/4467 3308/1957/3292
f 1838/1989/1838 3352/3972/3336 4537/1964/4504 3359/1990/3343
f 1838/1989/1838 3359/1990/3343 4538/1994/4505 3353/1993/3337
f 1838/1989/1838 3353/1993/3337 4503/1992/4471 3280/1991/3264
f 1838/1989/1838 3280/1991/3264 4497/1962/4465 3352/3972/3336
f 1839/3977/1839 3263/3973/3247 4501/1973/4469 3281/3978/3265
f 1839/3977/1839 3281/3978/3265 4507/2000/4475 3275/3979/3259
f 1839/3977/1839 3275/3979/3259 4506/1998/4474 3276/1997/3260
f 1839/3977/1839 3276/1997/3260 4700/1971/4664 3263/3973/3247
f 1840/3980/1840 3259/3964/3243 4499/3963/4467 3278/3976/3262
f 1840/3980/1840 3278/3976/3262 4505/1986/4473 3273/2004/3257
f 1840/3980/1840 3273/2004/3257 4504/2003/4472 3279/2002/3263
f 1840/3980/1840 3279/2002/3263 4498/1935/4466 3259/3964/3243
f 1841/3981/1841 3342/1942/3326 4532/3967/4499 3345/2006/3329
f 1841/3981/1841 3345/2006/3329 4533/2010/4500 3343/2009/3327
f 1841/3981/1841 3343/2009/3327 4502/2008/4470 3282/2007/3266
f 1841/3981/1841 3282/2007/3266 4496/3968/4464 3342/1942/3326
f 1842/2011/1842 3495/2014/3478 4592/2013/4559 3358/2012/3342
f 1842/2011/1842 3358/2012/3342 4539/2019/4506 3354/2018/3338
f 1842/2011/1842 3354/2018/3338 4508/2017/4476 3288/2016/3272
f 1842/2011/1842 3288/2016/3272 4589/2015/4556 3495/2014/3478
f 1843/3982/1843 5723/2023/5601 4613/2022/4579 3522/2021/3502
f 1843/3982/1843 3522/2021/3502 4513/2028/4481 3291/2027/3275
f 1843/3982/1843 3291/2027/3275 4512/2026/4480 3293/2025/3277
f 1843/3982/1843 3293/2025/3277 4614/2024/4580 5723/2023/5601
f 1844/3983/1844 3551/2032/3531 5757/2031/5635 3322/2030/3306
f 1844/3983/1844 3322/2030/3306 4524/2034/4491 3319/2033/3303
f 1844/3983/1844 3319/2033/3303 4513/2028/4481 3522/2021/3502
f 1844/3983/1844 3522/2021/3502 4613/2022/4579 3551/2032/3531
f 1845/2035/1845 3550/2038/3530 4618/2037/4584 3357/2036/3341
f 1845/2035/1845 3357/2036/3341 4540/2043/4507 3355/2042/3339
f 1845/2035/1845 3355/2042/3339 4511/2041/4479 3296/2040/3280
f 1845/2035/1845 3296/2040/3280 4615/2039/4581 3550/2038/3530
f 1846/2044/1846 3609/3984/3589 4719/2046/4683 3622/2045/3600
f 1846/2044/1846 3622/2045/3600 4445/1578/4413 3159/1579/3143
f 1846/2044/1846 3159/1579/3143 4446/1580/4414 3310/3985/3294
f 1846/2044/1846 3310/3985/3294 4715/2048/4679 3609/3984/3589
f 1847/2050/1847 3604/2053/3584 4632/2052/4598 3328/2051/3312
f 1847/2050/1847 3328/2051/3312 4449/1604/4417 3168/1609/3152
f 1847/2050/1847 3168/1609/3152 4450/1610/4418 3320/2055/3304
f 1847/2050/1847 3320/2055/3304 4630/2054/4596 3604/2053/3584
f 1848/2056/1848 3603/2059/3583 4635/3986/4601 3356/2057/3340
f 1848/2056/1848 3356/2057/3340 4534/1623/4501 3172/1624/3156
f 1848/2056/1848 3172/1624/3156 4452/1625/4420 3321/2061/3305
f 1848/2056/1848 3321/2061/3305 4631/3987/4597 3603/2059/3583
f 1849/3988/1849 3602/2065/3582 4716/2064/4680 3317/3989/3301
f 1849/3988/1849 3317/3989/3301 4447/1589/4415 3164/1594/3148
f 1849/3988/1849 3164/1594/3148 4448/1595/4416 3555/2067/3535
f 1849/3988/1849 3555/2067/3535 4709/2066/4673 3602/2065/3582
f 1850/2068/1850 3601/2069/3581 4630/2054/4596 3320/2055/3304
f 1850/2068/1850 3320/2055/3304 4450/1610/4418 3170/1615/3154
f 1850/2068/1850 3170/1615/3154 4451/1616/4419 3554/2071/3534
f 1850/2068/1850 3554/2071/3534 4628/2070/4594 3601/2069/3581
f 1851/3990/1851 3623/3991/3601 4714/2074/4678 3626/3992/3604
f 1851/3990/1851 3626/3992/3604 4604/1587/4571 3162/3909/3146
f 1851/3990/1851 3162/3909/3146 4447/1589/4415 3317/3989/3301
f 1851/3990/1851 3317/3989/3301 4716/2064/4680 3623/3991/3601
f 1852/2076/1852 3309/2079/3293 4655/2078/4621 3625/2077/3603
f 1852/2076/1852 3625/2077/3603 4697/2081/4661 3501/2080/3484
f 1852/2076/1852 3501/2080/3484 4708/1982/4672 3314/3975/3298
f 1852/2076/1852 3314/3975/3298 4518/1976/4486 3309/2079/3293
f 1853/3993/1853 3302/2084/3286 4659/1791/4624 3624/2083/3602
f 1853/3993/1853 3624/2083/3602 4655/2086/4621 3309/2085/3293
f 1853/3993/1853 3309/2085/3293 4518/1916/4486 3315/1910/3299
f 1853/3993/1853 3315/1910/3299 4517/3960/4485 3302/2084/3286
f 1854/3994/1854 3217/3935/3201 4834/1786/4798 2314/2088/2310
f 1854/3994/1854 2314/2088/2310 4848/2090/2404 3316/3995/3300
f 1854/3994/1854 3316/3995/3300 4517/3960/4485 3301/3959/3285
f 1854/3994/1854 3301/3959/3285 4476/1784/4444 3217/3935/3201
f 1855/3996/1855 3599/2094/3579 4651/2093/4617 3517/2092/3497
f 1855/3996/1855 3517/2092/3497 4605/1602/4572 3166/1603/3150
f 1855/3996/1855 3166/1603/3150 4449/1604/4417 3328/2051/3312
f 1855/3996/1855 3328/2051/3312 4632/2052/4598 3599/2094/3579
f 1856/3997/1856 5722/2098/5600 4627/2097/4593 3516/3998/3496
f 1856/3997/1856 3516/3998/3496 4610/2100/4576 3510/2099/3491
f 1856/3997/1856 3510/2099/3491 4524/2034/4491 3322/2030/3306
f 1856/3997/1856 3322/2030/3306 5757/2031/5635 5722/2098/5600
f 1857/2101/1857 3508/3999/3490 4608/2103/4575 3515/4000/3495
f 1857/2101/1857 3515/4000/3495 4609/2106/1950 3509/2105/1950
f 1857/2101/1857 3509/2105/1950 4523/1988/1950 3323/1984/3307
f 1857/2101/1857 3323/1984/3307 4522/1958/4490 3508/3999/3490
f 1858/4001/1858 3507/2110/3489 4607/2109/4574 3514/2108/3494
f 1858/4001/1858 3514/2108/3494 4608/2103/4575 3508/3999/3490
f 1858/4001/1858 3508/3999/3490 4522/1958/4490 3324/1954/3308
f 1858/4001/1858 3324/1954/3308 4521/1955/4489 3507/2110/3489
f 1859/4002/1859 3506/2113/3488 4606/1782/4573 3513/4003/3493
f 1859/4002/1859 3513/4003/3493 4607/2115/4574 3507/2114/3489
f 1859/4002/1859 3507/2114/3489 4521/1893/4489 3325/3954/3309
f 1859/4002/1859 3325/3954/3309 4520/1888/4488 3506/2113/3488
f 1860/4004/1860 3215/1776/3199 4833/1777/4797 2311/2117/2307
f 1860/4004/1860 2311/2117/2307 4847/2119/2418 3326/2118/3310
f 1860/4004/1860 3326/2118/3310 4520/1888/4488 3304/1889/3288
f 1860/4004/1860 3304/1889/3288 4475/3932/4443 3215/1776/3199
f 1861/2120/1861 3525/2123/3505 4615/2122/4581 3549/2121/3529
f 1861/2120/1861 3549/2121/3529 4617/2127/4583 3527/2126/3507
f 1861/2120/1861 3527/2126/3507 4514/2125/4482 3306/2124/3290
f 1861/2120/1861 3306/2124/3290 4508/2017/4476 3525/2123/3505
f 1862/2128/1862 3527/2126/3507 4617/2127/4583 3548/2129/3528
f 1862/2128/1862 3548/2129/3528 4616/2133/4582 3526/2132/3506
f 1862/2128/1862 3526/2132/3506 4516/4005/4484 3313/4006/3297
f 1862/2128/1862 3313/4006/3297 4514/2125/4482 3527/2126/3507
f 1863/4007/1863 3557/4008/3537 4631/3987/4597 3598/4009/3578
f 1863/4007/1863 3598/4009/3578 4633/2140/4599 3329/4010/3313
f 1863/4007/1863 3329/4010/3313 4515/2138/4483 3307/4011/3291
f 1863/4007/1863 3307/4011/3291 4511/2041/4479 3557/4008/3537
f 1864/4012/1864 3329/4010/3313 4633/2140/4599 3597/2142/3577
f 1864/4012/1864 3597/2142/3577 4634/2146/4600 3330/2145/3314
f 1864/4012/1864 3330/2145/3314 4525/2144/4492 3298/4013/3282
f 1864/4012/1864 3298/4013/3282 4515/2138/4483 3329/4010/3313
f 1865/2147/1865 3257/2148/3241 4497/1962/4465 3280/1991/3264
f 1865/2147/1865 3280/1991/3264 4503/1992/4471 3271/2152/3255
f 1865/2147/1865 3271/2152/3255 4529/2151/4496 3335/2150/3319
f 1865/2147/1865 3335/2150/3319 4528/2149/4495 3257/2148/3241
f 1866/4014/1866 3244/2154/3228 4490/1906/4458 3266/1961/3250
f 1866/4014/1866 3266/1961/3250 4497/1962/4465 3257/2148/3241
f 1866/4014/1866 3257/2148/3241 4528/2149/4495 3336/2156/3320
f 1866/4014/1866 3336/2156/3320 4527/2155/4494 3244/2154/3228
f 1867/4015/1867 3212/2158/3196 4473/1904/4441 3250/3958/3234
f 1867/4015/1867 3250/3958/3234 4490/1906/4458 3244/2154/3228
f 1867/4015/1867 3244/2154/3228 4527/2155/4494 3337/2160/3321
f 1867/4015/1867 3337/2160/3321 4526/2159/4493 3212/2158/3196
f 1868/2161/1868 3344/2164/3328 4851/2163/2443 2447/2162/2443
f 1868/2161/1868 2447/2162/2443 4850/1756/2443 3338/1757/3322
f 1868/2161/1868 3338/1757/3322 4526/1758/4493 3331/2166/3315
f 1868/2161/1868 3331/2166/3315 4530/2165/4497 3344/2164/3328
f 1869/2167/1869 3339/2170/3323 4590/2169/4557 3493/2168/3476
f 1869/2167/1869 3493/2168/3476 4589/2015/4556 3288/2016/3272
f 1869/2167/1869 3288/2016/3272 4508/2017/4476 3306/2124/3290
f 1869/2167/1869 3306/2124/3290 4514/2125/4482 3339/2170/3323
f 1870/4016/1870 3209/1752/3193 4830/1753/4794 2302/2172/2298
f 1870/4016/1870 2302/2172/2298 4851/2163/2443 3344/2164/3328
f 1870/4016/1870 3344/2164/3328 4530/2165/4497 3340/2173/3324
f 1870/4016/1870 3340/2173/3324 4472/1751/4440 3209/1752/3193
f 1871/4017/1871 3333/4018/3317 4528/2149/4495 3335/2150/3319
f 1871/4017/1871 3335/2150/3319 4529/2151/4496 3334/2176/3318
f 1871/4017/1871 3334/2176/3318 4533/2010/4500 3345/2006/3329
f 1871/4017/1871 3345/2006/3329 4532/3967/4499 3333/4018/3317
f 1872/4019/1872 3332/2178/3316 4527/2155/4494 3336/2156/3320
f 1872/4019/1872 3336/2156/3320 4528/2149/4495 3333/4018/3317
f 1872/4019/1872 3333/4018/3317 4532/3967/4499 3346/3966/3330
f 1872/4019/1872 3346/3966/3330 4531/3951/4498 3332/2178/3316
f 1873/4020/1873 3331/2180/3315 4526/2159/4493 3337/2160/3321
f 1873/4020/1873 3337/2160/3321 4527/2155/4494 3332/2178/3316
f 1873/4020/1873 3332/2178/3316 4531/3951/4498 3347/1878/3331
f 1873/4020/1873 3347/1878/3331 4530/1879/4497 3331/2180/3315
f 1874/2181/1874 3471/2183/3454 4590/2169/4557 3492/4021/3475
f 1874/2181/1874 3492/4021/3475 4591/4022/4558 3348/2184/3332
f 1874/2181/1874 3348/2184/3332 4533/2010/4500 3334/2176/3318
f 1874/2181/1874 3334/2176/3318 4529/2151/4496 3471/2183/3454
f 1875/4023/1875 3638/2189/3616 4670/4024/4635 3648/2187/3626
f 1875/4023/1875 3648/2187/3626 4667/2191/4632 3349/4025/3333
f 1875/4023/1875 3349/4025/3333 4534/1623/4501 3356/2057/3340
f 1875/4023/1875 3356/2057/3340 4635/3986/4601 3638/2189/3616
f 1876/4026/1876 3637/2195/3615 4669/2194/4634 3647/4027/3625
f 1876/4026/1876 3647/4027/3625 4666/2197/4631 3634/4028/3612
f 1876/4026/1876 3634/4028/3612 4540/2043/4507 3357/2036/3341
f 1876/4026/1876 3357/2036/3341 4618/2037/4584 3637/2195/3615
f 1877/2198/1877 3636/2201/3614 4668/2200/4633 3646/2199/3624
f 1877/2198/1877 3646/2199/3624 4665/2203/4630 3633/2202/3611
f 1877/2198/1877 3633/2202/3611 4539/2019/4506 3358/2012/3342
f 1877/2198/1877 3358/2012/3342 4592/2013/4559 3636/2201/3614
f 1878/2204/1878 3631/2207/3609 4663/2206/4628 3645/2205/3623
f 1878/2204/1878 3645/2205/3623 4664/2209/4629 3632/2208/3610
f 1878/2204/1878 3632/2208/3610 4538/1994/4505 3359/1990/3343
f 1878/2204/1878 3359/1990/3343 4537/1964/4504 3631/2207/3609
f 1879/4029/1879 3630/2213/3608 4662/2212/4627 3644/2211/3622
f 1879/4029/1879 3644/2211/3622 4663/2206/4628 3631/2207/3609
f 1879/4029/1879 3631/2207/3609 4537/1964/4504 3360/1960/3344
f 1879/4029/1879 3360/1960/3344 4536/1908/4503 3630/2213/3608
f 1880/4030/1880 3629/4031/3607 4661/3930/4626 3643/4032/3621
f 1880/4030/1880 3643/4032/3621 4662/2221/4627 3630/2220/3608
f 1880/4030/1880 3630/2220/3608 4536/2219/4503 3361/2218/3345
f 1880/4030/1880 3361/2218/3345 4535/2217/4502 3629/4031/3607
f 1881/4033/1881 3211/3928/3195 4831/1762/4795 2305/2223/2301
f 1881/4033/1881 2305/2223/2301 4853/2226/2455 3362/2225/3346
f 1881/4033/1881 3362/2225/3346 4535/2217/4502 3350/2224/3334
f 1881/4033/1881 3350/2224/3334 4473/1760/4441 3211/3928/3195
f 1882/2227/1882 3642/4034/3620 4868/2229/4822 2754/2228/2742
f 1882/2227/1882 2754/2228/2742 4852/1621/4812 3363/1622/3347
f 1882/2227/1882 3363/1622/3347 4534/1623/4501 3349/4025/3333
f 1882/2227/1882 3349/4025/3333 4667/2191/4632 3642/4034/3620
f 1883/2231/1883 3526/2132/3506 4616/2133/4582 3546/2232/3526
f 1883/2231/1883 3546/2232/3526 4619/2236/4585 3529/2235/3509
f 1883/2231/1883 3529/2235/3509 4541/2234/4508 3366/2233/3350
f 1883/2231/1883 3366/2233/3350 4516/4005/4484 3526/2132/3506
f 1884/4035/1884 3367/2240/3351 4593/2239/4560 3490/4036/3473
f 1884/4035/1884 3490/4036/3473 4591/4022/4558 3472/4037/3455
f 1884/4035/1884 3472/4037/3455 4516/4005/4484 3366/2233/3350
f 1884/4035/1884 3366/2233/3350 4541/2234/4508 3367/2240/3351
f 1885/4038/1885 3330/2145/3314 4634/2146/4600 3595/2243/3575
f 1885/4038/1885 3595/2243/3575 4636/4039/4602 3368/2246/3352
f 1885/4038/1885 3368/2246/3352 4542/2245/4509 3365/4040/3349
f 1885/4038/1885 3365/4040/3349 4525/2144/4492 3330/2145/3314
f 1886/2248/1886 3474/2250/3457 4593/2239/4560 3489/2249/3472
f 1886/2248/1886 3489/2249/3472 4594/2254/4561 3475/2253/3458
f 1886/2248/1886 3475/2253/3458 4545/2252/4512 3373/2251/3357
f 1886/2248/1886 3373/2251/3357 4502/2008/4470 3474/2250/3457
f 1887/2255/1887 3282/2007/3266 4502/2008/4470 3373/2251/3357
f 1887/2255/1887 3373/2251/3357 4545/2252/4512 3370/2258/3354
f 1887/2255/1887 3370/2258/3354 4544/2257/4511 3374/2256/3358
f 1887/2255/1887 3374/2256/3358 4496/3968/4464 3282/2007/3266
f 1888/4041/1888 3267/3969/3251 4496/3968/4464 3374/2256/3358
f 1888/4041/1888 3374/2256/3358 4544/2257/4511 3369/2262/3353
f 1888/4041/1888 3369/2262/3353 4543/2261/4510 3375/4042/3359
f 1888/4041/1888 3375/4042/3359 4489/1883/4457 3267/3969/3251
f 1889/2263/1889 3475/2253/3458 4594/2254/4561 3488/2264/3471
f 1889/2263/1889 3488/2264/3471 4595/2268/4562 3476/4043/3459
f 1889/2263/1889 3476/4043/3459 4549/2266/4516 3380/2265/3364
f 1889/2263/1889 3380/2265/3364 4545/2252/4512 3475/2253/3458
f 1890/2269/1890 3370/2258/3354 4545/2252/4512 3380/2265/3364
f 1890/2269/1890 3380/2265/3364 4549/2266/4516 3377/4044/3361
f 1890/2269/1890 3377/4044/3361 4548/2271/4515 3381/2270/3365
f 1890/2269/1890 3381/2270/3365 4544/2257/4511 3370/2258/3354
f 1891/2273/1891 3369/2262/3353 4544/2257/4511 3381/2270/3365
f 1891/2273/1891 3381/2270/3365 4548/2271/4515 3376/2276/3360
f 1891/2273/1891 3376/2276/3360 4547/2275/4514 3382/2274/3366
f 1891/2273/1891 3382/2274/3366 4543/2261/4510 3369/2262/3353
f 1892/4045/1892 3476/4043/3459 4595/2268/4562 3487/4046/3470
f 1892/4045/1892 3487/4046/3470 4596/2282/4563 3477/4047/3460
f 1892/4045/1892 3477/4047/3460 4553/2280/4520 3387/4048/3371
f 1892/4045/1892 3387/4048/3371 4549/2266/4516 3476/4043/3459
f 1893/4049/1893 3377/4044/3361 4549/2266/4516 3387/4048/3371
f 1893/4049/1893 3387/4048/3371 4553/2280/4520 3384/2286/3368
f 1893/4049/1893 3384/2286/3368 4552/2285/4519 3388/2284/3372
f 1893/4049/1893 3388/2284/3372 4548/2271/4515 3377/4044/3361
f 1894/2287/1894 3376/2276/3360 4548/2271/4515 3388/2284/3372
f 1894/2287/1894 3388/2284/3372 4552/2285/4519 3383/2290/3367
f 1894/2287/1894 3383/2290/3367 4551/2289/4518 3389/2288/3373
f 1894/2287/1894 3389/2288/3373 4547/2275/4514 3376/2276/3360
f 1895/2291/1895 3477/4047/3460 4596/2282/4563 3486/4050/3469
f 1895/2291/1895 3486/4050/3469 4597/4051/4564 3478/2295/3461
f 1895/2291/1895 3478/2295/3461 4557/2294/4524 3394/2293/3378
f 1895/2291/1895 3394/2293/3378 4553/2280/4520 3477/4047/3460
f 1896/2297/1896 3384/2286/3368 4553/2280/4520 3394/2293/3378
f 1896/2297/1896 3394/2293/3378 4557/2294/4524 3391/2300/3375
f 1896/2297/1896 3391/2300/3375 4556/4052/4523 3395/2298/3379
f 1896/2297/1896 3395/2298/3379 4552/2285/4519 3384/2286/3368
f 1897/2301/1897 3383/2290/3367 4552/2285/4519 3395/2298/3379
f 1897/2301/1897 3395/2298/3379 4556/4052/4523 3390/2304/3374
f 1897/2301/1897 3390/2304/3374 4555/2303/4522 3396/2302/3380
f 1897/2301/1897 3396/2302/3380 4551/2289/4518 3383/2290/3367
f 1898/2305/1898 3478/2295/3461 4597/4051/4564 3485/2306/3468
f 1898/2305/1898 3485/2306/3468 4598/4053/4565 3479/2309/3462
f 1898/2305/1898 3479/2309/3462 4561/2308/4528 3401/4054/3385
f 1898/2305/1898 3401/4054/3385 4557/2294/4524 3478/2295/3461
f 1899/4055/1899 3391/2300/3375 4557/2294/4524 3401/4054/3385
f 1899/4055/1899 3401/4054/3385 4561/2308/4528 3398/2314/3382
f 1899/4055/1899 3398/2314/3382 4560/2313/4527 3402/2312/3386
f 1899/4055/1899 3402/2312/3386 4556/4052/4523 3391/2300/3375
f 1900/4056/1900 3390/2304/3374 4556/4052/4523 3402/2312/3386
f 1900/4056/1900 3402/2312/3386 4560/2313/4527 3397/2318/3381
f 1900/4056/1900 3397/2318/3381 4559/2317/4526 3403/2316/3387
f 1900/4056/1900 3403/2316/3387 4555/2303/4522 3390/2304/3374
f 1901/4057/1901 3479/2309/3462 4598/4053/4565 3484/2320/3467
f 1901/4057/1901 3484/2320/3467 4599/2324/4566 3480/4058/3463
f 1901/4057/1901 3480/4058/3463 4565/2322/4532 3408/2321/3392
f 1901/4057/1901 3408/2321/3392 4561/2308/4528 3479/2309/3462
f 1902/2325/1902 3398/2314/3382 4561/2308/4528 3408/2321/3392
f 1902/2325/1902 3408/2321/3392 4565/2322/4532 3405/4059/3389
f 1902/2325/1902 3405/4059/3389 4564/2327/4531 3409/4060/3393
f 1902/2325/1902 3409/4060/3393 4560/2313/4527 3398/2314/3382
f 1903/4061/1903 3397/2318/3381 4560/2313/4527 3409/4060/3393
f 1903/4061/1903 3409/4060/3393 4564/2327/4531 3404/2332/3388
f 1903/4061/1903 3404/2332/3388 4563/4062/4530 3410/2330/3394
f 1903/4061/1903 3410/2330/3394 4559/2317/4526 3397/2318/3381
f 1904/4063/1904 3480/4058/3463 4599/2324/4566 3483/2334/3466
f 1904/4063/1904 3483/2334/3466 4600/2338/4567 3481/2337/3464
f 1904/4063/1904 3481/2337/3464 4569/2336/4536 3415/4064/3399
f 1904/4063/1904 3415/4064/3399 4565/2322/4532 3480/4058/3463
f 1905/4065/1905 3405/4059/3389 4565/2322/4532 3415/4064/3399
f 1905/4065/1905 3415/4064/3399 4569/2336/4536 3412/2342/3396
f 1905/4065/1905 3412/2342/3396 4568/2341/4535 3416/2340/3400
f 1905/4065/1905 3416/2340/3400 4564/2327/4531 3405/4059/3389
f 1906/4066/1906 3404/2332/3388 4564/2327/4531 3416/2340/3400
f 1906/4066/1906 3416/2340/3400 4568/2341/4535 3411/2346/3395
f 1906/4066/1906 3411/2346/3395 4567/2345/4534 3417/2344/3401
f 1906/4066/1906 3417/2344/3401 4563/4062/4530 3404/2332/3388
f 1907/2347/1907 3529/2235/3509 4619/2236/4585 3545/2348/3525
f 1907/2347/1907 3545/2348/3525 4620/2352/4586 3530/2351/3510
f 1907/2347/1907 3530/2351/3510 4546/2350/4513 3372/2349/3356
f 1907/2347/1907 3372/2349/3356 4541/2234/4508 3529/2235/3509
f 1908/4067/1908 3594/2356/3574 4637/2355/4603 3422/2354/3406
f 1908/4067/1908 3422/2354/3406 4571/2358/4538 3418/2357/3402
f 1908/4067/1908 3418/2357/3402 4542/2245/4509 3368/2246/3352
f 1908/4067/1908 3368/2246/3352 4636/4039/4602 3594/2356/3574
f 1909/2359/1909 3593/2362/3573 4638/2361/4604 3423/2360/3407
f 1909/2359/1909 3423/2360/3407 4572/2364/4539 3419/2363/3403
f 1909/2359/1909 3419/2363/3403 4571/2358/4538 3422/2354/3406
f 1909/2359/1909 3422/2354/3406 4637/2355/4603 3593/2362/3573
f 1910/4068/1910 3424/2368/3408 4621/2367/4587 3544/2366/3524
f 1910/4068/1910 3544/2366/3524 4620/2370/4586 3421/2369/3405
f 1910/4068/1910 3421/2369/3405 4571/2358/4538 3419/2363/3403
f 1910/4068/1910 3419/2363/3403 4572/2364/4539 3424/2368/3408
f 1911/4069/1911 3543/2374/3523 4622/2373/4588 3532/4070/3512
f 1911/4069/1911 3532/4070/3512 4554/4071/4521 3386/2378/3370
f 1911/4069/1911 3386/2378/3370 4550/2377/4517 3531/4072/3511
f 1911/4069/1911 3531/4072/3511 4621/2375/4587 3543/2374/3523
f 1912/2380/1912 3592/4073/3572 4639/2382/4605 3426/2381/3410
f 1912/2380/1912 3426/2381/3410 4573/2385/4540 3420/2384/3404
f 1912/2380/1912 3420/2384/3404 4572/2364/4539 3423/2360/3407
f 1912/2380/1912 3423/2360/3407 4638/2361/4604 3592/4073/3572
f 1913/2386/1913 3591/2389/3571 4640/2388/4606 3430/2387/3414
f 1913/2386/1913 3430/2387/3414 4574/2394/4541 3427/2393/3411
f 1913/2386/1913 3427/2393/3411 4573/2392/4540 3426/2391/3410
f 1913/2386/1913 3426/2391/3410 4639/2390/4605 3591/2389/3571
f 1914/2395/1914 3431/2398/3415 4623/2397/4589 3542/4074/3522
f 1914/2395/1914 3542/4074/3522 4622/2373/4588 3425/4075/3409
f 1914/2395/1914 3425/4075/3409 4573/2401/4540 3427/2400/3411
f 1914/2395/1914 3427/2400/3411 4574/2399/4541 3431/2398/3415
f 1915/2403/1915 3432/2406/3416 4624/2405/4590 3541/2404/3521
f 1915/2403/1915 3541/2404/3521 4623/2397/4589 3431/2398/3415
f 1915/2403/1915 3431/2398/3415 4574/2399/4541 3428/2408/3412
f 1915/2403/1915 3428/2408/3412 4575/2407/4542 3432/2406/3416
f 1916/4076/1916 3590/2412/3570 4641/2411/4607 3433/2410/3417
f 1916/4076/1916 3433/2410/3417 4575/2414/4542 3428/2413/3412
f 1916/4076/1916 3428/2413/3412 4574/2394/4541 3430/2387/3414
f 1916/4076/1916 3430/2387/3414 4640/2388/4606 3590/2412/3570
f 1917/2415/1917 3589/2418/3569 4642/2417/4608 3434/2416/3418
f 1917/2415/1917 3434/2416/3418 4576/2420/4543 3429/2419/3413
f 1917/2415/1917 3429/2419/3413 4575/2414/4542 3433/2410/3417
f 1917/2415/1917 3433/2410/3417 4641/2411/4607 3589/2418/3569
f 1918/4077/1918 3435/2424/3419 4625/4078/4591 3540/2422/3520
f 1918/4077/1918 3540/2422/3520 4624/2426/4590 3432/2425/3416
f 1918/4077/1918 3432/2425/3416 4575/2414/4542 3429/2419/3413
f 1918/4077/1918 3429/2419/3413 4576/2420/4543 3435/2424/3419
f 1919/4079/1919 3539/4080/3519 4626/2429/4592 3536/2428/3516
f 1919/4079/1919 3536/2428/3516 4570/2434/4537 3414/2433/3398
f 1919/4079/1919 3414/2433/3398 4566/2432/4533 3535/2431/3515
f 1919/4079/1919 3535/2431/3515 4625/4078/4591 3539/4080/3519
f 1920/2435/1920 3588/2438/3568 4643/2437/4609 3438/2436/3422
f 1920/2435/1920 3438/2436/3422 4577/2440/4544 3436/2439/3420
f 1920/2435/1920 3436/2439/3420 4576/2420/4543 3434/2416/3418
f 1920/2435/1920 3434/2416/3418 4642/2417/4608 3588/2438/3568
f 1921/4081/1921 3575/2444/3555 4649/2443/4615 3587/2442/3567
f 1921/4081/1921 3587/2442/3567 4645/2449/4611 3440/2448/3424
f 1921/4081/1921 3440/2448/3424 4569/2447/4536 3481/2446/3464
f 1921/4081/1921 3481/2446/3464 4600/2445/4567 3575/2444/3555
f 1922/2450/1922 3577/2453/3557 4652/2452/4618 3586/2451/3566
f 1922/2450/1922 3586/2451/3566 4644/2455/4610 3439/2454/3423
f 1922/2450/1922 3439/2454/3423 4570/2434/4537 3536/2428/3516
f 1922/2450/1922 3536/2428/3516 4626/2429/4592 3577/2453/3557
f 1923/2456/1923 3194/2459/3178 4826/2458/4790 2284/2457/2280
f 1923/2456/1923 2284/2457/2280 4855/2464/4814 3443/2463/3427
f 1923/2456/1923 3443/2463/3427 4578/2462/4545 3441/2461/3425
f 1923/2456/1923 3441/2461/3425 4464/2460/4432 3194/2459/3178
f 1924/2465/1924 3443/2463/3427 4855/2464/4814 2552/2466/2548
f 1924/2465/1924 2552/2466/2548 4854/1708/4813 3444/1709/3428
f 1924/2465/1924 3444/1709/3428 4579/1710/4546 3442/2467/3426
f 1924/2465/1924 3442/2467/3426 4578/2462/4545 3443/2463/3427
f 1925/2468/1925 3445/2471/3429 4646/2470/4612 3585/2469/3565
f 1925/2468/1925 3585/2469/3565 4645/2476/4611 3571/2475/3551
f 1925/2468/1925 3571/2475/3551 4464/2474/4432 3441/2473/3425
f 1925/2468/1925 3441/2473/3425 4578/2472/4545 3445/2471/3429
f 1926/4082/1926 3446/4083/3430 4647/2479/4613 3584/4084/3564
f 1926/4082/1926 3584/4084/3564 4646/2470/4612 3445/2471/3429
f 1926/4082/1926 3445/2471/3429 4578/2472/4545 3442/2482/3426
f 1926/4082/1926 3442/2482/3426 4579/2481/4546 3446/4083/3430
f 1927/2483/1927 3583/2486/3563 4864/2485/4821 2673/2484/2665
f 1927/2483/1927 2673/2484/2665 4856/2491/4815 3449/4085/3433
f 1927/2483/1927 3449/4085/3433 4580/2489/4547 3448/2488/3432
f 1927/2483/1927 3448/2488/3432 4648/2487/4614 3583/2486/3563
f 1928/2492/1928 3582/4086/3562 4648/2494/4614 3448/2493/3432
f 1928/2492/1928 3448/2493/3432 4580/2498/4547 3450/2497/3434
f 1928/2492/1928 3450/2497/3434 4567/2345/4534 3573/2496/3553
f 1928/2492/1928 3573/2496/3553 4647/2479/4613 3582/4086/3562
f 1929/4087/1929 3449/4085/3433 4856/2491/4815 3447/2500/3431
f 1929/4087/1929 3447/2500/3431 4582/2504/4549 3453/4088/3437
f 1929/4087/1929 3453/4088/3437 4581/2502/4548 3451/2501/3435
f 1929/4087/1929 3451/2501/3435 4580/2489/4547 3449/4085/3433
f 1930/2505/1930 3454/2506/3438 4563/4062/4530 3417/2344/3401
f 1930/2505/1930 3417/2344/3401 4567/2345/4534 3450/2497/3434
f 1930/2505/1930 3450/2497/3434 4580/2498/4547 3451/2508/3435
f 1930/2505/1930 3451/2508/3435 4581/2507/4548 3454/2506/3438
f 1931/4089/1931 3453/4088/3437 4582/2504/4549 3452/2510/3436
f 1931/4089/1931 3452/2510/3436 4584/1717/4551 3457/1718/3441
f 1931/4089/1931 3457/1718/3441 4583/1719/4550 3455/2511/3439
f 1931/4089/1931 3455/2511/3439 4581/2502/4548 3453/4088/3437
f 1932/4090/1932 3458/2513/3442 4559/2317/4526 3410/2330/3394
f 1932/4090/1932 3410/2330/3394 4563/4062/4530 3454/2506/3438
f 1932/4090/1932 3454/2506/3438 4581/2507/4548 3455/2515/3439
f 1932/4090/1932 3455/2515/3439 4583/2514/4550 3458/2513/3442
f 1933/4091/1933 3458/2513/3442 4583/2514/4550 3200/2517/3184
f 1933/4091/1933 3200/2517/3184 4467/2519/4435 3459/2518/3443
f 1933/4091/1933 3459/2518/3443 4555/2303/4522 3403/2316/3387
f 1933/4091/1933 3403/2316/3387 4559/2317/4526 3458/2513/3442
f 1934/2520/1934 3459/2518/3443 4467/2519/4435 3203/2521/3187
f 1934/2520/1934 3203/2521/3187 4469/2523/4437 3460/2522/3444
f 1934/2520/1934 3460/2522/3444 4551/2289/4518 3396/2302/3380
f 1934/2520/1934 3396/2302/3380 4555/2303/4522 3459/2518/3443
f 1935/4092/1935 3460/2522/3444 4469/2523/4437 3206/2525/3190
f 1935/4092/1935 3206/2525/3190 4470/2529/4438 3208/2528/3192
f 1935/4092/1935 3208/2528/3192 4471/2527/4439 3461/4093/3445
f 1935/4092/1935 3461/4093/3445 4551/2289/4518 3460/2522/3444
f 1936/2530/1936 3207/1743/3191 4829/1744/4793 2299/2531/2295
f 1936/2530/1936 2299/2531/2295 4857/2535/4816 3463/2534/3447
f 1936/2530/1936 3463/2534/3447 4585/2533/4552 3462/2532/3446
f 1936/2530/1936 3462/2532/3446 4471/1742/4439 3207/1743/3191
f 1937/2536/1937 3464/2537/3448 4547/2275/4514 3389/2288/3373
f 1937/2536/1937 3389/2288/3373 4551/2289/4518 3461/4093/3445
f 1937/2536/1937 3461/4093/3445 4471/2527/4439 3462/2539/3446
f 1937/2536/1937 3462/2539/3446 4585/2538/4552 3464/2537/3448
f 1938/4094/1938 3439/2543/3423 4644/2542/4610 3581/2541/3561
f 1938/4094/1938 3581/2541/3561 4649/2547/4615 3575/2546/3555
f 1938/4094/1938 3575/2546/3555 4600/2338/4567 3413/2545/3397
f 1938/4094/1938 3413/2545/3397 4570/2544/4537 3439/2543/3423
f 1939/4095/1939 3406/4096/3390 4566/2550/4533 3414/2549/3398
f 1939/4095/1939 3414/2549/3398 4570/2544/4537 3413/2545/3397
f 1939/4095/1939 3413/2545/3397 4600/2338/4567 3483/2334/3466
f 1939/4095/1939 3483/2334/3466 4599/2324/4566 3406/4096/3390
f 1940/2552/1940 3399/2555/3383 4562/2554/4529 3407/2553/3391
f 1940/2552/1940 3407/2553/3391 4566/2550/4533 3406/4096/3390
f 1940/2552/1940 3406/4096/3390 4599/2324/4566 3484/2320/3467
f 1940/2552/1940 3484/2320/3467 4598/4053/4565 3399/2555/3383
f 1941/4097/1941 3392/2559/3376 4558/2558/4525 3400/2557/3384
f 1941/4097/1941 3400/2557/3384 4562/2554/4529 3399/2555/3383
f 1941/4097/1941 3399/2555/3383 4598/4053/4565 3485/2306/3468
f 1941/4097/1941 3485/2306/3468 4597/4051/4564 3392/2559/3376
f 1942/4098/1942 3385/2562/3369 4554/4071/4521 3393/4099/3377
f 1942/4098/1942 3393/4099/3377 4558/2558/4525 3392/2559/3376
f 1942/4098/1942 3392/2559/3376 4597/4051/4564 3486/4050/3469
f 1942/4098/1942 3486/4050/3469 4596/2282/4563 3385/2562/3369
f 1943/4100/1943 3378/2564/3362 4550/2377/4517 3386/2378/3370
f 1943/4100/1943 3386/2378/3370 4554/4071/4521 3385/2562/3369
f 1943/4100/1943 3385/2562/3369 4596/2282/4563 3487/4046/3470
f 1943/4100/1943 3487/4046/3470 4595/2268/4562 3378/2564/3362
f 1944/4101/1944 3371/4102/3355 4546/2350/4513 3379/2566/3363
f 1944/4101/1944 3379/2566/3363 4550/2377/4517 3378/2564/3362
f 1944/4101/1944 3378/2564/3362 4595/2268/4562 3488/2264/3471
f 1944/4101/1944 3488/2264/3471 4594/2254/4561 3371/4102/3355
f 1945/4103/1945 3367/2240/3351 4541/2234/4508 3372/2349/3356
f 1945/4103/1945 3372/2349/3356 4546/2350/4513 3371/4102/3355
f 1945/4103/1945 3371/4102/3355 4594/2254/4561 3489/2249/3472
f 1945/4103/1945 3489/2249/3472 4593/2239/4560 3367/2240/3351
f 1946/4104/1946 3474/2250/3457 4502/2008/4470 3343/2009/3327
f 1946/4104/1946 3343/2009/3327 4533/2010/4500 3348/2184/3332
f 1946/4104/1946 3348/2184/3332 4591/4022/4558 3490/4036/3473
f 1946/4104/1946 3490/4036/3473 4593/2239/4560 3474/2250/3457
f 1947/2570/1947 3632/2208/3610 4664/2209/4629 3641/2571/3619
f 1947/2570/1947 3641/2571/3619 4668/2200/4633 3636/2201/3614
f 1947/2570/1947 3636/2201/3614 4592/2013/4559 3473/2572/3456
f 1947/2570/1947 3473/2572/3456 4538/1994/4505 3632/2208/3610
f 1948/4105/1948 3339/2170/3323 4514/2125/4482 3313/4006/3297
f 1948/4105/1948 3313/4006/3297 4516/4005/4484 3472/4037/3455
f 1948/4105/1948 3472/4037/3455 4591/4022/4558 3492/4021/3475
f 1948/4105/1948 3492/4021/3475 4590/2169/4557 3339/2170/3323
f 1949/2574/1949 3471/2183/3454 4529/2151/4496 3271/2152/3255
f 1949/2574/1949 3271/2152/3255 4503/1992/4471 3469/2575/3453
f 1949/2574/1949 3469/2575/3453 4589/2015/4556 3493/2168/3476
f 1949/2574/1949 3493/2168/3476 4590/2169/4557 3471/2183/3454
f 1950/4106/1950 3509/2105/1950 4609/2106/1950 3512/2577/1950
f 1950/4106/1950 3512/2577/1950 4611/2581/4577 3511/2580/3492
f 1950/4106/1950 3511/2580/3492 5755/2579/5633 3470/4107/1950
f 1950/4106/1950 3470/4107/1950 4523/1988/1950 3509/2105/1950
f 1951/2582/1951 3273/2004/3257 4505/1986/4473 3467/2583/3451
f 1951/2582/1951 3467/2583/3451 4587/2587/4554 5715/2586/5593
f 1951/2582/1951 5715/2586/5593 4588/2585/4555 3287/2584/3271
f 1951/2582/1951 3287/2584/3271 4504/2003/4472 3273/2004/3257
f 1952/2588/1952 3275/3979/3259 4507/2000/4475 3289/2589/3273
f 1952/2588/1952 3289/2589/3273 5557/2593/5447 5463/2592/5353
f 1952/2588/1952 5463/2592/5353 5556/2591/5446 3285/2590/3269
f 1952/2588/1952 3285/2590/3269 4506/1998/4474 3275/3979/3259
f 1953/2594/1953 3353/1993/3337 4538/1994/4505 3473/2572/3456
f 1953/2594/1953 3473/2572/3456 4592/2013/4559 3495/2014/3478
f 1953/2594/1953 3495/2014/3478 4589/2015/4556 3469/2575/3453
f 1953/2594/1953 3469/2575/3453 4503/1992/4471 3353/1993/3337
f 1954/4108/1954 3318/1987/3302 4523/1988/1950 3470/4107/1950
f 1954/4108/1954 3470/4107/1950 5755/2579/5633 3496/2596/3479
f 1954/4108/1954 3496/2596/3479 4587/2587/4554 3467/2583/3451
f 1954/4108/1954 3467/2583/3451 4505/1986/4473 3318/1987/3302
f 1955/2597/1955 3192/1695/3176 4462/1696/4430 3195/2598/3179
f 1955/2597/1955 3195/2598/3179 4858/1699/4817 3497/1700/3480
f 1955/2597/1955 3497/1700/3480 4586/1701/4553 3465/2599/3449
f 1955/2597/1955 3465/2599/3449 4463/1694/4431 3192/1695/3176
f 1956/2600/1956 3712/2603/3690 4713/4109/4677 3715/2601/3693
f 1956/2600/1956 3715/2601/3693 4695/1863/4659 3240/1864/3224
f 1956/2600/1956 3240/1864/3224 4487/1865/4455 3620/2605/3599
f 1956/2600/1956 3620/2605/3599 4650/2604/4616 3712/2603/3690
f 1957/2606/1957 3710/2609/3688 4696/2608/4660 3714/2607/3692
f 1957/2606/1957 3714/2607/3692 4699/2614/4663 3711/2613/3689
f 1957/2606/1957 3711/2613/3689 4712/2612/4676 3502/2611/3485
f 1957/2606/1957 3502/2611/3485 4602/2610/4569 3710/2609/3688
f 1958/2615/1958 3708/4110/3686 4694/1800/3686 3713/2616/3691
f 1958/2615/1958 3713/2616/3691 4696/2622/4660 3710/2621/3688
f 1958/2615/1958 3710/2621/3688 4602/2620/4569 3503/2619/3486
f 1958/2615/1958 3503/2619/3486 4601/2618/4568 3708/4110/3686
f 1959/4111/1959 3621/4112/2015 4866/2625/2608 2740/2624/2608
f 1959/4111/1959 2740/2624/2608 4859/2630/2608 3504/2629/2066
f 1959/4111/1959 3504/2629/2066 4601/2618/4568 3498/2628/3481
f 1959/4111/1959 3498/2628/3481 4656/2627/3481 3621/4112/2015
f 1960/4113/1960 3274/2634/3258 4702/2633/4666 3286/2632/3270
f 1960/4113/1960 3286/2632/3270 4704/2636/4668 3494/2635/3477
f 1960/4113/1960 3494/2635/3477 4611/2581/4577 3512/2577/1950
f 1960/4113/1960 3512/2577/1950 4609/2106/1950 3274/2634/3258
f 1961/4114/1961 3218/1783/3202 4476/1784/4444 3252/1913/3236
f 1961/4114/1961 3252/1913/3236 4493/1914/4461 3247/2638/3231
f 1961/4114/1961 3247/2638/3231 4607/2115/4574 3513/4003/3493
f 1961/4114/1961 3513/4003/3493 4606/1782/4573 3218/1783/3202
f 1962/2639/1962 3247/2640/3231 4493/1978/4461 3270/1979/3254
f 1962/2639/1962 3270/1979/3254 4703/1980/4667 3260/4115/3244
f 1962/2639/1962 3260/4115/3244 4608/2103/4575 3514/2108/3494
f 1962/2639/1962 3514/2108/3494 4607/2109/4574 3247/2640/3231
f 1963/4116/1963 3260/4115/3244 4703/1980/4667 3277/2643/3261
f 1963/4116/1963 3277/2643/3261 4702/2633/4666 3274/2634/3258
f 1963/4116/1963 3274/2634/3258 4609/2106/1950 3515/4000/3495
f 1963/4116/1963 3515/4000/3495 4608/2103/4575 3260/4115/3244
f 1964/2644/1964 3494/2635/3477 4704/2636/4668 3466/2645/3450
f 1964/2644/1964 3466/2645/3450 4707/2649/4671 3284/2648/3268
f 1964/2644/1964 3284/2648/3268 5756/2647/5634 5717/2646/5595
f 1964/2644/1964 5717/2646/5595 4611/2581/4577 3494/2635/3477
f 1965/4117/1965 3537/2653/3517 4706/2652/4670 3524/2651/3504
f 1965/4117/1965 3524/2651/3504 4710/2655/4674 3292/2654/3276
f 1965/4117/1965 3292/2654/3276 4610/2100/4576 3516/3998/3496
f 1965/4117/1965 3516/3998/3496 4627/2097/4593 3537/2653/3517
f 1966/4118/1966 3579/4119/3559 4709/2066/4673 3555/2067/3535
f 1966/4118/1966 3555/2067/3535 4448/1595/4416 3505/4120/3487
f 1966/4118/1966 3505/4120/3487 4605/1602/4572 3517/2092/3497
f 1966/4118/1966 3517/2092/3497 4651/2093/4617 3579/4119/3559
f 1967/2659/1967 3326/2118/3310 4847/2119/2418 2422/2660/2418
f 1967/2659/1967 2422/2660/2418 4861/1780/2418 3518/3934/3498
f 1967/2659/1967 3518/3934/3498 4606/1782/4573 3506/2113/3488
f 1967/2659/1967 3506/2113/3488 4520/1888/4488 3326/2118/3310
f 1968/4121/1968 3163/3911/3147 4807/1597/4771 2236/2662/2233
f 1968/4121/1968 2236/2662/2233 4860/1600/4818 3519/1601/3499
f 1968/4121/1968 3519/1601/3499 4605/1602/4572 3505/4120/3487
f 1968/4121/1968 3505/4120/3487 4448/1595/4416 3163/3911/3147
f 1969/4122/1969 3284/2648/3268 4707/2649/4671 3295/2664/3279
f 1969/4122/1969 3295/2664/3279 4706/2652/4670 3537/2653/3517
f 1969/4122/1969 3537/2653/3517 4627/2097/4593 5721/2665/5599
f 1969/4122/1969 5721/2665/5599 5756/2647/5634 3284/2648/3268
f 1970/4123/1970 3438/2436/3422 4643/2437/4609 3578/2667/3558
f 1970/4123/1970 3578/2667/3558 4652/2452/4618 3577/2453/3557
f 1970/4123/1970 3577/2453/3557 4626/2429/4592 3437/2668/3421
f 1970/4123/1970 3437/2668/3421 4577/2440/4544 3438/2436/3422
f 1971/4124/1971 3436/2439/3420 4577/2440/4544 3437/2668/3421
f 1971/4124/1971 3437/2668/3421 4626/2429/4592 3539/4080/3519
f 1971/4124/1971 3539/4080/3519 4625/4078/4591 3435/2424/3419
f 1971/4124/1971 3435/2424/3419 4576/2420/4543 3436/2439/3420
f 1972/2670/1972 3535/2431/3515 4566/2432/4533 3407/2671/3391
f 1972/2670/1972 3407/2671/3391 4562/2673/4529 3534/2672/3514
f 1972/2670/1972 3534/2672/3514 4624/2426/4590 3540/2422/3520
f 1972/2670/1972 3540/2422/3520 4625/4078/4591 3535/2431/3515
f 1973/2674/1973 3534/2675/3514 4562/2554/4529 3400/2557/3384
f 1973/2674/1973 3400/2557/3384 4558/2558/4525 3533/4125/3513
f 1973/2674/1973 3533/4125/3513 4623/2397/4589 3541/2404/3521
f 1973/2674/1973 3541/2404/3521 4624/2405/4590 3534/2675/3514
f 1974/4126/1974 3533/4125/3513 4558/2558/4525 3393/4099/3377
f 1974/4126/1974 3393/4099/3377 4554/4071/4521 3532/4070/3512
f 1974/4126/1974 3532/4070/3512 4622/2373/4588 3542/4074/3522
f 1974/4126/1974 3542/4074/3522 4623/2397/4589 3533/4125/3513
f 1975/4127/1975 3420/2679/3404 4573/2401/4540 3425/4075/3409
f 1975/4127/1975 3425/4075/3409 4622/2373/4588 3543/2374/3523
f 1975/4127/1975 3543/2374/3523 4621/2375/4587 3424/2681/3408
f 1975/4127/1975 3424/2681/3408 4572/2680/4539 3420/2679/3404
f 1976/2682/1976 3531/4072/3511 4550/2377/4517 3379/2566/3363
f 1976/2682/1976 3379/2566/3363 4546/2350/4513 3530/2351/3510
f 1976/2682/1976 3530/2351/3510 4620/2352/4586 3544/2683/3524
f 1976/2682/1976 3544/2683/3524 4621/2375/4587 3531/4072/3511
f 1977/4128/1977 3364/4129/3348 4542/2245/4509 3418/2357/3402
f 1977/4128/1977 3418/2357/3402 4571/2358/4538 3421/2369/3405
f 1977/4128/1977 3421/2369/3405 4620/2370/4586 3545/2687/3525
f 1977/4128/1977 3545/2687/3525 4619/2686/4585 3364/4129/3348
f 1978/4130/1978 3297/4131/3281 4525/2144/4492 3365/4040/3349
f 1978/4130/1978 3365/4040/3349 4542/2245/4509 3364/4129/3348
f 1978/4130/1978 3364/4129/3348 4619/2686/4585 3546/2691/3526
f 1978/4130/1978 3546/2691/3526 4616/2690/4582 3297/4131/3281
f 1979/2692/1979 3633/2202/3611 4665/2203/4630 3640/2693/3618
f 1979/2692/1979 3640/2693/3618 4669/2697/4634 3637/2696/3615
f 1979/2692/1979 3637/2696/3615 4618/2695/4584 3528/2694/3508
f 1979/2692/1979 3528/2694/3508 4539/2019/4506 3633/2202/3611
f 1980/4132/1980 3327/4133/3311 4515/2138/4483 3298/4013/3282
f 1980/4132/1980 3298/4013/3282 4525/2144/4492 3297/4131/3281
f 1980/4132/1980 3297/4131/3281 4616/2690/4582 3548/2701/3528
f 1980/4132/1980 3548/2701/3528 4617/2700/4583 3327/4133/3311
f 1981/2702/1981 3296/2040/3280 4511/2041/4479 3307/4011/3291
f 1981/2702/1981 3307/4011/3291 4515/2138/4483 3327/4133/3311
f 1981/2702/1981 3327/4133/3311 4617/2700/4583 3549/2703/3529
f 1981/2702/1981 3549/2703/3529 4615/2039/4581 3296/2040/3280
f 1982/4134/1982 3354/2707/3338 4539/2706/4506 3528/2705/3508
f 1982/4134/1982 3528/2705/3508 4618/2037/4584 3550/2038/3530
f 1982/4134/1982 3550/2038/3530 4615/2039/4581 3525/2709/3505
f 1982/4134/1982 3525/2709/3505 4508/2708/4476 3354/2707/3338
f 1983/2710/1983 2274/2711/2271 4822/4135/4786 2278/2714/2274
f 1983/2710/1983 2278/2714/2274 4862/1690/4819 3552/3922/3532
f 1983/2710/1983 3552/3922/3532 4612/1692/4578 3521/2713/3501
f 1983/2710/1983 3521/2713/3501 4823/2712/4787 2274/2711/2271
f 1984/2715/1984 3569/2716/3549 4823/2712/4787 3521/2713/3501
f 1984/2715/1984 3521/2713/3501 4612/1692/4578 3538/2717/3518
f 1984/2715/1984 3538/2717/3518 4652/2452/4618 3578/2667/3558
f 1984/2715/1984 3578/2667/3558 4643/2437/4609 3569/2716/3549
f 1985/2718/1985 3292/2721/3276 4710/2720/4674 3312/2719/3296
f 1985/2718/1985 3312/2719/3296 4709/2066/4673 3579/4119/3559
f 1985/2718/1985 3579/4119/3559 4651/2093/4617 3576/2723/3556
f 1985/2718/1985 3576/2723/3556 4610/2722/4576 3292/2721/3276
f 1986/4136/1986 3570/4137/3550 4463/1694/4431 3465/2599/3449
f 1986/4136/1986 3465/2599/3449 4586/1701/4553 3482/2727/3465
f 1986/4136/1986 3482/2727/3465 4649/2443/4615 3581/2726/3561
f 1986/4136/1986 3581/2726/3561 4644/2455/4610 3570/4137/3550
f 1987/4138/1987 3198/2731/3182 4465/2730/4433 3574/2729/3554
f 1987/4138/1987 3574/2729/3554 4648/2494/4614 3582/4086/3562
f 1987/4138/1987 3582/4086/3562 4647/2479/4613 3446/4083/3430
f 1987/4138/1987 3446/4083/3430 4579/2481/4546 3198/2731/3182
f 1988/2732/1988 3197/2735/3181 4827/2734/4791 2287/2733/2283
f 1988/2732/1988 2287/2733/2283 4864/2485/4821 3583/2486/3563
f 1988/2732/1988 3583/2486/3563 4648/2487/4614 3574/2737/3554
f 1988/2732/1988 3574/2737/3554 4465/2736/4433 3197/2735/3181
f 1989/2738/1989 3573/2496/3553 4567/2345/4534 3411/2346/3395
f 1989/2738/1989 3411/2346/3395 4568/2341/4535 3572/2739/3552
f 1989/2738/1989 3572/2739/3552 4646/2470/4612 3584/4084/3564
f 1989/2738/1989 3584/4084/3564 4647/2479/4613 3573/2496/3553
f 1990/4139/1990 3572/2739/3552 4568/2341/4535 3412/2342/3396
f 1990/4139/1990 3412/2342/3396 4569/2336/4536 3440/2741/3424
f 1990/4139/1990 3440/2741/3424 4645/2476/4611 3585/2469/3565
f 1990/4139/1990 3585/2469/3565 4646/2470/4612 3572/2739/3552
f 1991/4140/1991 3538/2717/3518 4612/1692/4578 3193/1693/3177
f 1991/4140/1991 3193/1693/3177 4463/1694/4431 3570/4137/3550
f 1991/4140/1991 3570/4137/3550 4644/2455/4610 3586/2451/3566
f 1991/4140/1991 3586/2451/3566 4652/2452/4618 3538/2717/3518
f 1992/2743/1992 3482/2727/3465 4586/1701/4553 3196/1702/3180
f 1992/2743/1992 3196/1702/3180 4464/1703/4432 3571/2744/3551
f 1992/2743/1992 3571/2744/3551 4645/2449/4611 3587/2442/3567
f 1992/2743/1992 3587/2442/3567 4649/2443/4615 3482/2727/3465
f 1993/2745/1993 2276/2746/2272 4823/2712/4787 3569/2716/3549
f 1993/2745/1993 3569/2716/3549 4643/2437/4609 3588/2438/3568
f 1993/2745/1993 3588/2438/3568 4642/2417/4608 3568/2748/3548
f 1993/2745/1993 3568/2748/3548 4821/2747/4785 2276/2746/2272
f 1994/4141/1994 3191/2750/3175 4821/2747/4785 3568/2748/3548
f 1994/4141/1994 3568/2748/3548 4642/2417/4608 3589/2418/3569
f 1994/4141/1994 3589/2418/3569 4641/2411/4607 3567/2751/3547
f 1994/4141/1994 3567/2751/3547 4461/1676/4429 3191/2750/3175
f 1995/2752/1995 3190/1675/3174 4461/1676/4429 3567/2751/3547
f 1995/2752/1995 3567/2751/3547 4641/2411/4607 3590/2412/3570
f 1995/2752/1995 3590/2412/3570 4640/2388/4606 3566/2753/3546
f 1995/2752/1995 3566/2753/3546 4460/1674/4428 3190/1675/3174
f 1996/2754/1996 3188/2755/3172 4460/1674/4428 3566/2753/3546
f 1996/2754/1996 3566/2753/3546 4640/2388/4606 3591/2389/3571
f 1996/2754/1996 3591/2389/3571 4639/2390/4605 3565/2757/3545
f 1996/2754/1996 3565/2757/3545 4459/2756/4427 3188/2755/3172
f 1997/4142/1997 3185/1660/3169 4459/1661/4427 3565/2759/3545
f 1997/4142/1997 3565/2759/3545 4639/2382/4605 3592/4073/3572
f 1997/4142/1997 3592/4073/3572 4638/2361/4604 3564/4143/3544
f 1997/4142/1997 3564/4143/3544 4457/1655/4425 3185/1660/3169
f 1998/4144/1998 3182/1654/3166 4457/1655/4425 3564/4143/3544
f 1998/4144/1998 3564/4143/3544 4638/2361/4604 3593/2362/3573
f 1998/4144/1998 3593/2362/3573 4637/2355/4603 3563/2762/3543
f 1998/4144/1998 3563/2762/3543 4456/1649/4424 3182/1654/3166
f 1999/2763/1999 3180/3917/3164 4456/1649/4424 3563/2762/3543
f 1999/2763/1999 3563/2762/3543 4637/2355/4603 3594/2356/3574
f 1999/2763/1999 3594/2356/3574 4636/4039/4602 3562/2764/3542
f 1999/2763/1999 3562/2764/3542 4455/1643/4423 3180/3917/3164
f 2000/4145/2000 3560/4146/3540 4454/1637/4422 3178/1642/3162
f 2000/4145/2000 3178/1642/3162 4455/1643/4423 3562/2764/3542
f 2000/4145/2000 3562/2764/3542 4636/4039/4602 3595/2243/3575
f 2000/4145/2000 3595/2243/3575 4634/2146/4600 3560/4146/3540
f 2001/4147/2001 3634/4028/3612 4666/2197/4631 3639/2768/3617
f 2001/4147/2001 3639/2768/3617 4670/4024/4635 3638/2189/3616
f 2001/4147/2001 3638/2189/3616 4635/3986/4601 3561/4148/3541
f 2001/4147/2001 3561/4148/3541 4540/2043/4507 3634/4028/3612
f 2002/2770/2002 3559/4149/3539 4453/1631/4421 3176/1636/3160
f 2002/2770/2002 3176/1636/3160 4454/1637/4422 3560/4146/3540
f 2002/2770/2002 3560/4146/3540 4634/2146/4600 3597/2142/3577
f 2002/2770/2002 3597/2142/3577 4633/2140/4599 3559/4149/3539
f 2003/4150/2003 3321/2061/3305 4452/1625/4420 3174/1630/3158
f 2003/4150/2003 3174/1630/3158 4453/1631/4421 3559/4149/3539
f 2003/4150/2003 3559/4149/3539 4633/2140/4599 3598/4009/3578
f 2003/4150/2003 3598/4009/3578 4631/3987/4597 3321/2061/3305
f 2004/2773/2004 3510/2774/3491 4610/2722/4576 3576/2723/3556
f 2004/2773/2004 3576/2723/3556 4651/2093/4617 3599/2094/3579
f 2004/2773/2004 3599/2094/3579 4632/2052/4598 3558/2776/3538
f 2004/2773/2004 3558/2776/3538 4524/2775/4491 3510/2774/3491
f 2005/2777/2005 3291/2780/3275 4513/2779/4481 3556/2778/3536
f 2005/2777/2005 3556/2778/3536 4630/2054/4596 3601/2069/3581
f 2005/2777/2005 3601/2069/3581 4628/2070/4594 3305/2782/3289
f 2005/2777/2005 3305/2782/3289 4512/2781/4480 3291/2780/3275
f 2006/2783/2006 3355/2042/3339 4540/2043/4507 3561/4148/3541
f 2006/2783/2006 3561/4148/3541 4635/3986/4601 3603/2059/3583
f 2006/2783/2006 3603/2059/3583 4631/3987/4597 3557/4008/3537
f 2006/2783/2006 3557/4008/3537 4511/2041/4479 3355/2042/3339
f 2007/2784/2007 3319/2785/3303 4524/2775/4491 3558/2776/3538
f 2007/2784/2007 3558/2776/3538 4632/2052/4598 3604/2053/3584
f 2007/2784/2007 3604/2053/3584 4630/2054/4596 3556/2778/3536
f 2007/2784/2007 3556/2778/3536 4513/2779/4481 3319/2785/3303
f 2008/2786/2008 3219/1794/3203 4835/1795/4799 2317/2787/2313
f 2008/2786/2008 2317/2787/2313 4865/2789/2608 3610/2788/2015
f 2008/2786/2008 3610/2788/2015 4653/1923/4619 3606/1924/3586
f 2008/2786/2008 3606/1924/3586 4477/1793/4445 3219/1794/3203
f 2009/4151/2009 3617/2793/3596 4717/2792/4681 3611/2791/3590
f 2009/4151/2009 3611/2791/3590 4488/1871/4456 3243/1876/3227
f 2009/4151/2009 3243/1876/3227 4445/1578/4413 3622/2045/3600
f 2009/4151/2009 3622/2045/3600 4719/2046/4683 3617/2793/3596
f 2010/4152/2010 3615/2797/3594 4657/2796/4622 3619/2795/3598
f 2010/4152/2010 3619/2795/3598 4711/2799/4675 3616/2798/3595
f 2010/4152/2010 3616/2798/3595 4718/1952/4682 3612/1945/3591
f 2010/4152/2010 3612/1945/3591 4654/1946/4620 3615/2797/3594
f 2011/2800/2011 3614/2802/3593 4656/2627/3481 3618/2801/3597
f 2011/2800/2011 3618/2801/3597 4657/2804/4622 3615/2803/3594
f 2011/2800/2011 3615/2803/3594 4654/1928/4620 3613/1922/3592
f 2011/2800/2011 3613/1922/3592 4653/1923/4619 3614/2802/3593
f 2012/2805/2012 3498/2628/3481 4601/2618/4568 3503/2619/3486
f 2012/2805/2012 3503/2619/3486 4602/2620/4569 3499/2806/3482
f 2012/2805/2012 3499/2806/3482 4657/2804/4622 3618/2801/3597
f 2012/2805/2012 3618/2801/3597 4656/2627/3481 3498/2628/3481
f 2013/2807/2013 3499/2808/3482 4602/2610/4569 3502/2611/3485
f 2013/2807/2013 3502/2611/3485 4712/2612/4676 3500/2809/3483
f 2013/2807/2013 3500/2809/3483 4711/2799/4675 3619/2795/3598
f 2013/2807/2013 3619/2795/3598 4657/2796/4622 3499/2808/3482
f 2014/4153/2014 3605/2811/3585 4650/2604/4616 3620/2605/3599
f 2014/4153/2014 3620/2605/3599 4487/1865/4455 3242/1870/3226
f 2014/4153/2014 3242/1870/3226 4488/1871/4456 3611/2791/3590
f 2014/4153/2014 3611/2791/3590 4717/2792/4681 3605/2811/3585
f 2015/4154/2015 3610/2788/2015 4865/2789/2608 2727/2813/2608
f 2015/4154/2015 2727/2813/2608 4866/2625/2608 3621/4112/2015
f 2015/4154/2015 3621/4112/2015 4656/2627/3481 3614/2802/3593
f 2015/4154/2015 3614/2802/3593 4653/1923/4619 3610/2788/2015
f 2016/4155/2016 3220/1792/3204 4477/1793/4445 3256/1925/3240
f 2016/4155/2016 3256/1925/3240 4494/1926/4462 3248/2815/3232
f 2016/4155/2016 3248/2815/3232 4655/2086/4621 3624/2083/3602
f 2016/4155/2016 3624/2083/3602 4659/1791/4624 3220/1792/3204
f 2017/2816/2017 3248/2817/3232 4494/1948/4462 3269/1949/3253
f 2017/2816/2017 3269/1949/3253 4698/1950/4662 3261/2818/3245
f 2017/2816/2017 3261/2818/3245 4697/2081/4661 3625/2077/3603
f 2017/2816/2017 3625/2077/3603 4655/2078/4621 3248/2817/3232
f 2018/4156/2018 3600/4157/3580 4715/2048/4679 3310/3985/3294
f 2018/4156/2018 3310/3985/3294 4446/1580/4414 3553/2821/3533
f 2018/4156/2018 3553/2821/3533 4604/1587/4571 3626/3992/3604
f 2018/4156/2018 3626/3992/3604 4714/2074/4678 3600/4157/3580
f 2019/4158/2019 3316/3995/3300 4848/2090/2404 2408/2823/2404
f 2019/4158/2019 2408/2823/2404 4867/1789/2404 3627/1790/3605
f 2019/4158/2019 3627/1790/3605 4659/1791/4624 3302/2084/3286
f 2019/4158/2019 3302/2084/3286 4517/3960/4485 3316/3995/3300
f 2020/2824/2020 3160/1581/3144 4805/1582/4769 2230/2825/2227
f 2020/2824/2020 2230/2825/2227 4849/1585/4811 3628/1586/3606
f 2020/2824/2020 3628/1586/3606 4604/1587/4571 3553/2821/3533
f 2020/2824/2020 3553/2821/3533 4446/1580/4414 3160/1581/3144
f 2021/4159/2021 3290/4160/3274 4512/2781/4480 3305/2782/3289
f 2021/4159/2021 3305/2782/3289 4628/2070/4594 3596/2828/3576
f 2021/4159/2021 3596/2828/3576 4670/4024/4635 3639/2768/3617
f 2021/4159/2021 3639/2768/3617 4666/2197/4631 3290/4160/3274
f 2022/4161/2022 3283/2832/3267 4509/2831/4477 5718/2830/5596
f 2022/4161/2022 5718/2830/5596 4614/2836/4580 3547/2835/3527
f 2022/4161/2022 3547/2835/3527 4669/2194/4634 3640/2834/3618
f 2022/4161/2022 3640/2834/3618 4665/2833/4630 3283/2832/3267
f 2023/2837/2023 3272/2838/3256 4504/2003/4472 3287/2584/3271
f 2023/2837/2023 3287/2584/3271 4588/2585/4555 3491/4162/3474
f 2023/2837/2023 3491/4162/3474 4668/2200/4633 3641/2571/3619
f 2023/2837/2023 3641/2571/3619 4664/2209/4629 3272/2838/3256
f 2024/4163/2024 3169/1617/3153 4810/1618/4774 2245/2841/2242
f 2024/4163/2024 2245/2841/2242 4868/2229/4822 3642/4034/3620
f 2024/4163/2024 3642/4034/3620 4667/2191/4632 3635/4164/3613
f 2024/4163/2024 3635/4164/3613 4451/1616/4419 3169/1617/3153
f 2025/4165/2025 3214/3929/3198 4474/1769/4442 3255/1918/3239
f 2025/4165/2025 3255/1918/3239 4491/1919/4459 3245/2844/3229
f 2025/4165/2025 3245/2844/3229 4662/2221/4627 3643/4032/3621
f 2025/4165/2025 3643/4032/3621 4661/3930/4626 3214/3929/3198
f 2026/4166/2026 3245/2846/3229 4491/1933/4459 3265/1934/3249
f 2026/4166/2026 3265/1934/3249 4498/1935/4466 3258/2847/3242
f 2026/4166/2026 3258/2847/3242 4663/2206/4628 3644/2211/3622
f 2026/4166/2026 3644/2211/3622 4662/2212/4627 3245/2846/3229
f 2027/2848/2027 3258/2847/3242 4498/1935/4466 3279/2002/3263
f 2027/2848/2027 3279/2002/3263 4504/2003/4472 3272/2838/3256
f 2027/2848/2027 3272/2838/3256 4664/2209/4629 3645/2205/3623
f 2027/2848/2027 3645/2205/3623 4663/2206/4628 3258/2847/3242
f 2028/4167/2028 3491/4162/3474 4588/2585/4555 3468/2850/3452
f 2028/4167/2028 3468/2850/3452 4509/2852/4477 3283/2851/3267
f 2028/4167/2028 3283/2851/3267 4665/2203/4630 3646/2199/3624
f 2028/4167/2028 3646/2199/3624 4668/2200/4633 3491/4162/3474
f 2029/4168/2029 3547/2835/3527 4614/2836/4580 3293/2854/3277
f 2029/4168/2029 3293/2854/3277 4512/2781/4480 3290/4160/3274
f 2029/4168/2029 3290/4160/3274 4666/2197/4631 3647/4027/3625
f 2029/4168/2029 3647/4027/3625 4669/2194/4634 3547/2835/3527
f 2030/2855/2030 3596/2828/3576 4628/2070/4594 3554/2071/3534
f 2030/2855/2030 3554/2071/3534 4451/1616/4419 3635/4164/3613
f 2030/2855/2030 3635/4164/3613 4667/2191/4632 3648/2187/3626
f 2030/2855/2030 3648/2187/3626 4670/4024/4635 3596/2828/3576
f 2031/2856/2031 3362/2225/3346 4853/2226/2455 2459/2857/2455
f 2031/2856/2031 2459/2857/2455 4869/1765/2455 3649/1766/3627
f 2031/2856/2031 3649/1766/3627 4661/3930/4626 3629/4031/3607
f 2031/2856/2031 3629/4031/3607 4535/2217/4502 3362/2225/3346
f 2032/4169/2032 5467/2861/5357 5550/2860/5440 3651/4170/3629
f 2032/4169/2032 3651/4170/3629 4672/2863/4637 3655/2862/3633
f 2032/4169/2032 3655/2862/3633 4486/1850/4454 3238/3950/3222
f 2032/4169/2032 3238/3950/3222 5553/1856/5443 5467/2861/5357
f 2033/4171/2033 3655/2862/3633 4672/2863/4637 3654/4172/3632
f 2033/4171/2033 3654/4172/3632 4674/2867/4639 3656/2866/3634
f 2033/4171/2033 3656/2866/3634 4485/1844/4453 3236/3948/3220
f 2033/4171/2033 3236/3948/3220 4486/1850/4454 3655/2862/3633
f 2034/2868/2034 3234/2871/3218 4485/2870/4453 3656/2869/3634
f 2034/2868/2034 3656/2869/3634 4674/2876/4639 3650/2875/3628
f 2034/2868/2034 3650/2875/3628 4673/2874/4638 3658/4173/3636
f 2034/2868/2034 3658/4173/3636 4484/2872/4452 3234/2871/3218
f 2035/4174/2035 3650/2878/3628 4674/2867/4639 3654/4172/3632
f 2035/4174/2035 3654/4172/3632 4672/2863/4637 3653/4175/3631
f 2035/4174/2035 3653/4175/3631 4671/2881/4636 3652/2880/3630
f 2035/4174/2035 3652/2880/3630 4673/2879/4638 3650/2878/3628
f 2036/4176/2036 3651/4170/3629 5550/2860/5440 5466/2884/5356
f 2036/4176/2036 5466/2884/5356 5549/2886/5439 3657/2885/3635
f 2036/4176/2036 3657/2885/3635 4671/2881/4636 3653/4175/3631
f 2036/4176/2036 3653/4175/3631 4672/2863/4637 3651/4170/3629
f 2037/2887/2037 3703/2890/3681 4692/2889/4657 3660/2888/3638
f 2037/2887/2037 3660/2888/3638 4673/2895/4638 3652/2894/3630
f 2037/2887/2037 3652/2894/3630 4671/2893/4636 3659/2892/3637
f 2037/2887/2037 3659/2892/3637 4691/2891/4656 3703/2890/3681
f 2038/2896/2038 3702/2897/3680 4691/2891/4656 3659/2892/3637
f 2038/2896/2038 3659/2892/3637 4671/2893/4636 3657/2901/3635
f 2038/2896/2038 3657/2901/3635 5549/2900/5439 5469/2899/5359
f 2038/2896/2038 5469/2899/5359 5561/2898/5451 3702/2897/3680
f 2039/4177/2039 3691/2905/3669 4685/2904/4650 3662/2903/3640
f 2039/4177/2039 3662/2903/3640 4675/2910/4640 3664/2909/3642
f 2039/4177/2039 3664/2909/3642 5562/2908/5452 5468/2907/5358
f 2039/4177/2039 5468/2907/5358 5563/2906/5453 3691/2905/3669
f 2040/4178/2040 3689/4179/3667 4687/2913/4652 3663/4180/3641
f 2040/4178/2040 3663/4180/3641 4676/2916/4641 3665/4181/3643
f 2040/4178/2040 3665/4181/3643 4675/2910/4640 3662/2903/3640
f 2040/4178/2040 3662/2903/3640 4685/2904/4650 3689/4179/3667
f 2041/2917/2041 3660/2888/3638 4692/2889/4657 3701/2918/3679
f 2041/2917/2041 3701/2918/3679 4693/2922/4658 3666/2921/3644
f 2041/2917/2041 3666/2921/3644 4677/2920/4642 3668/2919/3646
f 2041/2917/2041 3668/2919/3646 4673/2895/4638 3660/2888/3638
f 2042/4182/2042 3666/2926/3644 4693/2925/4658 3705/2924/3683
f 2042/4182/2042 3705/2924/3683 4482/3944/4450 3232/4183/3216
f 2042/4182/2042 3232/4183/3216 4679/1833/4644 3671/2928/3649
f 2042/4182/2042 3671/2928/3649 4677/2927/4642 3666/2926/3644
f 2043/4184/2043 3663/4180/3641 4687/2913/4652 3875/2931/3852
f 2043/4184/2043 3875/2931/3852 4683/2935/4648 3678/2934/3656
f 2043/4184/2043 3678/2934/3656 4678/2933/4643 3667/4185/3645
f 2043/4184/2043 3667/4185/3645 4676/2916/4641 3663/4180/3641
f 2044/2936/2044 3678/2939/3656 4683/2938/4648 3669/2937/3647
f 2044/2936/2044 3669/2937/3647 4481/2943/4449 3707/2942/3685
f 2044/2936/2044 3707/2942/3685 4680/3945/4645 3670/2941/3648
f 2044/2936/2044 3670/2941/3648 4678/2940/4643 3678/2939/3656
f 2045/4186/2045 3672/2945/3650 4681/1899/4646 3675/3956/3653
f 2045/4186/2045 3675/3956/3653 4479/3938/4447 3226/1813/3210
f 2045/4186/2045 3226/1813/3210 4480/1814/4448 3679/2947/3657
f 2045/4186/2045 3679/2947/3657 4682/2946/4647 3672/2945/3650
f 2046/4187/2046 3673/2949/3651 4682/2946/4647 3679/2947/3657
f 2046/4187/2046 3679/2947/3657 4480/1814/4448 3228/2950/3212
f 2046/4187/2046 3228/2950/3212 4481/2943/4449 3669/2937/3647
f 2046/4187/2046 3669/2937/3647 4683/2938/4648 3673/2949/3651
f 2047/4188/2047 3683/2952/3661 4501/1973/4469 3676/1966/3654
f 2047/4188/2047 3676/1966/3654 4681/1967/4646 3672/2956/3650
f 2047/4188/2047 3672/2956/3650 4682/2955/4647 3687/2954/3665
f 2047/4188/2047 3687/2954/3665 4686/2953/4651 3683/2952/3661
f 2048/2957/2048 3684/4189/3662 4686/2953/4651 3687/2954/3665
f 2048/2957/2048 3687/2954/3665 4682/2955/4647 3673/2959/3651
f 2048/2957/2048 3673/2959/3651 4683/2935/4648 3875/2931/3852
f 2048/2957/2048 3875/2931/3852 4687/2913/4652 3684/4189/3662
f 2049/2960/2049 3281/3978/3265 4501/1973/4469 3683/2952/3661
f 2049/2960/2049 3683/2952/3661 4686/2953/4651 3688/2963/3666
f 2049/2960/2049 3688/2963/3666 4684/4190/4649 3681/2961/3659
f 2049/2960/2049 3681/2961/3659 4507/2000/4475 3281/3978/3265
f 2050/4191/2050 3688/2963/3666 4686/2953/4651 3684/4189/3662
f 2050/4191/2050 3684/4189/3662 4687/2913/4652 3689/4179/3667
f 2050/4191/2050 3689/4179/3667 4685/2904/4650 3682/4192/3660
f 2050/4191/2050 3682/4192/3660 4684/4190/4649 3688/2963/3666
f 2051/2966/2051 3289/2589/3273 4507/2000/4475 3681/2961/3659
f 2051/2966/2051 3681/2961/3659 4684/4190/4649 3690/4193/3668
f 2051/2966/2051 3690/4193/3668 5558/2968/5448 5465/2967/5355
f 2051/2966/2051 5465/2967/5355 5557/2593/5447 3289/2589/3273
f 2052/4194/2052 3690/4193/3668 4684/4190/4649 3682/4192/3660
f 2052/4194/2052 3682/4192/3660 4685/2904/4650 3691/2905/3669
f 2052/4194/2052 3691/2905/3669 5563/2906/5453 3680/2971/3658
f 2052/4194/2052 3680/2971/3658 5558/2968/5448 3690/4193/3668
f 2053/2972/2053 3668/2975/3646 4677/2974/4642 3671/2973/3649
f 2053/2972/2053 3671/2973/3649 4679/2978/4644 3692/2977/3670
f 2053/2972/2053 3692/2977/3670 4673/2976/4638 3668/2975/3646
f 2054/4195/2054 3696/2982/3674 4690/2981/4655 3693/4196/3671
f 2054/4195/2054 3693/4196/3671 4677/2987/4642 3671/2986/3649
f 2054/4195/2054 3671/2986/3649 4679/2985/4644 3695/2984/3673
f 2054/4195/2054 3695/2984/3673 4483/2983/4451 3696/2982/3674
f 2055/4197/2055 3693/4196/3671 4690/2981/4655 3694/2989/3672
f 2055/4197/2055 3694/2989/3672 4484/2872/4452 3658/4173/3636
f 2055/4197/2055 3658/4173/3636 4673/2874/4638 3668/2990/3646
f 2055/4197/2055 3668/2990/3646 4677/2987/4642 3693/4196/3671
f 2056/4198/2056 3229/3943/3213 4840/1828/4804 2802/2992/2790
f 2056/4198/2056 2802/2992/2790 4870/1831/4823 3697/3946/3675
f 2056/4198/2056 3697/3946/3675 4679/1833/4644 3232/4183/3216
f 2056/4198/2056 3232/4183/3216 4482/3944/4450 3229/3943/3213
f 2057/4199/2057 3700/2994/3678 4678/2940/4643 3670/2941/3648
f 2057/4199/2057 3670/2941/3648 4680/3945/4645 3704/1825/3682
f 2057/4199/2057 3704/1825/3682 4482/3944/4450 3705/2924/3683
f 2057/4199/2057 3705/2924/3683 4693/2925/4658 3700/2994/3678
f 2058/4200/2058 3699/2996/3677 4676/2916/4641 3667/4185/3645
f 2058/4200/2058 3667/4185/3645 4678/2933/4643 3700/2997/3678
f 2058/4200/2058 3700/2997/3678 4693/2922/4658 3701/2918/3679
f 2058/4200/2058 3701/2918/3679 4692/2889/4657 3699/2996/3677
f 2059/4201/2059 3664/2909/3642 4675/2910/4640 3698/2999/3676
f 2059/4201/2059 3698/2999/3676 4691/2891/4656 3702/2897/3680
f 2059/4201/2059 3702/2897/3680 5561/2898/5451 3661/3000/3639
f 2059/4201/2059 3661/3000/3639 5562/2908/5452 3664/2909/3642
f 2060/3001/2060 3665/4181/3643 4676/2916/4641 3699/2996/3677
f 2060/3001/2060 3699/2996/3677 4692/2889/4657 3703/2890/3681
f 2060/3001/2060 3703/2890/3681 4691/2891/4656 3698/2999/3676
f 2060/3001/2060 3698/2999/3676 4675/2910/4640 3665/4181/3643
f 2061/3002/2061 3227/3005/3211 4839/3004/4803 2328/3003/2324
f 2061/3002/2061 2328/3003/2324 4872/1822/4825 3706/1823/3684
f 2061/3002/2061 3706/1823/3684 4680/3945/4645 3707/2942/3685
f 2061/3002/2061 3707/2942/3685 4481/2943/4449 3227/3005/3211
f 2062/3006/2062 3222/1801/3206 4478/1802/4446 3254/1896/3238
f 2062/3006/2062 3254/1896/3238 4495/1897/4463 3249/3007/3233
f 2062/3006/2062 3249/3007/3233 4696/2622/4660 3713/2616/3691
f 2062/3006/2062 3713/2616/3691 4694/1800/3686 3222/1801/3206
f 2063/3008/2063 3249/3009/3233 4495/1969/4463 3268/1970/3252
f 2063/3008/2063 3268/1970/3252 4700/1971/4664 3262/3010/3246
f 2063/3008/2063 3262/3010/3246 4699/2614/4663 3714/2607/3692
f 2063/3008/2063 3714/2607/3692 4696/2608/4660 3249/3009/3233
f 2064/3011/2064 3580/4202/3560 4889/3013/4840 5464/3012/5354
f 2064/3011/2064 5464/3012/5354 4887/3016/4838 3709/3015/3687
f 2064/3011/2064 3709/3015/3687 4695/1863/4659 3715/2601/3693
f 2064/3011/2064 3715/2601/3693 4713/4109/4677 3580/4202/3560
f 2065/3017/2065 5461/3020/5351 4888/3019/4839 2342/3018/2338
f 2065/3017/2065 2342/3018/2338 4873/1861/2338 3716/1862/3694
f 2065/3017/2065 3716/1862/3694 4695/1863/4659 3709/3015/3687
f 2065/3017/2065 3709/3015/3687 4887/3016/4838 5461/3020/5351
f 2066/4203/2066 3504/2629/2066 4859/2630/2608 2613/3022/2608
f 2066/4203/2066 2613/3022/2608 4874/1798/2608 3717/1799/2066
f 2066/4203/2066 3717/1799/2066 4694/1800/3686 3708/4110/3686
f 2066/4203/2066 3708/4110/3686 4601/2618/4568 3504/2629/2066
f 2067/4204/2067 3764/3026/3741 4720/3025/4684 3735/3024/3712
f 2067/4204/2067 3735/3024/3712 4697/3031/4661 3261/3030/3245
f 2067/4204/2067 3261/3030/3245 4698/3029/4662 3720/3028/3697
f 2067/4204/2067 3720/3028/3697 4721/3027/4685 3764/3026/3741
f 2068/4205/2068 5260/3035/5150 4722/3034/4686 3736/4206/3713
f 2068/4205/2068 3736/4206/3713 4699/3040/4663 3262/3039/3246
f 2068/4205/2068 3262/3039/3246 4700/3038/4664 3721/3037/3698
f 2068/4205/2068 3721/3037/3698 4723/3036/4687 5260/3035/5150
f 2069/3041/2069 5259/3044/5149 4723/3043/4687 3721/3042/3698
f 2069/3041/2069 3721/3042/3698 4700/3049/4664 3276/3048/3260
f 2069/3041/2069 3276/3048/3260 4506/3047/4474 3722/3046/3699
f 2069/3041/2069 3722/3046/3699 4724/3045/4688 5259/3044/5149
f 2070/3050/2070 3763/3053/3740 5318/3052/5208 3737/4207/3714
f 2070/3050/2070 3737/4207/3714 4702/3058/4666 3277/3057/3261
f 2070/3050/2070 3277/3057/3261 4703/3056/4667 3723/3055/3700
f 2070/3050/2070 3723/3055/3700 5319/3054/5209 3763/3053/3740
f 2071/4208/2071 3762/4209/3739 4724/3045/4688 3722/3046/3699
f 2071/4208/2071 3722/3046/3699 4506/3047/4474 3285/3064/3269
f 2071/4208/2071 3285/3064/3269 5556/3063/5446 3724/4210/3701
f 2071/4208/2071 3724/4210/3701 5320/4211/5210 3762/4209/3739
f 2072/4212/2072 3761/3068/3738 5321/3067/5211 3738/4213/3715
f 2072/4212/2072 3738/4213/3715 4704/3070/4668 3286/3069/3270
f 2072/4212/2072 3286/3069/3270 4702/3058/4666 3737/4207/3714
f 2072/4212/2072 3737/4207/3714 5318/3052/5208 3761/3068/3738
f 2073/3071/2073 3760/3074/3737 4725/3073/4689 3739/3072/3716
f 2073/3071/2073 3739/3072/3716 5547/3079/5437 3294/3078/3278
f 2073/3071/2073 3294/3078/3278 5554/3077/5444 3725/3076/3702
f 2073/3071/2073 3725/3076/3702 5322/3075/5212 3760/3074/3737
f 2074/4214/2074 3759/4215/3736 5323/3082/5213 3740/4216/3717
f 2074/4214/2074 3740/4216/3717 4706/3088/4670 3295/3087/3279
f 2074/4214/2074 3295/3087/3279 4707/3086/4671 3726/3085/3703
f 2074/4214/2074 3726/3085/3703 4726/3084/4690 3759/4215/3736
f 2075/3089/2075 3758/4217/3735 5324/3091/5214 3741/3090/3718
f 2075/3089/2075 3741/3090/3718 5548/3097/5438 3303/3096/3287
f 2075/3089/2075 3303/3096/3287 4889/3095/4840 3727/3094/3704
f 2075/3089/2075 3727/3094/3704 5325/3093/5215 3758/4217/3735
f 2076/3098/2076 5258/3101/5148 5319/3100/5209 3723/3099/3700
f 2076/3098/2076 3723/3099/3700 4703/3106/4667 3311/3105/3295
f 2076/3098/2076 3311/3105/3295 4708/3104/4672 3728/3103/3705
f 2076/3098/2076 3728/3103/3705 5326/3102/5216 5258/3101/5148
f 2077/4218/2077 3757/3110/3734 5327/3109/5217 3742/4219/3719
f 2077/4218/2077 3742/4219/3719 4709/2066/4673 3312/2719/3296
f 2077/4218/2077 3312/2719/3296 4710/2720/4674 3729/3112/3706
f 2077/4218/2077 3729/3112/3706 5328/3111/5218 3757/3110/3734
f 2078/4220/2078 5257/4221/5147 5320/4211/5210 3724/4210/3701
f 2078/4220/2078 3724/4210/3701 5556/3063/5446 5462/3115/5352
f 2078/4220/2078 5462/3115/5352 5547/3079/5437 3739/3072/3716
f 2078/4220/2078 3739/3072/3716 4725/3073/4689 5257/4221/5147
f 2079/4222/2079 5256/3117/5146 4726/3084/4690 3726/3085/3703
f 2079/4222/2079 3726/3085/3703 4707/3086/4671 3466/3118/3450
f 2079/4222/2079 3466/3118/3450 4704/3070/4668 3738/4213/3715
f 2079/4222/2079 3738/4213/3715 5321/3067/5211 5256/3117/5146
f 2080/4223/2080 3756/3122/3733 4727/3121/4691 3743/3120/3720
f 2080/4223/2080 3743/3120/3720 4711/3127/4675 3500/3126/3483
f 2080/4223/2080 3500/3126/3483 4712/3125/4676 3730/4224/3707
f 2080/4223/2080 3730/4224/3707 5329/3123/5219 3756/3122/3733
f 2081/4225/2081 5255/3129/5145 5326/3102/5216 3728/3103/3705
f 2081/4225/2081 3728/3103/3705 4708/3104/4672 3501/3130/3484
f 2081/4225/2081 3501/3130/3484 4697/3031/4661 3735/3024/3712
f 2081/4225/2081 3735/3024/3712 4720/3025/4684 5255/3129/5145
f 2082/4226/2082 5254/4227/5144 5322/3075/5212 3725/3076/3702
f 2082/4226/2082 3725/3076/3702 5554/3077/5444 3523/3133/3503
f 2082/4226/2082 3523/3133/3503 5548/3097/5438 3741/3090/3718
f 2082/4226/2082 3741/3090/3718 5324/3091/5214 5254/4227/5144
f 2083/3134/2083 3755/3137/3732 5328/3136/5218 3729/3135/3706
f 2083/3134/2083 3729/3135/3706 4710/3139/4674 3524/3138/3504
f 2083/3134/2083 3524/3138/3504 4706/3088/4670 3740/4216/3717
f 2083/3134/2083 3740/4216/3717 5323/3082/5213 3755/3137/3732
f 2084/4228/2084 5253/4229/5143 5325/3142/5215 3727/3141/3704
f 2084/4228/2084 3727/3141/3704 4889/3013/4840 3580/4202/3560
f 2084/4228/2084 3580/4202/3560 4713/4109/4677 3731/3145/3708
f 2084/4228/2084 3731/3145/3708 4728/3144/4692 5253/4229/5143
f 2085/4230/2085 3754/3149/3731 5330/3148/5220 3744/4231/3721
f 2085/4230/2085 3744/4231/3721 4715/2048/4679 3600/4157/3580
f 2085/4230/2085 3600/4157/3580 4714/2074/4678 3732/3151/3709
f 2085/4230/2085 3732/3151/3709 5331/3150/5221 3754/3149/3731
f 2086/4232/2086 3753/3155/3730 5332/3154/5222 3745/3153/3722
f 2086/4232/2086 3745/3153/3722 4716/2064/4680 3602/2065/3582
f 2086/4232/2086 3602/2065/3582 4709/2066/4673 3742/4219/3719
f 2086/4232/2086 3742/4219/3719 5327/3109/5217 3753/3155/3730
f 2087/4233/2087 3752/4234/3729 4729/3158/4693 3746/3157/3723
f 2087/4233/2087 3746/3157/3723 4650/2604/4616 3605/2811/3585
f 2087/4233/2087 3605/2811/3585 4717/2792/4681 3733/3161/3710
f 2087/4233/2087 3733/3161/3710 5333/3160/5223 3752/4234/3729
f 2088/4235/2088 5252/3163/5142 4721/3027/4685 3720/3028/3697
f 2088/4235/2088 3720/3028/3697 4698/3029/4662 3608/3167/3588
f 2088/4235/2088 3608/3167/3588 4718/3166/4682 3734/4236/3711
f 2088/4235/2088 3734/4236/3711 5334/3164/5224 5252/3163/5142
f 2089/4237/2089 3751/3171/3728 4730/3170/4694 3747/3169/3724
f 2089/4237/2089 3747/3169/3724 4719/2046/4683 3609/3984/3589
f 2089/4237/2089 3609/3984/3589 4715/2048/4679 3744/4231/3721
f 2089/4237/2089 3744/4231/3721 5330/3148/5220 3751/3171/3728
f 2090/3172/2090 5251/3173/5141 5334/3164/5224 3734/4236/3711
f 2090/3172/2090 3734/4236/3711 4718/3166/4682 3616/3174/3595
f 2090/3172/2090 3616/3174/3595 4711/3127/4675 3743/3120/3720
f 2090/3172/2090 3743/3120/3720 4727/3121/4691 5251/3173/5141
f 2091/4238/2091 3750/3176/3727 5333/3160/5223 3733/3161/3710
f 2091/4238/2091 3733/3161/3710 4717/2792/4681 3617/2793/3596
f 2091/4238/2091 3617/2793/3596 4719/2046/4683 3747/3169/3724
f 2091/4238/2091 3747/3169/3724 4730/3170/4694 3750/3176/3727
f 2092/4239/2092 3749/3178/3726 5331/3150/5221 3732/3151/3709
f 2092/4239/2092 3732/3151/3709 4714/2074/4678 3623/3991/3601
f 2092/4239/2092 3623/3991/3601 4716/2064/4680 3745/3153/3722
f 2092/4239/2092 3745/3153/3722 5332/3154/5222 3749/3178/3726
f 2093/4240/2093 3748/3180/3725 5329/3123/5219 3730/4224/3707
f 2093/4240/2093 3730/4224/3707 4712/3125/4676 3711/3181/3689
f 2093/4240/2093 3711/3181/3689 4699/3040/4663 3736/4206/3713
f 2093/4240/2093 3736/4206/3713 4722/3034/4686 3748/3180/3725
f 2094/4241/2094 5250/3183/5140 4728/3144/4692 3731/3145/3708
f 2094/4241/2094 3731/3145/3708 4713/4109/4677 3712/2603/3690
f 2094/4241/2094 3712/2603/3690 4650/2604/4616 3746/3157/3723
f 2094/4241/2094 3746/3157/3723 4729/3158/4693 5250/3183/5140
f 2095/4242/2095 3463/2534/3447 4857/2535/4816 2574/3185/2570
f 2095/4242/2095 2574/3185/2570 4875/1747/4826 3766/3926/3743
f 2095/4242/2095 3766/3926/3743 4731/1749/4695 3765/3186/3742
f 2095/4242/2095 3765/3186/3742 4585/2533/4552 3463/2534/3447
f 2096/4243/2096 3767/4244/3744 4731/3189/4695 3210/3188/3194
f 2096/4243/2096 3210/3188/3194 4472/1881/4440 3251/3953/3235
f 2096/4243/2096 3251/3953/3235 4489/1883/4457 3375/4042/3359
f 2096/4243/2096 3375/4042/3359 4543/2261/4510 3767/4244/3744
f 2097/3191/2097 3767/4244/3744 4543/2261/4510 3382/2274/3366
f 2097/3191/2097 3382/2274/3366 4547/2275/4514 3464/2537/3448
f 2097/3191/2097 3464/2537/3448 4585/2538/4552 3765/3192/3742
f 2097/3191/2097 3765/3192/3742 4731/3189/4695 3767/4244/3744
f 2098/3193/2098 3769/3196/3746 4732/3195/4696 3768/3194/3745
f 2098/3193/2098 3768/3194/3745 4734/3201/4698 3771/3200/3748
f 2098/3193/2098 3771/3200/3748 4735/3199/4699 3770/3198/3747
f 2098/3193/2098 3770/3198/3747 4733/3197/4697 3769/3196/3746
f 2099/4245/2099 3771/3200/3748 4734/3201/4698 3773/3203/3750
f 2099/4245/2099 3773/3203/3750 4736/3207/4700 3772/4246/3749
f 2099/4245/2099 3772/4246/3749 4737/3205/4701 3774/3204/3751
f 2099/4245/2099 3774/3204/3751 4735/3199/4699 3771/3200/3748
f 2100/4247/2100 3772/4246/3749 4736/3207/4700 3776/3209/3753
f 2100/4247/2100 3776/3209/3753 4738/3213/4702 3775/4248/3752
f 2100/4247/2100 3775/4248/3752 4739/4249/4703 3777/3210/3754
f 2100/4247/2100 3777/3210/3754 4737/3205/4701 3772/4246/3749
f 2101/3214/2101 3775/4248/3752 4738/3213/4702 3779/3215/3756
f 2101/3214/2101 3779/3215/3756 4740/3219/4704 3778/3218/3755
f 2101/3214/2101 3778/3218/3755 4741/4250/4705 3780/3216/3757
f 2101/3214/2101 3780/3216/3757 4739/4249/4703 3775/4248/3752
f 2102/4251/2102 3778/3218/3755 4740/3219/4704 3782/3221/3759
f 2102/4251/2102 3782/3221/3759 4742/3225/4706 3781/3224/3758
f 2102/4251/2102 3781/3224/3758 4743/3223/4707 3783/3222/3760
f 2102/4251/2102 3783/3222/3760 4741/4250/4705 3778/3218/3755
f 2103/4252/2103 3781/3224/3758 4742/3225/4706 3785/3227/3762
f 2103/4252/2103 3785/3227/3762 4744/3231/4708 3784/3230/3761
f 2103/4252/2103 3784/3230/3761 4745/3229/4709 3786/4253/3763
f 2103/4252/2103 3786/4253/3763 4743/3223/4707 3781/3224/3758
f 2104/3232/2104 3784/3235/3761 4744/3234/4708 3788/3233/3765
f 2104/3232/2104 3788/3233/3765 4746/3240/4710 3787/3239/3764
f 2104/3232/2104 3787/3239/3764 4747/3238/4711 3789/3237/3766
f 2104/3232/2104 3789/3237/3766 4745/3236/4709 3784/3235/3761
f 2105/4254/2105 3787/3244/3764 4746/3243/4710 3791/3242/3768
f 2105/4254/2105 3791/3242/3768 4748/3249/4712 3790/4255/3767
f 2105/4254/2105 3790/4255/3767 4749/3247/4713 3792/4256/3769
f 2105/4254/2105 3792/4256/3769 4747/3245/4711 3787/3244/3764
f 2106/4257/2106 3790/4255/3767 4748/3249/4712 3794/3251/3771
f 2106/4257/2106 3794/3251/3771 4750/3255/4714 3793/4258/3770
f 2106/4257/2106 3793/4258/3770 4751/3253/4715 3795/3252/3772
f 2106/4257/2106 3795/3252/3772 4749/3247/4713 3790/4255/3767
f 2107/4259/2107 3793/4258/3770 4750/3255/4714 3797/3257/3774
f 2107/4259/2107 3797/3257/3774 4752/3261/4716 3796/4260/3773
f 2107/4259/2107 3796/4260/3773 4753/4261/4717 3798/4262/3775
f 2107/4259/2107 3798/4262/3775 4751/3253/4715 3793/4258/3770
f 2108/3262/2108 3796/4260/3773 4752/3261/4716 3800/3263/3777
f 2108/3262/2108 3800/3263/3777 4754/3267/4718 3799/4263/3776
f 2108/3262/2108 3799/4263/3776 4755/3265/4719 3801/3264/3778
f 2108/3262/2108 3801/3264/3778 4753/4261/4717 3796/4260/3773
f 2109/4264/2109 3799/4263/3776 4754/3267/4718 3803/3269/3780
f 2109/4264/2109 3803/3269/3780 4756/3273/4720 3802/3272/3779
f 2109/4264/2109 3802/3272/3779 4757/3271/4721 3804/3270/3781
f 2109/4264/2109 3804/3270/3781 4755/3265/4719 3799/4263/3776
f 2110/3274/2110 3802/3272/3779 4756/3273/4720 3806/3275/3783
f 2110/3274/2110 3806/3275/3783 4758/3279/4722 3805/3278/3782
f 2110/3274/2110 3805/3278/3782 4759/3277/4723 3807/3276/3784
f 2110/3274/2110 3807/3276/3784 4757/3271/4721 3802/3272/3779
f 2111/4265/2111 3805/3278/3782 4758/3279/4722 3809/3281/3786
f 2111/4265/2111 3809/3281/3786 4760/3285/4724 3808/3284/3785
f 2111/4265/2111 3808/3284/3785 4761/3283/4725 3810/3282/3787
f 2111/4265/2111 3810/3282/3787 4759/3277/4723 3805/3278/3782
f 2112/4266/2112 3808/3289/3785 4760/3288/4724 3976/3287/3952
f 2112/4266/2112 3976/3287/3952 4763/3294/4727 3975/3293/3951
f 2112/4266/2112 3975/3293/3951 4762/3292/4726 3811/4267/3788
f 2112/4266/2112 3811/4267/3788 4761/3290/4725 3808/3289/3785
f 2113/4268/2113 3812/3296/3789 4732/3195/4696 3769/3196/3746
f 2113/4268/2113 3769/3196/3746 4733/3197/4697 3977/3300/3953
f 2113/4268/2113 3977/3300/3953 4762/3299/4726 3975/3298/3951
f 2113/4268/2113 3975/3298/3951 4763/3297/4727 3812/3296/3789
f 2114/4269/2114 3783/3222/3760 4743/3223/4707 3828/4270/3805
f 2114/4269/2114 3828/4270/3805 4769/3306/4733 3817/3305/3794
f 2114/4269/2114 3817/3305/3794 4768/3304/4732 3829/3303/3806
f 2114/4269/2114 3829/3303/3806 4741/4250/4705 3783/3222/3760
f 2115/3307/2115 3798/4262/3775 4753/4261/4717 3830/3308/3807
f 2115/3307/2115 3830/3308/3807 4774/3312/4738 3822/3311/3799
f 2115/3307/2115 3822/3311/3799 4773/3310/4737 3831/3309/3808
f 2115/3307/2115 3831/3309/3808 4751/3253/4715 3798/4262/3775
f 2116/4271/2116 3811/4267/3788 4762/3292/4726 3979/3314/3955
f 2116/4271/2116 3979/3314/3955 4779/3318/4743 3978/3317/3954
f 2116/4271/2116 3978/3317/3954 4778/3316/4742 3832/3315/3809
f 2116/4271/2116 3832/3315/3809 4761/3290/4725 3811/4267/3788
f 2117/4272/2117 3777/3210/3754 4739/4249/4703 3833/3320/3810
f 2117/4272/2117 3833/3320/3810 4767/3324/4731 3815/3323/3792
f 2117/4272/2117 3815/3323/3792 4766/3322/4730 3834/3321/3811
f 2117/4272/2117 3834/3321/3811 4737/3205/4701 3777/3210/3754
f 2118/3325/2118 3792/4256/3769 4749/3247/4713 3835/3326/3812
f 2118/3325/2118 3835/3326/3812 4772/4273/4736 3820/3329/3797
f 2118/3325/2118 3820/3329/3797 4771/3328/4735 3836/3327/3813
f 2118/3325/2118 3836/3327/3813 4747/3245/4711 3792/4256/3769
f 2119/3331/2119 3770/3198/3747 4735/3199/4699 3837/3332/3814
f 2119/3331/2119 3837/3332/3814 4765/3336/4729 3813/3335/3790
f 2119/3331/2119 3813/3335/3790 4764/3334/4728 3838/3333/3815
f 2119/3331/2119 3838/3333/3815 4733/3197/4697 3770/3198/3747
f 2120/3337/2120 3807/3276/3784 4759/3277/4723 3839/3338/3816
f 2120/3337/2120 3839/3338/3816 4777/3342/4741 3825/3341/3802
f 2120/3337/2120 3825/3341/3802 4776/3340/4740 3840/3339/3817
f 2120/3337/2120 3840/3339/3817 4757/3271/4721 3807/3276/3784
f 2121/4274/2121 3786/4253/3763 4745/3229/4709 3841/3344/3818
f 2121/4274/2121 3841/3344/3818 4770/3346/4734 3818/3345/3795
f 2121/4274/2121 3818/3345/3795 4769/3306/4733 3828/4270/3805
f 2121/4274/2121 3828/4270/3805 4743/3223/4707 3786/4253/3763
f 2122/3347/2122 3801/3264/3778 4755/3265/4719 3842/3348/3819
f 2122/3347/2122 3842/3348/3819 4775/3350/4739 3823/3349/3800
f 2122/3347/2122 3823/3349/3800 4774/3312/4738 3830/3308/3807
f 2122/3347/2122 3830/3308/3807 4753/4261/4717 3801/3264/3778
f 2123/4275/2123 3780/3216/3757 4741/4250/4705 3829/3303/3806
f 2123/4275/2123 3829/3303/3806 4768/3304/4732 3816/3352/3793
f 2123/4275/2123 3816/3352/3793 4767/3324/4731 3833/3320/3810
f 2123/4275/2123 3833/3320/3810 4739/4249/4703 3780/3216/3757
f 2124/3353/2124 3795/3252/3772 4751/3253/4715 3831/3309/3808
f 2124/3353/2124 3831/3309/3808 4773/3310/4737 3821/4276/3798
f 2124/3353/2124 3821/4276/3798 4772/4273/4736 3835/3326/3812
f 2124/3353/2124 3835/3326/3812 4749/3247/4713 3795/3252/3772
f 2125/3355/2125 3810/3282/3787 4761/3283/4725 3832/3356/3809
f 2125/3355/2125 3832/3356/3809 4778/3358/4742 3826/3357/3803
f 2125/3355/2125 3826/3357/3803 4777/3342/4741 3839/3338/3816
f 2125/3355/2125 3839/3338/3816 4759/3277/4723 3810/3282/3787
f 2126/4277/2126 3977/3300/3953 4733/3197/4697 3838/3333/3815
f 2126/4277/2126 3838/3333/3815 4764/3334/4728 3827/4278/3804
f 2126/4277/2126 3827/4278/3804 4779/3361/4743 3979/3360/3955
f 2126/4277/2126 3979/3360/3955 4762/3299/4726 3977/3300/3953
f 2127/3363/2127 3774/3204/3751 4737/3205/4701 3834/3321/3811
f 2127/3363/2127 3834/3321/3811 4766/3322/4730 3814/3364/3791
f 2127/3363/2127 3814/3364/3791 4765/3336/4729 3837/3332/3814
f 2127/3363/2127 3837/3332/3814 4735/3199/4699 3774/3204/3751
f 2128/4279/2128 3789/3237/3766 4747/3238/4711 3836/3366/3813
f 2128/4279/2128 3836/3366/3813 4771/3370/4735 3819/4280/3796
f 2128/4279/2128 3819/4280/3796 4770/3368/4734 3841/3367/3818
f 2128/4279/2128 3841/3367/3818 4745/3236/4709 3789/3237/3766
f 2129/3371/2129 3804/3270/3781 4757/3271/4721 3840/3339/3817
f 2129/3371/2129 3840/3339/3817 4776/3340/4740 3824/3372/3801
f 2129/3371/2129 3824/3372/3801 4775/3350/4739 3842/3348/3819
f 2129/3371/2129 3842/3348/3819 4755/3265/4719 3804/3270/3781
f 2130/4281/2130 3813/3335/3790 4765/3336/4729 3858/3374/3835
f 2130/4281/2130 3858/3374/3835 4781/3378/4745 3843/3377/3820
f 2130/4281/2130 3843/3377/3820 4780/3376/4744 3859/3375/3836
f 2130/4281/2130 3859/3375/3836 4764/3334/4728 3813/3335/3790
f 2131/4282/2131 3821/4276/3798 4773/3310/4737 3861/3380/3838
f 2131/4282/2131 3861/3380/3838 4789/3384/4753 3851/3383/3828
f 2131/4282/2131 3851/3383/3828 4788/3382/4752 3862/4283/3839
f 2131/4282/2131 3862/4283/3839 4772/4273/4736 3821/4276/3798
f 2132/4284/2132 3814/3364/3791 4766/3322/4730 3863/3386/3840
f 2132/4284/2132 3863/3386/3840 4782/3388/4746 3844/3387/3821
f 2132/4284/2132 3844/3387/3821 4781/3378/4745 3858/3374/3835
f 2132/4284/2132 3858/3374/3835 4765/3336/4729 3814/3364/3791
f 2133/3389/2133 3827/4278/3804 4764/3334/4728 3859/3375/3836
f 2133/3389/2133 3859/3375/3836 4780/3376/4744 3857/3392/3834
f 2133/3389/2133 3857/3392/3834 4795/3391/4759 3860/3390/3837
f 2133/3389/2133 3860/3390/3837 4779/3361/4743 3827/4278/3804
f 2134/3393/2134 3822/3311/3799 4774/3312/4738 3864/3394/3841
f 2134/3393/2134 3864/3394/3841 4790/3396/4754 3852/3395/3829
f 2134/3393/2134 3852/3395/3829 4789/3384/4753 3861/3380/3838
f 2134/3393/2134 3861/3380/3838 4773/3310/4737 3822/3311/3799
f 2135/3397/2135 3815/3323/3792 4767/3324/4731 3865/3398/3842
f 2135/3397/2135 3865/3398/3842 4783/3400/4747 3845/3399/3822
f 2135/3397/2135 3845/3399/3822 4782/3388/4746 3863/3386/3840
f 2135/3397/2135 3863/3386/3840 4766/3322/4730 3815/3323/3792
f 2136/4285/2136 3823/3349/3800 4775/3350/4739 3866/3402/3843
f 2136/4285/2136 3866/3402/3843 4791/3404/4755 3853/3403/3830
f 2136/4285/2136 3853/3403/3830 4790/3396/4754 3864/3394/3841
f 2136/4285/2136 3864/3394/3841 4774/3312/4738 3823/3349/3800
f 2137/3405/2137 3816/3352/3793 4768/3304/4732 3867/3406/3844
f 2137/3405/2137 3867/3406/3844 4784/3408/4748 3846/3407/3823
f 2137/3405/2137 3846/3407/3823 4783/3400/4747 3865/3398/3842
f 2137/3405/2137 3865/3398/3842 4767/3324/4731 3816/3352/3793
f 2138/3409/2138 3824/3372/3801 4776/3340/4740 3868/3410/3845
f 2138/3409/2138 3868/3410/3845 4792/3412/4756 3854/3411/3831
f 2138/3409/2138 3854/3411/3831 4791/3404/4755 3866/3402/3843
f 2138/3409/2138 3866/3402/3843 4775/3350/4739 3824/3372/3801
f 2139/4286/2139 3817/3305/3794 4769/3306/4733 3869/3414/3846
f 2139/4286/2139 3869/3414/3846 4785/3416/4749 3847/3415/3824
f 2139/4286/2139 3847/3415/3824 4784/3408/4748 3867/3406/3844
f 2139/4286/2139 3867/3406/3844 4768/3304/4732 3817/3305/3794
f 2140/4287/2140 3825/3341/3802 4777/3342/4741 3870/3418/3847
f 2140/4287/2140 3870/3418/3847 4793/3420/4757 3855/3419/3832
f 2140/4287/2140 3855/3419/3832 4792/3412/4756 3868/3410/3845
f 2140/4287/2140 3868/3410/3845 4776/3340/4740 3825/3341/3802
f 2141/3421/2141 3818/3423/3795 4770/3368/4734 3871/4288/3848
f 2141/3421/2141 3871/4288/3848 4786/3428/4750 3848/3427/3825
f 2141/3421/2141 3848/3427/3825 4785/3426/4749 3869/3425/3846
f 2141/3421/2141 3869/3425/3846 4769/3424/4733 3818/3423/3795
f 2142/4289/2142 3826/3357/3803 4778/3358/4742 3872/3430/3849
f 2142/4289/2142 3872/3430/3849 4794/3432/4758 3856/3431/3833
f 2142/4289/2142 3856/3431/3833 4793/3420/4757 3870/3418/3847
f 2142/4289/2142 3870/3418/3847 4777/3342/4741 3826/3357/3803
f 2143/4290/2143 3819/4280/3796 4771/3370/4735 3873/3434/3850
f 2143/4290/2143 3873/3434/3850 4787/3436/4751 3849/3435/3826
f 2143/4290/2143 3849/3435/3826 4786/3428/4750 3871/4288/3848
f 2143/4290/2143 3871/4288/3848 4770/3368/4734 3819/4280/3796
f 2144/4291/2144 3978/3317/3954 4779/3318/4743 3860/3438/3837
f 2144/4291/2144 3860/3438/3837 4795/3442/4759 3980/3441/3956
f 2144/4291/2144 3980/3441/3956 4794/3440/4758 3872/3439/3849
f 2144/4291/2144 3872/3439/3849 4778/3316/4742 3978/3317/3954
f 2145/4292/2145 3820/3329/3797 4772/4273/4736 3862/4283/3839
f 2145/4292/2145 3862/4283/3839 4788/3382/4752 3850/3446/3827
f 2145/4292/2145 3850/3446/3827 4787/3445/4751 3873/3444/3850
f 2145/4292/2145 3873/3444/3850 4771/3328/4735 3820/3329/3797
f 2146/4293/2146 3686/3450/3664 4796/3449/4760 3883/3448/3860
f 2146/4293/2146 3883/3448/3860 4799/3455/4763 3880/4294/3857
f 2146/4293/2146 3880/4294/3857 4876/3453/4827 3882/3452/3859
f 2146/4293/2146 3882/3452/3859 4797/3451/4761 3686/3450/3664
f 2147/3456/2147 3225/3459/3209 4838/3458/4802 3677/3457/3655
f 2147/3456/2147 3677/3457/3655 4689/3464/4654 3874/3463/3851
f 2147/3456/2147 3874/3463/3851 4688/3462/4653 3877/3461/3854
f 2147/3456/2147 3877/3461/3854 4480/3460/4448 3225/3459/3209
f 2148/4295/2148 3228/3468/3212 4480/3467/4448 3877/3466/3854
f 2148/4295/2148 3877/3466/3854 4688/3473/4653 3685/3472/3663
f 2148/4295/2148 3685/3472/3663 4796/3471/4760 3878/3470/3855
f 2148/4295/2148 3878/3470/3855 4481/3469/4449 3228/3468/3212
f 2149/3474/2149 3227/3477/3211 4481/3476/4449 3878/3475/3855
f 2149/3474/2149 3878/3475/3855 4796/3482/4760 3686/3481/3664
f 2149/3474/2149 3686/3481/3664 4797/3480/4761 3876/3479/3853
f 2149/3474/2149 3876/3479/3853 4839/3478/4803 3227/3477/3211
f 2150/3483/2150 3879/3486/3856 4798/3485/4762 3890/3484/3867
f 2150/3483/2150 3890/3484/3867 4800/3491/4764 3886/3490/3863
f 2150/3483/2150 3886/3490/3863 4801/3489/4765 3889/3488/3866
f 2150/3483/2150 3889/3488/3866 4799/3487/4763 3879/3486/3856
f 2151/4296/2151 3685/3472/3663 4688/3473/4653 3885/3497/3862
f 2151/4296/2151 3885/3497/3862 4798/3485/4762 3879/3486/3856
f 2151/4296/2151 3879/3486/3856 4799/3487/4763 3883/3498/3860
f 2151/4296/2151 3883/3498/3860 4796/3471/4760 3685/3472/3663
f 2152/4297/2152 3874/3502/3851 4689/3501/4654 3884/3500/3861
f 2152/4297/2152 3884/3500/3861 4877/3507/4828 3881/3506/3858
f 2152/4297/2152 3881/3506/3858 4798/3505/4762 3885/3504/3862
f 2152/4297/2152 3885/3504/3862 4688/3503/4653 3874/3502/3851
f 2153/4298/2153 3888/4299/3865 4879/3510/4830 3033/3509/3019
f 2153/4298/2153 3033/3509/3019 4881/3516/4832 3893/3515/3870
f 2153/4298/2153 3893/3515/3870 4802/3514/4766 3894/3513/3871
f 2153/4298/2153 3894/3513/3871 4800/3512/4764 3888/4299/3865
f 2154/3517/2154 3880/4294/3857 4799/3455/4763 3889/3518/3866
f 2154/3517/2154 3889/3518/3866 4801/3522/4765 3887/3521/3864
f 2154/3517/2154 3887/3521/3864 4878/3520/4829 3026/3519/3012
f 2154/3517/2154 3026/3519/3012 4876/3453/4827 3880/4294/3857
f 2155/4300/2155 3881/3506/3858 4877/3507/4828 3027/3524/3013
f 2155/4300/2155 3027/3524/3013 4879/3510/4830 3888/4299/3865
f 2155/4300/2155 3888/4299/3865 4800/3512/4764 3890/3525/3867
f 2155/4300/2155 3890/3525/3867 4798/3505/4762 3881/3506/3858
f 2156/4301/2156 3893/3515/3870 4881/3516/4832 3028/3527/3014
f 2156/4301/2156 3028/3527/3014 4880/3531/4831 3892/3530/3869
f 2156/4301/2156 3892/3530/3869 4803/3529/4767 3891/3528/3868
f 2156/4301/2156 3891/3528/3868 4802/3514/4766 3893/3515/3870
f 2157/4302/2157 3886/3490/3863 4800/3491/4764 3894/3533/3871
f 2157/4302/2157 3894/3533/3871 4802/3537/4766 3891/3536/3868
f 2157/4302/2157 3891/3536/3868 4803/3535/4767 3895/3534/3872
f 2157/4302/2157 3895/3534/3872 4801/3489/4765 3886/3490/3863
f 2158/4303/2158 3887/3521/3864 4801/3522/4765 3895/3539/3872
f 2158/4303/2158 3895/3539/3872 4803/3543/4767 3892/3542/3869
f 2158/4303/2158 3892/3542/3869 4880/3541/4831 3035/3540/3021
f 2158/4303/2158 3035/3540/3021 4878/3520/4829 3887/3521/3864
f 1360/3544/1360 2272/3547/2269 4818/3546/4782 3896/3545/3873
f 1360/3544/1360 3896/3545/3873 4819/3552/4783 3897/3551/3874
f 1360/3544/1360 3897/3551/3874 4821/4304/4785 2271/4305/2268
f 2159/4306/1512 2275/4307/1512 4820/4308/4784 2271/4305/2268
f 2159/4306/1512 2271/4305/2268 4821/4304/4785 2276/4309/2272
f 2159/4306/1512 2276/4309/2272 4823/4310/4787 2274/4311/2271
f 2159/4306/1512 2274/4311/2271 4822/4312/4786 2275/4307/1512
f 1361/3553/1361 2672/3554/2664 4863/3561/4820 3899/3560/3876
f 1361/3553/1361 3899/3560/3876 4825/3559/4789 3898/3558/3875
f 1361/3553/1361 3898/3558/3875 4824/3557/4788 2638/3556/2630
f 4876/4313/4827 3016/3941/3003 3882/3940/3859
f 2160/3566/2159 2278/4314/2274 4822/4312/4786 2274/4311/2271
f 2160/3566/2159 2274/4311/2271 4823/4310/4787 3900/3567/3877
f 2160/3566/2159 3900/3567/3877 4863/3561/4820 2672/3554/2664
f 2161/4315/1950 3026/4316/3012 4876/4317/4827 3012/4318/2999
f 2161/4315/1950 3012/4318/2999 4877/4319/4828 3027/4320/3013
f 2161/4315/1950 3027/4320/3013 4879/4321/4830 3020/4322/1950
f 2161/4315/1950 3020/4322/1950 4878/4323/4829 3026/4316/3012
f 2162/4324/1950 3035/4325/3021 4878/4323/4829 3020/4322/1950
f 2162/4324/1950 3020/4322/1950 4879/4321/4830 3033/4326/3019
f 2162/4324/1950 3033/4326/3019 4881/4327/4832 3028/4328/3014
f 2162/4324/1950 3028/4328/3014 4880/4329/4831 3035/4325/3021
f 2163/3570/2160 3694/2989/3672 4690/2981/4655 3902/3571/3879
f 2163/3570/2160 3902/3571/3879 4871/3575/4824 3904/3574/3881
f 2163/3570/2160 3904/3574/3881 4885/3573/4836 3901/3572/3878
f 2163/3570/2160 3901/3572/3878 4484/2872/4452 3694/2989/3672
f 2164/3576/2161 3231/3577/3215 4484/2872/4452 3901/3572/3878
f 2164/3576/2161 3901/3572/3878 4885/3573/4836 3905/3581/3882
f 2164/3576/2161 3905/3581/3882 4884/3580/4835 3044/3579/3030
f 2164/3576/2161 3044/3579/3030 4842/3578/4806 3231/3577/3215
f 2165/4330/2162 3230/3585/3214 4841/3584/4805 2827/3583/2815
f 2165/4330/2162 2827/3583/2815 4882/3589/4833 3906/3588/3883
f 2165/4330/2162 3906/3588/3883 4883/3587/4834 3903/4331/3880
f 2165/4330/2162 3903/4331/3880 4483/2983/4451 3230/3585/3214
f 2166/3590/2163 3696/2982/3674 4483/2983/4451 3903/4331/3880
f 2166/3590/2163 3903/4331/3880 4883/3587/4834 3907/3591/3884
f 2166/3590/2163 3907/3591/3884 4871/3575/4824 3902/3571/3879
f 2166/3590/2163 3902/3571/3879 4690/2981/4655 3696/2982/3674
f 2167/4332/2164 5623/3595/5511 4897/3594/4848 3923/4333/3900
f 2167/4332/2164 3923/4333/3900 4921/3600/4871 3920/3599/3897
f 2167/4332/2164 3920/3599/3897 4911/3598/4861 3910/3597/3887
f 2167/4332/2164 3910/3597/3887 4896/3596/4847 5623/3595/5511
f 2168/3601/2165 5628/3604/5514 4902/3603/4852 3931/3602/3908
f 2168/3601/2165 3931/3602/3908 4910/3609/4860 3929/3608/3906
f 2168/3601/2165 3929/3608/3906 4891/3607/4842 3911/3606/3888
f 2168/3601/2165 3911/3606/3888 4912/3605/4862 5628/3604/5514
f 2169/4334/2166 3921/3613/3898 4908/3612/4858 3930/3611/3907
f 2169/4334/2166 3930/3611/3907 5679/3618/5559 5627/3617/5513
f 2169/4334/2166 5627/3617/5513 4914/3616/4864 3913/3615/3890
f 2169/4334/2166 3913/3615/3890 4890/3614/4841 3921/3613/3898
f 2170/3619/2167 3919/3622/3896 4920/3621/4870 3922/4335/3899
f 2170/3619/2167 3922/4335/3899 5675/3627/5555 5622/3626/5510
f 2170/3619/2167 5622/3626/5510 4892/3625/4843 3912/3624/3889
f 2170/3619/2167 3912/3624/3889 4909/3623/4859 3919/3622/3896
f 2171/4336/2168 3932/3631/3909 4903/3630/4853 3940/3629/3917
f 2171/4336/2168 3940/3629/3917 4906/3636/4856 3935/3635/3912
f 2171/4336/2168 3935/3635/3912 5672/3634/5552 3916/4337/3893
f 2171/4336/2168 3916/4337/3893 4917/3632/4867 3932/3631/3909
f 2172/4338/2169 3936/3640/3913 4907/3639/4857 3939/3638/3916
f 2172/4338/2169 3939/3638/3916 4905/3645/4855 3934/3644/3911
f 2172/4338/2169 3934/3644/3911 4919/3643/4869 3917/3642/3894
f 2172/4338/2169 3917/3642/3894 5673/3641/5553 3936/3640/3913
f 2173/4339/2170 3935/3635/3912 4906/3636/4856 3938/3647/3915
f 2173/4339/2170 3938/3647/3915 4904/3651/4854 3933/3650/3910
f 2173/4339/2170 3933/3650/3910 4894/3649/4845 5618/3648/5506
f 2173/4339/2170 5618/3648/5506 5672/3634/5552 3935/3635/3912
f 2174/3652/2171 3933/3655/3910 4904/3654/4854 3937/3653/3914
f 2174/3652/2171 3937/3653/3914 4907/3660/4857 3936/3659/3913
f 2174/3652/2171 3936/3659/3913 5673/3658/5553 5619/3657/5507
f 2174/3652/2171 5619/3657/5507 4894/3656/4845 3933/3655/3910
f 2175/4340/2172 3924/3664/3901 4916/3663/4866 3928/4341/3905
f 2175/4340/2172 3928/4341/3905 5677/3666/5557 5625/3665/5512
f 2175/4340/2172 5625/3665/5512 5675/3627/5555 3922/4335/3899
f 2175/4340/2172 3922/4335/3899 4920/3621/4870 3924/3664/3901
f 2176/4342/2173 3926/3670/3903 4900/3669/4850 3927/3668/3904
f 2176/4342/2173 3927/3668/3904 4918/3672/4868 3925/3671/3902
f 2176/4342/2173 3925/3671/3902 4921/3600/4871 3923/4333/3900
f 2176/4342/2173 3923/4333/3900 4897/3594/4848 3926/3670/3903
f 2177/3673/2174 5621/3676/5509 5673/3675/5553 3917/3674/3894
f 2177/3673/2174 3917/3674/3894 4919/3681/4869 3915/3680/3892
f 2177/3673/2174 3915/3680/3892 4918/3679/4868 3927/3678/3904
f 2177/3673/2174 3927/3678/3904 4900/3677/4850 5621/3676/5509
f 2178/4343/2175 3914/3683/3891 4917/3632/4867 3916/4337/3893
f 2178/4343/2175 3916/4337/3893 5672/3634/5552 5617/3684/5505
f 2178/4343/2175 5617/3684/5505 5677/3666/5557 3928/4341/3905
f 2178/4343/2175 3928/4341/3905 4916/3663/4866 3914/3683/3891
f 2179/3685/2176 3908/3686/3885 4909/3623/4859 3912/3624/3889
f 2179/3685/2176 3912/3624/3889 4892/3625/4843 5615/3687/5503
f 2179/3685/2176 5615/3687/5503 5679/3618/5559 3930/3611/3907
f 2179/3685/2176 3930/3611/3907 4908/3612/4858 3908/3686/3885
f 2180/3688/2177 5620/3689/5508 4896/3596/4847 3910/3597/3887
f 2180/3688/2177 3910/3597/3887 4911/3598/4861 3909/3690/3886
f 2180/3688/2177 3909/3690/3886 4910/3609/4860 3931/3602/3908
f 2180/3688/2177 3931/3602/3908 4902/3603/4852 5620/3689/5508
f 2181/3691/2178 3958/3694/3935 4925/3693/1950 3991/3692/3966
f 2181/3691/2178 3991/3692/3966 4909/3623/4859 3908/3686/3885
f 2181/3691/2178 3908/3686/3885 4908/3612/4858 3992/3696/3967
f 2181/3691/2178 3992/3696/3967 4935/3695/4883 3958/3694/3935
f 2182/3697/2179 3981/3700/3957 4901/3699/4851 3944/3698/3921
f 2182/3697/2179 3944/3698/3921 4910/3705/4860 3909/3704/3886
f 2182/3697/2179 3909/3704/3886 4911/3703/4861 3993/3702/3968
f 2182/3697/2179 3993/3702/3968 4926/3701/4875 3981/3700/3957
f 2183/4344/2180 3982/3709/3958 4930/3708/4879 3994/3707/3969
f 2183/4344/2180 3994/3707/3969 4912/3714/4862 3911/3713/3888
f 2183/4344/2180 3911/3713/3888 4891/3712/4842 3945/4345/3922
f 2183/4344/2180 3945/4345/3922 4913/3710/4863 3982/3709/3958
f 2184/3715/2181 3960/4346/3937 4928/3717/4877 3995/3716/3970
f 2184/3715/2181 3995/3716/3970 4914/3616/4864 5612/3722/5502
f 2184/3715/2181 5612/3722/5502 5670/3721/5550 3996/4347/3971
f 2184/3715/2181 3996/4347/3971 4936/3719/4884 3960/4346/3937
f 2185/3723/2182 3983/3726/3959 4915/3725/4865 3946/3724/3923
f 2185/3723/2182 3946/3724/3923 4890/3614/4841 3913/3615/3890
f 2185/3723/2182 3913/3615/3890 4914/3616/4864 3995/3716/3970
f 2185/3723/2182 3995/3716/3970 4928/3717/4877 3983/3726/3959
f 2186/4348/2183 3941/3730/3918 4893/3729/4844 3947/3728/3924
f 2186/4348/2183 3947/3728/3924 4917/3632/4867 3914/3683/3891
f 2186/4348/2183 3914/3683/3891 4916/3663/4866 3948/3732/3925
f 2186/4348/2183 3948/3732/3925 4898/3731/1950 3941/3730/3918
f 2187/3733/2184 3942/4349/3919 4899/3735/4849 3949/3734/3926
f 2187/3733/2184 3949/3734/3926 4918/3679/4868 3915/3680/3892
f 2187/3733/2184 3915/3680/3892 4919/3681/4869 3950/3738/3927
f 2187/3733/2184 3950/3738/3927 4895/3737/4846 3942/4349/3919
f 2188/4350/2185 3961/3740/3938 4936/3719/4884 3996/4347/3971
f 2188/4350/2185 3996/4347/3971 5670/3721/5550 3918/3744/3895
f 2188/4350/2185 3918/3744/3895 4912/3743/4862 3994/3742/3969
f 2188/4350/2185 3994/3742/3969 4930/3741/4879 3961/3740/3938
f 2189/3745/2186 3963/3748/1950 4932/3747/1950 3997/3746/3972
f 2189/3745/2186 3997/3746/3972 4920/3621/4870 3919/3622/3896
f 2189/3745/2186 3919/3622/3896 4909/3623/4859 3991/3692/3966
f 2189/3745/2186 3991/3692/3966 4925/3693/1950 3963/3748/1950
f 2190/3749/2187 3964/4351/3940 4926/3701/4875 3993/3702/3968
f 2190/3749/2187 3993/3702/3968 4911/3703/4861 3920/3754/3897
f 2190/3749/2187 3920/3754/3897 4921/3753/4871 3998/3752/3973
f 2190/3749/2187 3998/3752/3973 4933/3751/4881 3964/4351/3940
f 2191/3755/2188 3984/3756/3960 4935/3695/4883 3992/3696/3967
f 2191/3755/2188 3992/3696/3967 4908/3612/4858 3921/3613/3898
f 2191/3755/2188 3921/3613/3898 4890/3614/4841 3946/3724/3923
f 2191/3755/2188 3946/3724/3923 4915/3725/4865 3984/3756/3960
f 2192/3757/2189 3985/3758/1950 4898/3731/1950 3948/3732/3925
f 2192/3757/2189 3948/3732/3925 4916/3663/4866 3924/3664/3901
f 2192/3757/2189 3924/3664/3901 4920/3621/4870 3997/3746/3972
f 2192/3757/2189 3997/3746/3972 4932/3747/1950 3985/3758/1950
f 2193/4352/2190 3986/3760/3961 4933/3751/4881 3998/3752/3973
f 2193/4352/2190 3998/3752/3973 4921/3753/4871 3925/3761/3902
f 2193/4352/2190 3925/3761/3902 4918/3679/4868 3949/3734/3926
f 2193/4352/2190 3949/3734/3926 4899/3735/4849 3986/3760/3961
f 2194/4353/2191 3943/4354/3920 4913/3710/4863 3945/4345/3922
f 2194/4353/2191 3945/4345/3922 4891/3712/4842 3929/3764/3906
f 2194/4353/2191 3929/3764/3906 4910/3705/4860 3944/3698/3921
f 2194/4353/2191 3944/3698/3921 4901/3699/4851 3943/4354/3920
f 2195/4355/2192 3987/3768/3962 4937/3767/4885 3999/3766/3974
f 2195/4355/2192 3999/3766/3974 4903/3630/4853 3932/3631/3909
f 2195/4355/2192 3932/3631/3909 4917/3632/4867 3947/3728/3924
f 2195/4355/2192 3947/3728/3924 4893/3729/4844 3987/3768/3962
f 2196/3769/2193 3988/3770/3963 4895/3737/4846 3950/3738/3927
f 2196/3769/2193 3950/3738/3927 4919/3681/4869 3934/3774/3911
f 2196/3769/2193 3934/3774/3911 4905/3773/4855 4000/3772/3975
f 2196/3769/2193 4000/3772/3975 4938/3771/4886 3988/3770/3963
f 2197/4356/2194 3989/3778/3964 4922/3777/4872 3951/3776/3928
f 2197/4356/2194 3951/3776/3928 4907/3639/4857 3937/3781/3914
f 2197/4356/2194 3937/3781/3914 4904/3651/4854 4001/3780/3976
f 2197/4356/2194 4001/3780/3976 4939/3779/4887 3989/3778/3964
f 2198/4357/2195 3965/3783/3941 4939/3779/4887 4001/3780/3976
f 2198/4357/2195 4001/3780/3976 4904/3651/4854 3938/3647/3915
f 2198/4357/2195 3938/3647/3915 4906/3636/4856 4002/3785/3977
f 2198/4357/2195 4002/3785/3977 4940/3784/4888 3965/3783/3941
f 2199/4358/2196 3990/4359/3965 4938/3788/4886 4000/3787/3975
f 2199/4358/2196 4000/3787/3975 4905/3645/4855 3939/3638/3916
f 2199/4358/2196 3939/3638/3916 4907/3639/4857 3951/3776/3928
f 2199/4358/2196 3951/3776/3928 4922/3777/4872 3990/4359/3965
f 2200/3790/2197 3966/3791/3942 4940/3784/4888 4002/3785/3977
f 2200/3790/2197 4002/3785/3977 4906/3636/4856 3940/3629/3917
f 2200/3790/2197 3940/3629/3917 4903/3630/4853 3999/3766/3974
f 2200/3790/2197 3999/3766/3974 4937/3767/4885 3966/3791/3942
f 2201/3792/2198 5271/3795/5161 5339/3794/5229 3956/3793/3933
f 2201/3792/2198 3956/3793/3933 4932/3747/1950 3963/3748/1950
f 2201/3792/2198 3963/3748/1950 4925/3693/1950 4004/3797/3979
f 2201/3792/2198 4004/3797/3979 4500/3796/4468 5271/3795/5161
f 2202/4360/2199 5266/3801/5156 4519/3800/4487 4010/4361/3985
f 2202/4360/2199 4010/4361/3985 4915/3725/4865 4007/3805/3982
f 2202/4360/2199 4007/3805/3982 5335/3804/5225 3959/3803/3936
f 2202/4360/2199 3959/3803/3936 4923/3802/4873 5266/3801/5156
f 2203/4362/2200 3952/3807/3929 4928/3717/4877 3960/4346/3937
f 2203/4362/2200 3960/4346/3937 4936/3719/4884 4008/4363/3983
f 2203/4362/2200 4008/4363/3983 4510/3810/4478 5268/4364/5158
f 2203/4362/2200 5268/4364/5158 5337/3808/5227 3952/3807/3929
f 2204/4365/2201 3954/3813/3931 4930/3708/4879 3982/3709/3958
f 2204/4365/2201 3982/3709/3958 4913/3710/4863 4009/3817/3984
f 2204/4365/2201 4009/3817/3984 5336/3816/5226 5262/3815/5152
f 2204/4365/2201 5262/3815/5152 4929/3814/4878 3954/3813/3931
f 2205/4366/2202 5232/3821/5122 4660/4367/4625 4019/3819/3994
f 2205/4366/2202 4019/3819/3994 4935/3695/4883 3984/3756/3960
f 2205/4366/2202 3984/3756/3960 4915/3725/4865 4010/4361/3985
f 2205/4366/2202 4010/4361/3985 4519/3800/4487 5232/3821/5122
f 2206/3822/2203 4007/3805/3982 4915/3725/4865 3983/3726/3959
f 2206/3822/2203 3983/3726/3959 4928/3717/4877 3952/3807/3929
f 2206/3822/2203 3952/3807/3929 5337/3808/5227 5261/3823/5151
f 2206/3822/2203 5261/3823/5151 5335/3804/5225 4007/3805/3982
f 2207/3824/2204 3719/3827/3696 5316/3826/5206 4020/3825/3995
f 2207/3824/2204 4020/3825/3995 4937/3767/4885 3987/3768/3962
f 2207/3824/2204 3987/3768/3962 4893/3729/4844 4011/3829/3986
f 2207/3824/2204 4011/3829/3986 4603/3828/4570 3719/3827/3696
f 2208/3830/2205 4008/4363/3983 4936/3719/4884 3961/3740/3938
f 2208/3830/2205 3961/3740/3938 4930/3741/4879 3954/3833/3931
f 2208/3830/2205 3954/3833/3931 4929/3832/4878 3969/3831/3945
f 2208/3830/2205 3969/3831/3945 4510/3810/4478 4008/4363/3983
f 2209/3834/2206 3988/3770/3963 4938/3771/4886 3957/4368/3934
f 2209/3834/2206 3957/4368/3934 5340/3839/5230 5263/3838/5153
f 2209/3834/2206 5263/3838/5153 5341/3837/5231 4014/3836/3989
f 2209/3834/2206 4014/3836/3989 4895/3737/4846 3988/3770/3963
f 2210/3840/2207 3943/4354/3920 4901/3699/4851 4018/4369/3993
f 2210/3840/2207 4018/4369/3993 5315/3845/5205 5234/3844/5124
f 2210/3840/2207 5234/3844/5124 5313/3843/5203 4013/3842/3988
f 2210/3840/2207 4013/3842/3988 4913/3710/4863 3943/4354/3920
f 2211/4370/2208 4009/3817/3984 4913/3710/4863 4013/3842/3988
f 2211/4370/2208 4013/3842/3988 5313/3843/5203 5233/3849/5123
f 2211/4370/2208 5233/3849/5123 4629/3848/4595 3970/3847/3946
f 2211/4370/2208 3970/3847/3946 5336/3816/5226 4009/3817/3984
f 2212/4371/2209 3964/4351/3940 4933/3751/4881 4015/3851/3990
f 2212/4371/2209 4015/3851/3990 5314/3855/5204 3972/3854/3948
f 2212/4371/2209 3972/3854/3948 4931/3853/4880 3955/4372/3932
f 2212/4371/2209 3955/4372/3932 4926/3701/4875 3964/4351/3940
f 2213/4373/2210 3986/3760/3961 4899/3735/4849 4017/4374/3992
f 2213/4373/2210 4017/4374/3992 4934/3859/4882 3974/3858/3950
f 2213/4373/2210 3974/3858/3950 5314/3855/5204 4015/3851/3990
f 2213/4373/2210 4015/3851/3990 4933/3751/4881 3986/3760/3961
f 2214/4375/2211 3973/4376/3949 4658/3862/4623 4016/3861/3991
f 2214/4375/2211 4016/3861/3991 4898/3731/1950 3985/3758/1950
f 2214/4375/2211 3985/3758/1950 4932/3747/1950 3956/3793/3933
f 2214/4375/2211 3956/3793/3933 5339/3794/5229 3973/4376/3949
f 2215/4377/2212 5231/3865/5121 4603/3828/4570 4011/3829/3986
f 2215/4377/2212 4011/3829/3986 4893/3729/4844 3941/3730/3918
f 2215/4377/2212 3941/3730/3918 4898/3731/1950 4016/3861/3991
f 2215/4377/2212 4016/3861/3991 4658/3862/4623 5231/3865/5121
f 2216/4378/2213 3942/4349/3919 4895/3737/4846 4014/3836/3989
f 2216/4378/2213 4014/3836/3989 5341/3837/5231 3962/3867/3939
f 2216/4378/2213 3962/3867/3939 4934/3859/4882 4017/4374/3992
f 2216/4378/2213 4017/4374/3992 4899/3735/4849 3942/4349/3919
f 2217/4379/2214 3981/3700/3957 4926/3701/4875 3955/4372/3932
f 2217/4379/2214 3955/4372/3932 4931/3853/4880 3971/3869/3947
f 2217/4379/2214 3971/3869/3947 5315/3845/5205 4018/4369/3993
f 2217/4379/2214 4018/4369/3993 4901/3699/4851 3981/3700/3957
f 2218/4380/2215 3718/3871/3695 4500/3796/4468 4004/3797/3979
f 2218/4380/2215 4004/3797/3979 4925/3693/1950 3958/3694/3935
f 2218/4380/2215 3958/3694/3935 4935/3695/4883 4019/3819/3994
f 2218/4380/2215 4019/3819/3994 4660/4367/4625 3718/3871/3695
f 2219/4381/2216 4006/3875/3981 5317/3874/5207 5230/3873/5120
f 2219/4381/2216 5230/3873/5120 5312/3877/5202 5270/4382/5160
f 2219/4381/2216 5270/4382/5160 5340/3839/5230 3957/4368/3934
f 2219/4381/2216 3957/4368/3934 4938/3771/4886 4006/3875/3981
f 2220/4383/2217 4005/3881/3980 4705/3880/4669 3968/3879/3944
f 2220/4383/2217 3968/3879/3944 5338/3886/5228 4012/3885/3987
f 2220/4383/2217 4012/3885/3987 4922/3884/4872 3989/3883/3964
f 2220/4383/2217 3989/3883/3964 4939/3882/4887 4005/3881/3980
f 2221/3887/2218 3967/3890/3943 4924/3889/4874 5264/3888/5154
f 2221/3887/2218 5264/3888/5154 4701/3892/4665 4003/3891/3978
f 2221/3887/2218 4003/3891/3978 4937/3767/4885 4020/3825/3995
f 2221/3887/2218 4020/3825/3995 5316/3826/5206 3967/3890/3943
f 2222/3893/2219 3953/3896/3930 4927/3895/4876 5267/3894/5157
f 2222/3893/2219 5267/3894/5157 4705/3898/4669 4005/3897/3980
f 2222/3893/2219 4005/3897/3980 4939/3779/4887 3965/3783/3941
f 2222/3893/2219 3965/3783/3941 4940/3784/4888 3953/3896/3930
f 2223/3899/2220 4012/3902/3987 5338/3901/5228 5269/3900/5159
f 2223/3899/2220 5269/3900/5159 5317/3904/5207 4006/3903/3981
f 2223/3899/2220 4006/3903/3981 4938/3788/4886 3990/4359/3965
f 2223/3899/2220 3990/4359/3965 4922/3777/4872 4012/3902/3987
f 2224/4384/2221 4003/3891/3978 4701/3892/4665 5265/3906/5155
f 2224/4384/2221 5265/3906/5155 4927/3895/4876 3953/3896/3930
f 2224/4384/2221 3953/3896/3930 4940/3784/4888 3966/3791/3942
f 2224/4384/2221 3966/3791/3942 4937/3767/4885 4003/3891/3978
f 4941/4385/4889 4957/4386/4905 4962/4387/4910
f 4942/4388/4890 4958/4389/4906 4964/4390/4912
f 4943/4391/4891 4959/4392/4907 4965/4393/4913
f 4944/4394/4892 4960/4395/4908 4966/4396/4914
f 4945/4397/4893 4961/4398/4909 4963/4399/4911
f 4963/4399/4911 4966/4400/4914 4946/4401/4894
f 4963/4399/4911 4961/4398/4909 4966/4400/4914
f 4961/4402/4909 4944/4394/4892 4966/4396/4914
f 4966/4403/4914 4965/4393/4913 4946/4404/4894
f 4966/4403/4914 4960/4405/4908 4965/4393/4913
f 4960/4405/4908 4943/4391/4891 4965/4393/4913
f 4965/4393/4913 4964/4406/4912 4946/4404/4894
f 4965/4393/4913 4959/4392/4907 4964/4406/4912
f 4959/4392/4907 4942/4407/4890 4964/4406/4912
f 4964/4406/4912 4962/4408/4910 4946/4404/4894
f 4964/4406/4912 4958/4409/4906 4962/4408/4910
f 4958/4389/4906 4941/4410/4889 4962/4411/4910
f 4962/4387/4910 4963/4399/4911 4946/4401/4894
f 4962/4387/4910 4957/4386/4905 4963/4399/4911
f 4957/4386/4905 4945/4397/4893 4963/4399/4911
f 4948/4412/4896 4961/4398/4909 4945/4397/4893
f 4948/4413/4896 4955/4414/4903 4961/4402/4909
f 4955/4414/4903 4944/4394/4892 4961/4402/4909
f 4956/4415/4904 4960/4395/4908 4944/4394/4892
f 4956/4415/4904 4953/4416/4901 4960/4395/4908
f 4953/4417/4901 4943/4391/4891 4960/4405/4908
f 4954/4418/4902 4959/4419/4907 4943/4420/4891
f 4954/4418/4902 4951/4421/4899 4959/4419/4907
f 4951/4421/4899 4942/4422/4890 4959/4419/4907
f 4952/4423/4900 4958/4389/4906 4942/4388/4890
f 4952/4423/4900 5020/4424/4968 4949/4425/4897 4958/4389/4906
f 4949/4425/4897 4941/4410/4889 4958/4389/4906
f 4950/4426/4898 4957/4386/4905 4941/4385/4889
f 4950/4426/4898 4947/4427/4895 4957/4386/4905
f 4947/4427/4895 4945/4397/4893 4957/4386/4905
f 4955/4414/4903 4956/4415/4904 4944/4394/4892
f 4953/4428/4901 4954/4418/4902 4943/4420/4891
f 4951/4429/4899 4952/4423/4900 4942/4388/4890
f 4949/4425/4897 5014/4430/4962 4950/4431/4898 4941/4410/4889
f 4947/4427/4895 4948/4412/4896 4945/4397/4893
f 4956/4415/4904 4955/4414/4903 4974/4432/4922 4975/4433/4923
f 4948/4412/4896 4947/4427/4895 4967/4434/4915 4968/4435/4916
f 4954/4418/4902 4953/4428/4901 4972/4436/4920 4973/4437/4921
f 4947/4427/4895 4950/4426/4898 4969/4438/4917 4967/4434/4915
f 5020/4424/4968 4952/4423/4900 4971/4439/4919 5021/4440/4969
f 4952/4423/4900 4951/4429/4899 4970/4441/4918 4971/4439/4919
f 4951/4421/4899 4954/4418/4902 4973/4437/4921 4970/4442/4918
f 4953/4416/4901 4956/4415/4904 4975/4433/4923 4972/4443/4920
f 4955/4414/4903 4948/4413/4896 4968/4444/4916 4974/4432/4922
f 4975/4433/4923 4974/4432/4922 4983/4445/4931 4984/4446/4932
f 4970/4442/4918 4973/4437/4921 4982/4447/4930 4979/4448/4927
f 4968/4435/4916 4967/4434/4915 4976/4449/4924 4977/4450/4925
f 4973/4437/4921 4972/4436/4920 4981/4451/4929 4982/4447/4930
f 5021/4440/4969 4971/4439/4919 4980/4452/4928 5022/4453/4970
f 4974/4432/4922 4968/4444/4916 4977/4454/4925 4983/4445/4931
f 4971/4439/4919 4970/4441/4918 4979/4455/4927 4980/4452/4928
f 4967/4434/4915 4969/4438/4917 4978/4456/4926 4976/4449/4924
f 4972/4443/4920 4975/4433/4923 4984/4446/4932 4981/4457/4929
f 4979/4448/4927 4982/4447/4930 4991/4458/4939 4988/4459/4936
f 4977/4450/4925 4976/4449/4924 4985/4460/4933 4986/4461/4934
f 4982/4447/4930 4981/4451/4929 4990/4462/4938 4991/4458/4939
f 5022/4453/4970 4980/4452/4928 4989/4463/4937 5023/4464/4971
f 4983/4445/4931 4977/4454/4925 4986/4465/4934 4992/4466/4940
f 4980/4452/4928 4979/4455/4927 4988/4467/4936 4989/4463/4937
f 4976/4449/4924 4978/4456/4926 4987/4468/4935 4985/4460/4933
f 4981/4457/4929 4984/4446/4932 4993/4469/4941 4990/4470/4938
f 4984/4446/4932 4983/4445/4931 4992/4466/4940 4993/4469/4941
f 4991/4471/4939 4990/4470/4938 5000/4472/4948 5001/4473/4949
f 5023/4464/4971 4989/4463/4937 4999/4474/4947 5024/4475/4972
f 4992/4466/4940 4986/4465/4934 4995/4476/4943 5002/4477/4950
f 4989/4463/4937 4988/4467/4936 4998/4478/4946 4999/4474/4947
f 4985/4460/4933 4987/4468/4935 4997/4479/4945 4994/4480/4942
f 4990/4470/4938 4993/4469/4941 5003/4481/4951 5000/4472/4948
f 4993/4469/4941 4992/4466/4940 5002/4477/4950 5003/4481/4951
f 4988/4459/4936 4991/4458/4939 5001/4482/4949 4998/4483/4946
f 4986/4461/4934 4985/4460/4933 4994/4480/4942 4995/4484/4943
f 5024/4475/4972 4999/4474/4947 5009/4485/4957 5025/4486/4973
f 5002/4477/4950 4995/4476/4943 5005/4487/4953 5012/4488/4960
f 4999/4474/4947 4998/4478/4946 5008/4489/4956 5009/4485/4957
f 4994/4490/4942 4997/4491/4945 5007/4492/4955 5004/4493/4952
f 5000/4472/4948 5003/4481/4951 5013/4494/4961 5010/4495/4958
f 5018/4496/4966 4996/4497/4944 5006/4498/4954 5019/4499/4967
f 5003/4481/4951 5002/4477/4950 5012/4488/4960 5013/4494/4961
f 4998/4483/4946 5001/4482/4949 5011/4500/4959 5008/4501/4956
f 4995/4484/4943 4994/4480/4942 5004/4502/4952 5005/4503/4953
f 5001/4473/4949 5000/4472/4948 5010/4495/4958 5011/4504/4959
f 4997/4491/4945 5018/4496/4966 5019/4499/4967 5007/4492/4955
f 4987/4505/4935 5017/4506/4965 5018/4496/4966 4997/4491/4945
f 4978/4507/4926 5016/4508/4964 5017/4506/4965 4987/4505/4935
f 4969/4509/4917 5015/4510/4963 5016/4508/4964 4978/4507/4926
f 4950/4431/4898 5014/4430/4962 5015/4510/4963 4969/4509/4917
f 4996/4497/4944 5024/4475/4972 5025/4486/4973 5006/4498/4954
f 5005/4511/4953 5004/4512/4952 5007/4513/4955 5019/4514/4967 5006/4515/4954 5025/4516/4973 5009/4517/4957 5008/4518/4956 5011/4519/4959 5010/4520/4958 5013/4521/4961 5012/4522/4960
f 5026/4385/4974 5047/4387/4994 5042/4386/4989
f 5027/4388/4975 5049/4390/4996 5043/4389/4990
f 5028/4391/4976 5050/4393/4997 5044/4392/4991
f 5029/4394/4977 5051/4396/4998 5045/4395/4992
f 5030/4397/4978 5048/4399/4995 5046/4398/4993
f 5048/4399/4995 5031/4401/4894 5051/4400/4998
f 5048/4399/4995 5051/4400/4998 5046/4398/4993
f 5046/4402/4993 5051/4396/4998 5029/4394/4977
f 5051/4403/4998 5031/4404/4894 5050/4393/4997
f 5051/4403/4998 5050/4393/4997 5045/4405/4992
f 5045/4405/4992 5050/4393/4997 5028/4391/4976
f 5050/4393/4997 5031/4404/4894 5049/4406/4996
f 5050/4393/4997 5049/4406/4996 5044/4392/4991
f 5044/4392/4991 5049/4406/4996 5027/4407/4975
f 5049/4406/4996 5031/4404/4894 5047/4408/4994
f 5049/4406/4996 5047/4408/4994 5043/4409/4990
f 5043/4389/4990 5047/4411/4994 5026/4410/4974
f 5047/4387/4994 5031/4401/4894 5048/4399/4995
f 5047/4387/4994 5048/4399/4995 5042/4386/4989
f 5042/4386/4989 5048/4399/4995 5030/4397/4978
f 5033/4412/4980 5030/4397/4978 5046/4398/4993
f 5033/4413/4980 5046/4402/4993 5040/4414/4987
f 5040/4414/4987 5046/4402/4993 5029/4394/4977
f 5041/4415/4988 5029/4394/4977 5045/4395/4992
f 5041/4415/4988 5045/4395/4992 5038/4416/4985
f 5038/4417/4985 5045/4405/4992 5028/4391/4976
f 5039/4418/4986 5028/4420/4976 5044/4419/4991
f 5039/4418/4986 5044/4419/4991 5036/4421/4983
f 5036/4421/4983 5044/4419/4991 5027/4422/4975
f 5037/4423/4984 5027/4388/4975 5043/4389/4990
f 5037/4423/4984 5043/4389/4990 5034/4425/4981 5105/4424/5000
f 5034/4425/4981 5043/4389/4990 5026/4410/4974
f 5035/4426/4982 5026/4385/4974 5042/4386/4989
f 5035/4426/4982 5042/4386/4989 5032/4427/4979
f 5032/4427/4979 5042/4386/4989 5030/4397/4978
f 5040/4414/4987 5029/4394/4977 5041/4415/4988
f 5038/4428/4985 5028/4420/4976 5039/4418/4986
f 5036/4429/4983 5027/4388/4975 5037/4423/4984
f 5034/4425/4981 5026/4410/4974 5035/4431/4982 5099/4430/4999
f 5032/4427/4979 5030/4397/4978 5033/4412/4980
f 5041/4415/4988 5060/4433/4923 5059/4432/4920 5040/4414/4987
f 5033/4412/4980 5053/4435/4921 5052/4434/4918 5032/4427/4979
f 5039/4418/4986 5058/4437/4916 5057/4436/4922 5038/4428/4985
f 5032/4427/4979 5052/4434/4918 5054/4438/4919 5035/4426/4982
f 5105/4424/5000 5106/4440/4963 5056/4439/4917 5037/4423/4984
f 5037/4423/4984 5056/4439/4917 5055/4441/4915 5036/4429/4983
f 5036/4421/4983 5055/4442/4915 5058/4437/4916 5039/4418/4986
f 5038/4416/4985 5057/4443/4922 5060/4433/4923 5041/4415/4988
f 5040/4414/4987 5059/4432/4920 5053/4444/4921 5033/4413/4980
f 5060/4433/4923 5069/4446/4932 5068/4445/4929 5059/4432/4920
f 5055/4442/4915 5064/4448/4924 5067/4447/4925 5058/4437/4916
f 5053/4435/4921 5062/4450/4930 5061/4449/4927 5052/4434/4918
f 5058/4437/4916 5067/4447/4925 5066/4451/4931 5057/4436/4922
f 5106/4440/4963 5107/4453/4964 5065/4452/4926 5056/4439/4917
f 5059/4432/4920 5068/4445/4929 5062/4454/4930 5053/4444/4921
f 5056/4439/4917 5065/4452/4926 5064/4455/4924 5055/4441/4915
f 5052/4434/4918 5061/4449/4927 5063/4456/4928 5054/4438/4919
f 5057/4443/4922 5066/4457/4931 5069/4446/4932 5060/4433/4923
f 5064/4448/4924 5073/4459/4933 5076/4458/4934 5067/4447/4925
f 5062/4450/4930 5071/4461/4939 5070/4460/4936 5061/4449/4927
f 5067/4447/4925 5076/4458/4934 5075/4462/4940 5066/4451/4931
f 5107/4453/4964 5108/4464/4965 5074/4463/4935 5065/4452/4926
f 5068/4445/4929 5077/4466/4938 5071/4465/4939 5062/4454/4930
f 5065/4452/4926 5074/4463/4935 5073/4467/4933 5064/4455/4924
f 5061/4449/4927 5070/4460/4936 5072/4468/4937 5063/4456/4928
f 5066/4457/4931 5075/4470/4940 5078/4469/4941 5069/4446/4932
f 5069/4446/4932 5078/4469/4941 5077/4466/4938 5068/4445/4929
f 5076/4471/4934 5086/4473/4943 5085/4472/4950 5075/4470/4940
f 5108/4464/4965 5109/4475/4966 5084/4474/4945 5074/4463/4935
f 5077/4466/4938 5087/4477/4948 5080/4476/4949 5071/4465/4939
f 5074/4463/4935 5084/4474/4945 5083/4478/4942 5073/4467/4933
f 5070/4460/4936 5079/4480/4946 5082/4479/4947 5072/4468/4937
f 5075/4470/4940 5085/4472/4950 5088/4481/4951 5078/4469/4941
f 5078/4469/4941 5088/4481/4951 5087/4477/4948 5077/4466/4938
f 5073/4459/4933 5083/4483/4942 5086/4482/4943 5076/4458/4934
f 5071/4461/4939 5080/4484/4949 5079/4480/4946 5070/4460/4936
f 5109/4475/4966 5110/4486/4967 5094/4485/4955 5084/4474/4945
f 5087/4477/4948 5097/4488/4958 5090/4487/4959 5080/4476/4949
f 5084/4474/4945 5094/4485/4955 5093/4489/4952 5083/4478/4942
f 5079/4490/4946 5089/4493/4956 5092/4492/4957 5082/4491/4947
f 5085/4472/4950 5095/4495/4960 5098/4494/4961 5088/4481/4951
f 5103/4496/4972 5104/4499/4973 5091/4498/4954 5081/4497/4944
f 5088/4481/4951 5098/4494/4961 5097/4488/4958 5087/4477/4948
f 5083/4483/4942 5093/4501/4952 5096/4500/4953 5086/4482/4943
f 5080/4484/4949 5090/4503/4959 5089/4502/4956 5079/4480/4946
f 5086/4473/4943 5096/4504/4953 5095/4495/4960 5085/4472/4950
f 5082/4491/4947 5092/4492/4957 5104/4499/4973 5103/4496/4972
f 5072/4505/4937 5082/4491/4947 5103/4496/4972 5102/4506/4971
f 5063/4507/4928 5072/4505/4937 5102/4506/4971 5101/4508/4970
f 5054/4509/4919 5063/4507/4928 5101/4508/4970 5100/4510/4969
f 5035/4431/4982 5054/4509/4919 5100/4510/4969 5099/4430/4999
f 5081/4497/4944 5091/4498/4954 5110/4486/4967 5109/4475/4966
f 5090/4511/4959 5097/4522/4958 5098/4521/4961 5095/4520/4960 5096/4519/4953 5093/4518/4952 5094/4517/4955 5110/4516/4967 5091/4515/4954 5104/4514/4973 5092/4513/4957 5089/4512/4956
f 6854/5473/4889 6870/5474/4905 6875/5475/4910
f 6855/5476/4890 6871/5477/4906 6877/5478/4912
f 6856/5479/4891 6872/5480/4907 6878/5481/4913
f 6857/5482/4892 6873/5483/4908 6879/5484/4914
f 6858/5485/4893 6874/5486/4909 6876/5487/4911
f 6876/5487/4911 6879/5484/4914 6859/5488/4894
f 6876/5487/4911 6874/5486/4909 6879/5484/4914
f 6874/5486/4909 6857/5482/4892 6879/5484/4914
f 6879/5484/4914 6878/5489/4913 6859/5488/4894
f 6879/5484/4914 6873/5483/4908 6878/5489/4913
f 6873/5490/4908 6856/5491/4891 6878/5492/4913
f 6878/5489/4913 6877/5493/4912 6859/5488/4894
f 6878/5481/4913 6872/5480/4907 6877/5478/4912
f 6872/5480/4907 6855/5476/4890 6877/5478/4912
f 6877/5493/4912 6875/5494/4910 6859/5488/4894
f 6877/5478/4912 6871/5477/4906 6875/5495/4910
f 6871/5496/4906 6854/5473/4889 6875/5475/4910
f 6875/5494/4910 6876/5487/4911 6859/5488/4894
f 6875/5494/4910 6870/5497/4905 6876/5487/4911
f 6870/5497/4905 6858/5485/4893 6876/5487/4911
f 6861/5498/4896 6874/5499/4909 6858/5500/4893
f 6861/5498/4896 6868/5501/4903 6874/5499/4909
f 6868/5502/4903 6857/5482/4892 6874/5486/4909
f 6869/5503/4904 6873/5490/4908 6857/5504/4892
f 6869/5503/4904 6866/5505/4901 6873/5490/4908
f 6866/5505/4901 6856/5491/4891 6873/5490/4908
f 6867/5506/4902 6872/5480/4907 6856/5479/4891
f 6867/5506/4902 6864/5507/4899 6872/5480/4907
f 6864/5507/4899 6855/5476/4890 6872/5480/4907
f 6865/5508/4900 6871/5477/4906 6855/5476/4890
f 6865/5509/4900 6933/5510/4968 6862/5511/4897 6871/5496/4906
f 6862/5511/4897 6854/5473/4889 6871/5496/4906
f 6863/5512/4898 6870/5474/4905 6854/5473/4889
f 6863/5513/4898 6860/5514/4895 6870/5515/4905
f 6860/5514/4895 6858/5500/4893 6870/5515/4905
f 6868/5516/4903 6869/5503/4904 6857/5504/4892
f 6866/5505/4901 6867/5517/4902 6856/5491/4891
f 6864/5507/4899 6865/5508/4900 6855/5476/4890
f 6862/5511/4897 6927/5518/4962 6863/5512/4898 6854/5473/4889
f 6860/5514/4895 6861/5498/4896 6858/5500/4893
f 6869/5503/4904 6868/5516/4903 6887/5519/4922 6888/5520/4923
f 6861/5498/4896 6860/5514/4895 6880/5521/4915 6881/5522/4916
f 6867/5517/4902 6866/5505/4901 6885/5523/4920 6886/5524/4921
f 6860/5514/4895 6863/5513/4898 6882/5525/4917 6880/5521/4915
f 6933/5510/4968 6865/5509/4900 6884/5526/4919 6934/5527/4969
f 6865/5508/4900 6864/5507/4899 6883/5528/4918 6884/5529/4919
f 6864/5507/4899 6867/5506/4902 6886/5530/4921 6883/5528/4918
f 6866/5505/4901 6869/5503/4904 6888/5520/4923 6885/5523/4920
f 6868/5501/4903 6861/5498/4896 6881/5522/4916 6887/5531/4922
f 6888/5520/4923 6887/5519/4922 6896/5532/4931 6897/5533/4932
f 6883/5528/4918 6886/5530/4921 6895/5534/4930 6892/5535/4927
f 6881/5522/4916 6880/5521/4915 6889/5536/4924 6890/5537/4925
f 6886/5524/4921 6885/5523/4920 6894/5538/4929 6895/5539/4930
f 6934/5527/4969 6884/5526/4919 6893/5540/4928 6935/5541/4970
f 6887/5531/4922 6881/5522/4916 6890/5537/4925 6896/5542/4931
f 6884/5529/4919 6883/5528/4918 6892/5535/4927 6893/5543/4928
f 6880/5544/4915 6882/5545/4917 6891/5546/4926 6889/5547/4924
f 6885/5523/4920 6888/5520/4923 6897/5533/4932 6894/5538/4929
f 6892/5535/4927 6895/5534/4930 6904/5548/4939 6901/5549/4936
f 6890/5537/4925 6889/5536/4924 6898/5550/4933 6899/5551/4934
f 6895/5539/4930 6894/5538/4929 6903/5552/4938 6904/5553/4939
f 6935/5541/4970 6893/5540/4928 6902/5554/4937 6936/5555/4971
f 6896/5542/4931 6890/5537/4925 6899/5551/4934 6905/5556/4940
f 6893/5543/4928 6892/5535/4927 6901/5549/4936 6902/5557/4937
f 6889/5547/4924 6891/5546/4926 6900/5558/4935 6898/5559/4933
f 6894/5538/4929 6897/5533/4932 6906/5560/4941 6903/5552/4938
f 6897/5533/4932 6896/5532/4931 6905/5561/4940 6906/5560/4941
f 6904/5553/4939 6903/5552/4938 6913/5562/4948 6914/5563/4949
f 6936/5555/4971 6902/5554/4937 6912/5564/4947 6937/5565/4972
f 6905/5561/4940 6899/5566/4934 6908/5567/4943 6915/5568/4950
f 6902/5557/4937 6901/5549/4936 6911/5569/4946 6912/5570/4947
f 6898/5559/4933 6900/5558/4935 6910/5571/4945 6907/5572/4942
f 6903/5552/4938 6906/5560/4941 6916/5573/4951 6913/5562/4948
f 6906/5560/4941 6905/5561/4940 6915/5568/4950 6916/5573/4951
f 6901/5549/4936 6904/5548/4939 6914/5574/4949 6911/5569/4946
f 6899/5551/4934 6898/5550/4933 6907/5575/4942 6908/5576/4943
f 6937/5565/4972 6912/5564/4947 6922/5577/6546 6938/5578/6552
f 6915/5568/4950 6908/5567/4943 6918/5579/6543 6925/5580/6549
f 6912/5570/4947 6911/5569/4946 6921/5581/6545 6922/5582/6546
f 6907/5572/4942 6910/5571/4945 6920/5583/6544 6917/5584/6542
f 6913/5562/4948 6916/5573/4951 6926/5585/6550 6923/5586/6547
f 6931/5587/4966 6909/5588/4944 6919/5589/4944 6932/5590/6551
f 6916/5573/4951 6915/5568/4950 6925/5580/6549 6926/5585/6550
f 6911/5569/4946 6914/5574/4949 6924/5591/6548 6921/5581/6545
f 6908/5576/4943 6907/5575/4942 6917/5592/6542 6918/5593/6543
f 6914/5563/4949 6913/5562/4948 6923/5586/6547 6924/5594/6548
f 6910/5571/4945 6931/5587/4966 6932/5590/6551 6920/5583/6544
f 6900/5558/4935 6930/5595/4965 6931/5587/4966 6910/5571/4945
f 6891/5546/4926 6929/5596/4964 6930/5595/4965 6900/5558/4935
f 6882/5545/4917 6928/5597/4963 6929/5596/4964 6891/5546/4926
f 6863/5512/4898 6927/5518/4962 6928/5597/4963 6882/5545/4917
f 6909/5588/4944 6937/5565/4972 6938/5578/6552 6919/5589/4944
f 3018/5868/3005 4877/5869/4828 3884/5870/3861
f 3018/5868/3005 3884/5870/3861 4689/5871/4654 4264/5872/4236
f 4264/5872/4236 4689/5871/4654 3677/5873/3655 2806/5874/2794
f 2806/5874/2794 3677/5873/3655 4838/5875/4802
f 4871/5876/4824 3907/5877/3884 7138/5878/6561 7142/5879/6565
f 4386/5880/4357 3048/5881/3034 7134/5882/6557 7140/5883/6563
f 3045/5884/3031 4387/5885/4358 7141/5886/6564 7131/5887/6554
f 3907/5877/3884 4883/5888/4834 7144/5889/6567 7138/5878/6561
f 4885/5890/4836 3904/5891/3881 7135/5892/6558 7146/5893/6569
f 4385/5894/4356 3045/5884/3031 7131/5887/6554 7139/5895/6562
f 3046/5896/3032 4884/5897/4835 7145/5898/6568 7132/5899/6555
f 3904/5891/3881 4871/5876/4824 7142/5879/6565 7135/5892/6558
f 4387/5885/4358 3046/5896/3032 7132/5899/6555 7141/5886/6564
f 4884/5897/4835 3905/5900/3882 7136/5901/6559 7145/5898/6568
f 3905/5900/3882 4885/5890/4836 7146/5893/6569 7136/5901/6559
f 3047/5902/3033 4386/5880/4357 7140/5883/6563 7133/5903/6556
f 4882/5904/4833 3047/5902/3033 7133/5903/6556 7143/5905/6566
f 4883/5888/4834 3906/5906/3883 7137/5907/6560 7144/5889/6567
f 3906/5906/3883 4882/5904/4833 7143/5905/6566 7137/5907/6560
f 3048/5881/3034 4385/5894/4356 7139/5895/6562 7134/5882/6557
f 7142/5879/6565 7138/5878/6561 7154/5908/6577 7158/5909/6581
f 7140/5883/6563 7134/5882/6557 7150/5910/6573 7156/5911/6579
f 7131/5887/6554 7141/5886/6564 7157/5912/6580 7147/5913/6570
f 7138/5878/6561 7144/5889/6567 7160/5914/6583 7154/5908/6577
f 7146/5893/6569 7135/5892/6558 7151/5915/6574 7162/5916/6585
f 7139/5895/6562 7131/5887/6554 7147/5913/6570 7155/5917/6578
f 7135/5892/6558 7142/5879/6565 7158/5909/6581 7151/5915/6574
f 7132/5899/6555 7145/5898/6568 7161/5918/6584 7148/5919/6571
f 7145/5898/6568 7136/5901/6559 7152/5920/6575 7161/5918/6584
f 7141/5886/6564 7132/5899/6555 7148/5919/6571 7157/5912/6580
f 7136/5901/6559 7146/5893/6569 7162/5916/6585 7152/5920/6575
f 7133/5903/6556 7140/5883/6563 7156/5911/6579 7149/5921/6572
f 7144/5889/6567 7137/5907/6560 7153/5922/6576 7160/5914/6583
f 7143/5905/6566 7133/5903/6556 7149/5921/6572 7159/5923/6582
f 7137/5907/6560 7143/5905/6566 7159/5923/6582 7153/5922/6576
f 7134/5882/6557 7139/5895/6562 7155/5917/6578 7150/5910/6573
f 7147/5913/6570 7157/5912/6580 7148/5919/6571 7161/5918/6584 7152/5920/6575 7162/5916/6585 7151/5915/6574 7158/5909/6581 7154/5908/6577 7160/5914/6583 7153/5922/6576 7159/5923/6582 7149/5921/6572 7156/5911/6579 7150/5910/6573 7155/5917/6578
f 7391/6261/6814 7445/6262/6868 7517/6263/6939 7454/6264/6877
f 7391/6261/6814 7454/6264/6877 7516/6265/6938 7441/6266/6864
f 7391/6261/6814 7441/6266/6864 7512/6267/6934 7438/6268/6861
f 7391/6269/6814 7438/6270/6861 7511/6271/6933 7445/6272/6868
f 7392/6273/6815 7428/6274/6851 7515/6275/6937 7453/6276/6876
f 7392/6273/6815 7453/6276/6876 7503/6277/6926 7427/6278/6850
f 7392/6279/6815 7427/6280/6850 7509/6281/6931 7434/6282/6857
f 7392/6279/6815 7434/6282/6857 7504/6283/6927 7428/6284/6851
f 7393/6285/6816 7443/6286/6866 7513/6287/6935 7452/6288/6875
f 7393/6285/6816 7452/6288/6875 7514/6289/6936 7444/6290/6867
f 7393/6291/6816 7444/6292/6867 7505/6293/6928 7436/6294/6859
f 7393/6291/6816 7436/6294/6859 7510/6295/6932 7443/6296/6866
f 7394/6297/6817 7444/6290/6867 7514/6289/6936 7451/6298/6874
f 7394/6297/6817 7451/6298/6874 7515/6275/6937 7428/6274/6851
f 7394/6299/6817 7428/6284/6851 7504/6283/6927 7429/6300/6852
f 7394/6301/6817 7429/6302/6852 7505/6293/6928 7444/6292/6867
f 7395/6303/6818 7440/6304/6863 7504/6305/6927 7434/6306/6857
f 7395/6307/6818 7434/6282/6857 7509/6281/6931 7468/6308/6891
f 7395/6303/6818 7468/6309/6891 7525/6310/6947 7460/6311/6883
f 7395/6303/6818 7460/6311/6883 7520/6312/6942 7440/6304/6863
f 7396/6313/6819 7467/6314/6890 7510/6295/6932 7436/6294/6859
f 7396/6313/6819 7436/6294/6859 7505/6293/6928 7435/6315/6858
f 7396/6313/6819 7435/6315/6858 7521/6316/6943 7462/6317/6885
f 7396/6313/6819 7462/6317/6885 7526/6318/6948 7467/6314/6890
f 7397/6319/6820 7431/6320/6854 7511/6271/6933 7438/6270/6861
f 7397/6319/6820 7438/6270/6861 7512/6321/6934 7433/6322/6856
f 7397/6319/6820 7433/6322/6856 7528/6323/6950 7464/6324/6887
f 7397/6319/6820 7464/6324/6887 7527/6325/6949 7431/6320/6854
f 7398/6326/6821 7435/6315/6858 7505/6293/6928 7429/6302/6852
f 7398/6326/6821 7429/6302/6852 7504/6305/6927 7440/6304/6863
f 7398/6326/6821 7440/6304/6863 7520/6312/6942 7455/6327/6878
f 7398/6326/6821 7455/6327/6878 7521/6316/6943 7435/6315/6858
f 7399/6328/6822 7446/6329/6869 7519/6330/6941 7450/6331/6873
f 7399/6328/6822 7450/6331/6873 7518/6332/6940 7442/6333/6865
f 7399/6334/6822 7442/6335/6865 7507/6336/2222 7430/6337/6853
f 7399/6334/6822 7430/6337/6853 7506/6338/6929 7446/6339/6869
f 7400/6340/6823 7427/6278/6850 7503/6277/6926 7449/6341/6872
f 7400/6340/6823 7449/6341/6872 7519/6330/6941 7446/6329/6869
f 7400/6342/6823 7446/6343/6869 7506/6344/6929 7432/6345/6855
f 7400/6342/6823 7432/6345/6855 7509/6281/6931 7427/6280/6850
f 7401/6346/6824 7441/6266/6864 7516/6265/6938 7448/6347/6871
f 7401/6346/6824 7448/6347/6871 7513/6287/6935 7443/6286/6866
f 7401/6346/6824 7443/6286/6866 7510/6348/6932 7439/6349/6862
f 7401/6346/6824 7439/6349/6862 7512/6267/6934 7441/6266/6864
f 7402/6350/6825 7442/6333/6865 7518/6332/6940 7447/6351/6870
f 7402/6350/6825 7447/6351/6870 7517/6263/6939 7445/6262/6868
f 7402/6352/6825 7445/6353/6868 7511/6354/6933 7437/6355/6860
f 7402/6352/6825 7437/6355/6860 7507/6336/2222 7442/6335/6865
f 7403/6356/6826 7484/6357/6907 7528/6323/6950 7465/6358/6888
f 7403/6356/6826 7465/6358/6888 7526/6359/6948 7483/6360/6906
f 7403/6356/6826 7483/6360/6906 7533/6361/6955 7481/6362/6904
f 7403/6356/6826 7481/6362/6904 7535/6363/6957 7484/6357/6907
f 7404/6364/6827 7459/6365/6882 7522/6366/6944 7456/6367/6879
f 7404/6364/6827 7456/6367/6879 7523/6368/6945 7457/6369/6880
f 7404/6364/6827 7457/6369/6880 7531/6370/6953 7472/6371/6895
f 7404/6364/6827 7472/6371/6895 7530/6372/6952 7459/6365/6882
f 7405/6373/6828 7466/6374/6889 7525/6375/6947 7458/6376/6881
f 7405/6373/6828 7458/6376/6881 7522/6366/6944 7459/6365/6882
f 7405/6373/6828 7459/6365/6882 7530/6372/6952 7474/6377/6897
f 7405/6373/6828 7474/6377/6897 7532/6378/6954 7466/6374/6889
f 7406/6379/6829 7461/6380/6884 7520/6312/6942 7460/6311/6883
f 7406/6379/6829 7460/6311/6883 7525/6310/6947 7466/6381/6889
f 7406/6379/6829 7466/6381/6889 7532/6382/6954 7476/6383/6899
f 7406/6379/6829 7476/6383/6899 7508/6384/6930 7461/6380/6884
f 7407/6385/6830 7468/6308/6891 7509/6281/6931 7432/6345/6855
f 7407/6386/6830 7432/6387/6855 7506/6338/6929 7469/6388/6892
f 7407/6386/6830 7469/6388/6892 7522/6366/6944 7458/6376/6881
f 7407/6386/6830 7458/6376/6881 7525/6375/6947 7468/6389/6891
f 7408/6390/6831 7469/6388/6892 7506/6338/6929 7430/6337/6853
f 7408/6390/6831 7430/6337/6853 7507/6336/2222 7470/6391/6893
f 7408/6390/6831 7470/6391/6893 7523/6368/6945 7456/6367/6879
f 7408/6390/6831 7456/6367/6879 7522/6366/6944 7469/6388/6892
f 7409/6392/6832 7433/6322/6856 7512/6321/6934 7439/6393/6862
f 7409/6392/6832 7439/6393/6862 7510/6394/6932 7467/6395/6890
f 7409/6392/6832 7467/6395/6890 7526/6359/6948 7465/6358/6888
f 7409/6392/6832 7465/6358/6888 7528/6323/6950 7433/6322/6856
f 7410/6396/6833 7470/6391/6893 7507/6336/2222 7437/6355/6860
f 7410/6396/6833 7437/6355/6860 7511/6354/6933 7431/6397/6854
f 7410/6396/6833 7431/6397/6854 7527/6398/6949 7463/6399/6886
f 7410/6396/6833 7463/6399/6886 7523/6368/6945 7470/6391/6893
f 7411/6400/6834 7482/6401/6905 7508/6384/6930 7476/6383/6899
f 7411/6400/6834 7476/6383/6899 7532/6382/6954 7500/6402/6923
f 7411/6400/6834 7500/6402/6923 7540/6403/6962 7492/6404/6915
f 7411/6400/6834 7492/6404/6915 7524/6405/6946 7482/6401/6905
f 7412/6406/6835 7499/6407/6922 7533/6408/6955 7478/6409/6901
f 7412/6406/6835 7478/6409/6901 7529/6410/6951 7477/6411/6900
f 7412/6406/6835 7477/6411/6900 7536/6412/6958 7494/6413/6917
f 7412/6406/6835 7494/6413/6917 7541/6414/6963 7499/6407/6922
f 7413/6415/6836 7473/6416/6896 7534/6417/6956 7480/6418/6903
f 7413/6415/6836 7480/6418/6903 7535/6363/6957 7475/6419/6898
f 7413/6415/6836 7475/6419/6898 7543/6420/6965 7496/6421/6919
f 7413/6415/6836 7496/6421/6919 7542/6422/6964 7473/6416/6896
f 7414/6423/6837 7477/6411/6900 7529/6410/6951 7471/6424/6894
f 7414/6423/6837 7471/6424/6894 7508/6384/6930 7482/6401/6905
f 7414/6423/6837 7482/6401/6905 7524/6405/6946 7487/6425/6910
f 7414/6423/6837 7487/6425/6910 7536/6412/6958 7477/6411/6900
f 7415/6426/6838 7457/6369/6880 7523/6368/6945 7463/6399/6886
f 7415/6426/6838 7463/6399/6886 7527/6398/6949 7485/6427/6908
f 7415/6426/6838 7485/6427/6908 7534/6428/6956 7479/6429/6902
f 7415/6426/6838 7479/6429/6902 7531/6370/6953 7457/6369/6880
f 7416/6430/6839 7486/6431/6909 7521/6316/6943 7455/6327/6878
f 7416/6430/6839 7455/6327/6878 7520/6312/6942 7461/6380/6884
f 7416/6430/6839 7461/6380/6884 7508/6384/6930 7471/6424/6894
f 7416/6430/6839 7471/6424/6894 7529/6410/6951 7486/6431/6909
f 7417/6432/6840 7485/6433/6908 7527/6325/6949 7464/6324/6887
f 7417/6432/6840 7464/6324/6887 7528/6323/6950 7484/6357/6907
f 7417/6432/6840 7484/6357/6907 7535/6363/6957 7480/6418/6903
f 7417/6432/6840 7480/6418/6903 7534/6417/6956 7485/6433/6908
f 7418/6434/6841 7483/6435/6906 7526/6318/6948 7462/6317/6885
f 7418/6434/6841 7462/6317/6885 7521/6316/6943 7486/6431/6909
f 7418/6434/6841 7486/6431/6909 7529/6410/6951 7478/6409/6901
f 7418/6434/6841 7478/6409/6901 7533/6408/6955 7483/6435/6906
f 7419/6436/6842 7491/6437/6914 7539/6438/6961 7493/6439/6916
f 7419/6440/6842 7493/6441/6916 7540/6442/6962 7490/6443/6913
f 7419/6440/6842 7490/6443/6913 7537/6444/6959 7488/6445/6911
f 7419/6440/6842 7488/6445/6911 7538/6446/6960 7491/6447/6914
f 7420/6448/6843 7489/6449/6912 7536/6412/6958 7487/6425/6910
f 7420/6448/6843 7487/6425/6910 7524/6405/6946 7492/6404/6915
f 7420/6448/6843 7492/6404/6915 7540/6403/6962 7493/6450/6916
f 7420/6451/6843 7493/6439/6916 7539/6438/6961 7489/6452/6912
f 7421/6453/6844 7498/6454/6921 7539/6455/6961 7491/6456/6914
f 7421/6457/6844 7491/6447/6914 7538/6446/6960 7495/6458/6918
f 7421/6459/6844 7495/6460/6918 7542/6422/6964 7496/6421/6919
f 7421/6459/6844 7496/6421/6919 7543/6420/6965 7498/6461/6921
f 7422/6462/6845 7494/6413/6917 7536/6412/6958 7489/6449/6912
f 7422/6462/6845 7489/6449/6912 7539/6455/6961 7498/6454/6921
f 7422/6463/6845 7498/6461/6921 7543/6420/6965 7497/6464/6920
f 7422/6463/6845 7497/6464/6920 7541/6465/6963 7494/6466/6917
f 7423/6467/6846 7500/6468/6923 7532/6378/6954 7474/6377/6897
f 7423/6467/6846 7474/6377/6897 7530/6372/6952 7501/6469/6924
f 7423/6467/6846 7501/6469/6924 7537/6444/6959 7490/6443/6913
f 7423/6467/6846 7490/6443/6913 7540/6442/6962 7500/6468/6923
f 7424/6470/6847 7501/6469/6924 7530/6372/6952 7472/6371/6895
f 7424/6470/6847 7472/6371/6895 7531/6370/6953 7502/6471/6925
f 7424/6470/6847 7502/6471/6925 7538/6446/6960 7488/6445/6911
f 7424/6470/6847 7488/6445/6911 7537/6444/6959 7501/6469/6924
f 7425/6472/6848 7475/6419/6898 7535/6363/6957 7481/6362/6904
f 7425/6472/6848 7481/6362/6904 7533/6361/6955 7499/6473/6922
f 7425/6472/6848 7499/6473/6922 7541/6465/6963 7497/6464/6920
f 7425/6472/6848 7497/6464/6920 7543/6420/6965 7475/6419/6898
f 7426/6474/6849 7502/6471/6925 7531/6370/6953 7479/6429/6902
f 7426/6474/6849 7479/6429/6902 7534/6428/6956 7473/6475/6896
f 7426/6474/6849 7473/6475/6896 7542/6476/6964 7495/6458/6918
f 7426/6474/6849 7495/6458/6918 7538/6446/6960 7502/6471/6925
f 7517/6263/6939 7447/6351/6870 7518/6332/6940 7450/6331/6873 7519/6330/6941 7449/6341/6872 7503/6277/6926 7453/6276/6876 7515/6275/6937 7451/6298/6874 7514/6289/6936 7452/6288/6875 7513/6287/6935 7448/6347/6871 7516/6265/6938 7454/6264/6877
usemtl Rubber_Seal_Material
f 5111/4523/5001 5227/4524/5117 4438/3839/4406 5204/3838/5094
f 5111/4523/5001 5204/3838/5094 4440/3837/4408 5221/4525/5111
f 5111/4523/5001 5221/4525/5111 4305/3158/4276 2885/3183/2872
f 5111/4523/5001 2885/3183/2872 4304/3144/4275 5227/4524/5117
f 5112/4526/5002 5183/4527/5073 5286/3828/5176 5169/3827/5059
f 5112/4526/5002 5169/3827/5059 4272/3826/4243 5171/4528/5061
f 5112/4526/5002 5171/4528/5061 4295/4529/4266 2886/4530/2873
f 5112/4526/5002 2886/4530/2873 5303/4531/5193 5183/4527/5073
f 5113/4532/5003 5184/4533/5074 4234/4534/4206 2856/4535/2843
f 5113/4532/5003 2856/4535/2843 4203/4536/4176 5176/4537/5066
f 5113/4532/5003 5176/4537/5066 5306/4538/5196 5185/4539/5075
f 5113/4532/5003 5185/4539/5075 5305/4540/5195 5184/4533/5074
f 5114/4541/5004 5228/4542/5118 4436/3859/4404 5216/3858/5106
f 5114/4541/5004 5216/3858/5106 4230/3855/4203 5177/4543/5067
f 5114/4541/5004 5177/4543/5067 5307/3170/5197 2887/3176/2874
f 5114/4541/5004 2887/3176/2874 4306/3160/4277 5228/4542/5118
f 5115/4544/5005 5229/4545/5119 4433/3794/4402 3111/3863/3096
f 5115/4544/5005 3111/3863/3096 5289/3862/5179 5175/4546/5065
f 5115/4544/5005 5175/4546/5065 5302/4547/5192 5186/4548/5076
f 5115/4544/5005 5186/4548/5076 4307/4549/4278 5229/4545/5119
f 5116/4550/5006 5177/4551/5067 4230/4552/4203 3110/4553/3095
f 5116/4550/5006 3110/4553/3095 5311/4554/5201 5220/4555/5110
f 5116/4550/5006 5220/4555/5110 5304/4556/5194 5187/4557/5077
f 5116/4550/5006 5187/4557/5077 5307/4558/5197 5177/4551/5067
f 5117/4559/5007 5178/4560/5068 4076/3796/4051 5215/3795/5105
f 5117/4559/5007 5215/3795/5105 4433/3794/4402 5229/4545/5119
f 5117/4559/5007 5229/4545/5119 4307/4549/4278 5188/4561/5078
f 5117/4559/5007 5188/4561/5078 5294/4562/5184 5178/4560/5068
f 5118/4563/5008 5221/4525/5111 4440/3837/4408 5203/3867/5093
f 5118/4563/5008 5203/3867/5093 4436/3859/4404 5228/4542/5118
f 5118/4563/5008 5228/4542/5118 4306/3160/4277 5189/3159/5079
f 5118/4563/5008 5189/3159/5079 4305/3158/4276 5221/4525/5111
f 5119/4564/5009 5176/4537/5066 4203/4536/4176 2855/4565/2842
f 5119/4564/5009 2855/4565/2842 5288/4566/5178 5174/4567/5064
f 5119/4564/5009 5174/4567/5064 4302/4568/4273 5190/4569/5080
f 5119/4564/5009 5190/4569/5080 5306/4538/5196 5176/4537/5066
f 5120/4570/5010 5220/4555/5110 5311/4554/5201 5214/4571/5104
f 5120/4570/5010 5214/4571/5104 4234/4534/4206 5184/4533/5074
f 5120/4570/5010 5184/4533/5074 5305/4540/5195 5191/4572/5081
f 5120/4570/5010 5191/4572/5081 5304/4556/5194 5220/4555/5110
f 5121/4573/5011 5181/4574/5071 5287/3877/5177 5213/3876/5103
f 5121/4573/5011 5213/3876/5103 4438/3839/4406 5227/4524/5117
f 5121/4573/5011 5227/4524/5117 4304/3144/4275 5192/3143/5082
f 5121/4573/5011 5192/3143/5082 5301/3142/5191 5181/4574/5071
f 5122/4575/5012 5226/4576/5116 4427/4577/4396 5202/4578/5092
f 5122/4575/5012 5202/4578/5092 5310/4579/5200 5219/4580/5109
f 5122/4575/5012 5219/4580/5109 4299/3082/4270 2888/3137/2875
f 5122/4575/5012 2888/3137/2875 4303/3136/4274 5226/4576/5116
f 5123/4581/5013 5225/4582/5115 4431/3886/4400 5212/4583/5102
f 5123/4581/5013 5212/4583/5102 5293/4584/5183 5173/4585/5063
f 5123/4581/5013 5173/4585/5063 4300/3091/4271 2889/3132/2876
f 5123/4581/5013 2889/3132/2876 4298/3075/4269 5225/4582/5115
f 5124/4586/5014 5182/4587/5072 5285/3800/5175 5168/3821/5058
f 5124/4586/5014 5168/3821/5058 5290/3820/5180 5170/4588/5060
f 5124/4586/5014 5170/4588/5060 4294/4589/4265 5193/4590/5083
f 5124/4586/5014 5193/4590/5083 4301/4591/4272 5182/4587/5072
f 5125/4592/5015 5175/4546/5065 5289/3862/5179 5167/3865/5057
f 5125/4592/5015 5167/3865/5057 5286/3828/5176 5183/4527/5073
f 5125/4592/5015 5183/4527/5073 5303/4531/5193 5194/4593/5084
f 5125/4592/5015 5194/4593/5084 5302/4547/5192 5175/4546/5065
f 5126/4594/5016 5180/4595/5070 4085/3810/4060 5211/3809/5101
f 5126/4594/5016 5211/3809/5101 5309/3808/5199 5218/4596/5108
f 5126/4594/5016 5218/4596/5108 5298/4597/5188 2890/4598/2877
f 5126/4594/5016 2890/4598/2877 5300/4599/5190 5180/4595/5070
f 5127/4600/5017 5224/4601/5114 4429/4602/4398 5210/4603/5100
f 5127/4600/5017 5210/4603/5100 5292/3880/5182 5172/4604/5062
f 5127/4600/5017 5172/4604/5062 5299/3073/5189 5195/3114/5085
f 5127/4600/5017 5195/3114/5085 4297/3061/4268 5224/4601/5114
f 5128/4605/5018 5174/4606/5064 5288/4607/5178 3109/4608/3094
f 5128/4605/5018 3109/4608/3094 4427/4577/4396 5226/4576/5116
f 5128/4605/5018 5226/4576/5116 4303/3136/4274 5196/4609/5086
f 5128/4605/5018 5196/4609/5086 4302/4610/4273 5174/4606/5064
f 5129/4611/5019 5223/4612/5113 4424/3802/4394 5209/3801/5099
f 5129/4611/5019 5209/3801/5099 5285/3800/5175 5182/4587/5072
f 5129/4611/5019 5182/4587/5072 4301/4591/4272 5197/4613/5087
f 5129/4611/5019 5197/4613/5087 5297/4614/5187 5223/4612/5113
f 5130/4615/5020 5173/4585/5063 5293/4584/5183 2854/4616/2841
f 5130/4615/5020 2854/4616/2841 5287/4617/5177 5181/4618/5071
f 5130/4615/5020 5181/4618/5071 5301/3093/5191 2891/3092/2878
f 5130/4615/5020 2891/3092/2878 4300/3091/4271 5173/4585/5063
f 5131/4619/5021 5219/4580/5109 5310/4579/5200 5208/4620/5098
f 5131/4619/5021 5208/4620/5098 4085/4621/4060 5180/4622/5070
f 5131/4619/5021 5180/4622/5070 5300/3084/5190 2892/3083/2879
f 5131/4619/5021 2892/3083/2879 4299/3082/4270 5219/4580/5109
f 5132/4623/5022 5172/4604/5062 5292/3880/5182 5207/3879/5097
f 5132/4623/5022 5207/3879/5097 4431/3886/4400 5225/4582/5115
f 5132/4623/5022 5225/4582/5115 4298/3075/4269 2893/3074/2880
f 5132/4623/5022 2893/3074/2880 5299/3073/5189 5172/4604/5062
f 5133/4624/5023 5218/4596/5108 5309/3808/5199 3101/3823/3087
f 5133/4624/5023 3101/3823/3087 4425/3804/4395 5217/4625/5107
f 5133/4624/5023 5217/4625/5107 5296/4626/5186 2894/4627/2881
f 5133/4624/5023 2894/4627/2881 5298/4597/5188 5218/4596/5108
f 5134/4628/5024 5179/4629/5069 5291/4630/5181 3108/4631/3093
f 5134/4628/5024 3108/4631/3093 4429/4602/4398 5224/4601/5114
f 5134/4628/5024 5224/4601/5114 4297/3061/4268 2895/3060/2882
f 5134/4628/5024 2895/3060/2882 4296/3045/4267 5179/4629/5069
f 5135/4632/5025 5217/4625/5107 4425/3804/4395 5201/3803/5091
f 5135/4632/5025 5201/3803/5091 4424/3802/4394 5223/4612/5113
f 5135/4632/5025 5223/4612/5113 5297/4614/5187 5198/4633/5088
f 5135/4632/5025 5198/4633/5088 5296/4626/5186 5217/4625/5107
f 5136/4634/5026 5222/4635/5112 5308/4636/5198 5206/4637/5096
f 5136/4634/5026 5206/4637/5096 5291/4630/5181 5179/4629/5069
f 5136/4634/5026 5179/4629/5069 4296/3045/4267 2896/3044/2883
f 5136/4634/5026 2896/3044/2883 5295/3043/5185 5222/4635/5112
f 5137/4638/5027 5171/4528/5061 4272/3826/4243 5205/3890/5095
f 5137/4638/5027 5205/3890/5095 5308/3889/5198 5222/4639/5112
f 5137/4638/5027 5222/4639/5112 5295/4640/5185 5199/4641/5089
f 5137/4638/5027 5199/4641/5089 4295/4529/4266 5171/4528/5061
f 5138/4642/5028 5170/4588/5060 5290/3820/5180 2853/3871/2840
f 5138/4642/5028 2853/3871/2840 4076/3796/4051 5178/4560/5068
f 5138/4642/5028 5178/4560/5068 5294/4562/5184 5200/4643/5090
f 5138/4642/5028 5200/4643/5090 4294/4589/4265 5170/4588/5060
f 5139/4644/5029 5263/3838/5153 5340/3839/5230 5282/4645/5172
f 5139/4644/5029 5282/4645/5172 4728/3144/4692 5250/3183/5140
f 5139/4644/5029 5250/3183/5140 4729/3158/4693 5276/4646/5166
f 5139/4644/5029 5276/4646/5166 5341/3837/5231 5263/3838/5153
f 5140/4526/5030 3719/3827/3696 4603/3828/4570 5248/4527/5138
f 5140/4526/5030 5248/4527/5138 5329/4531/5219 3748/4530/3725
f 5140/4526/5030 3748/4530/3725 4722/4529/4686 5236/4528/5126
f 5140/4526/5030 5236/4528/5126 5316/3826/5206 3719/3827/3696
f 5141/4647/5031 5234/4535/5124 5315/4534/5205 5249/4648/5139
f 5141/4647/5031 5249/4648/5139 5331/4540/5221 3749/4539/3726
f 5141/4647/5031 3749/4539/3726 5332/4538/5222 5241/4649/5131
f 5141/4647/5031 5241/4649/5131 5313/4536/5203 5234/4535/5124
f 5142/4541/5032 3974/3858/3950 4934/3859/4882 5283/4650/5173
f 5142/4541/5032 5283/4650/5173 5333/3160/5223 3750/3176/3727
f 5142/4541/5032 3750/3176/3727 4730/3170/4694 5242/4543/5132
f 5142/4541/5032 5242/4543/5132 5314/3855/5204 3974/3858/3950
f 5143/4651/5033 3973/4376/3949 5339/3794/5229 5284/4545/5174
f 5143/4651/5033 5284/4545/5174 5334/4549/5224 5251/4548/5141
f 5143/4651/5033 5251/4548/5141 4727/4547/4691 5240/4546/5130
f 5143/4651/5033 5240/4546/5130 4658/3862/4623 3973/4376/3949
f 5144/4652/5034 3972/4553/3948 5314/4552/5204 5242/4551/5132
f 5144/4652/5034 5242/4551/5132 4730/4558/4694 3751/4557/3728
f 5144/4652/5034 3751/4557/3728 5330/4556/5220 5275/4653/5165
f 5144/4652/5034 5275/4653/5165 4931/4554/4880 3972/4553/3948
f 5145/4654/5035 5271/3795/5161 4500/3796/4468 5243/4560/5133
f 5145/4654/5035 5243/4560/5133 4721/4562/4685 5252/4561/5142
f 5145/4654/5035 5252/4561/5142 5334/4549/5224 5284/4545/5174
f 5145/4654/5035 5284/4545/5174 5339/3794/5229 5271/3795/5161
f 5146/4655/5036 3962/3867/3939 5341/3837/5231 5276/4646/5166
f 5146/4655/5036 5276/4646/5166 4729/3158/4693 3752/4234/3729
f 5146/4655/5036 3752/4234/3729 5333/3160/5223 5283/4650/5173
f 5146/4655/5036 5283/4650/5173 4934/3859/4882 3962/3867/3939
f 5147/4656/5037 5233/4565/5123 5313/4536/5203 5241/4649/5131
f 5147/4656/5037 5241/4649/5131 5332/4538/5222 3753/4569/3730
f 5147/4656/5037 3753/4569/3730 5327/4568/5217 5239/4567/5129
f 5147/4656/5037 5239/4567/5129 4629/4566/4595 5233/4565/5123
f 5148/4657/5038 3971/4571/3947 4931/4554/4880 5275/4653/5165
f 5148/4657/5038 5275/4653/5165 5330/4556/5220 3754/4572/3731
f 5148/4657/5038 3754/4572/3731 5331/4540/5221 5249/4648/5139
f 5148/4657/5038 5249/4648/5139 5315/4534/5205 3971/4571/3947
f 5149/4658/5039 5270/4382/5160 5312/3877/5202 5246/4574/5136
f 5149/4658/5039 5246/4574/5136 5325/3142/5215 5253/4229/5143
f 5149/4658/5039 5253/4229/5143 4728/3144/4692 5282/4645/5172
f 5149/4658/5039 5282/4645/5172 5340/3839/5230 5270/4382/5160
f 5150/4659/5040 5262/4578/5152 5336/4577/5226 5281/4576/5171
f 5150/4659/5040 5281/4576/5171 5328/3136/5218 3755/3137/3732
f 5150/4659/5040 3755/3137/3732 5323/3082/5213 5274/4660/5164
f 5150/4659/5040 5274/4660/5164 4929/4579/4878 5262/4578/5152
f 5151/4661/5041 5269/4583/5159 5338/3886/5228 5280/4662/5170
f 5151/4661/5041 5280/4662/5170 5322/3075/5212 5254/4227/5144
f 5151/4661/5041 5254/4227/5144 5324/3091/5214 5238/4663/5128
f 5151/4661/5041 5238/4663/5128 5317/4584/5207 5269/4583/5159
f 5152/4586/5042 5232/3821/5122 4519/3800/4487 5247/4587/5137
f 5152/4586/5042 5247/4587/5137 5326/4591/5216 5255/4590/5145
f 5152/4586/5042 5255/4590/5145 4720/4589/4684 5235/4588/5125
f 5152/4586/5042 5235/4588/5125 4660/4367/4625 5232/3821/5122
f 5153/4592/5043 5231/3865/5121 4658/3862/4623 5240/4546/5130
f 5153/4592/5043 5240/4546/5130 4727/4547/4691 3756/4593/3733
f 5153/4592/5043 3756/4593/3733 5329/4531/5219 5248/4527/5138
f 5153/4592/5043 5248/4527/5138 4603/3828/4570 5231/3865/5121
f 5154/4664/5044 5268/4364/5158 4510/3810/4478 5245/4595/5135
f 5154/4664/5044 5245/4595/5135 4726/4599/4690 5256/4598/5146
f 5154/4664/5044 5256/4598/5146 5321/4597/5211 5273/4596/5163
f 5154/4664/5044 5273/4596/5163 5337/3808/5227 5268/4364/5158
f 5155/4665/5045 5267/4603/5157 4927/4602/4876 5279/4666/5169
f 5155/4665/5045 5279/4666/5169 5320/4211/5210 5257/4221/5147
f 5155/4665/5045 5257/4221/5147 4725/3073/4689 5237/4604/5127
f 5155/4665/5045 5237/4604/5127 4705/3880/4669 5267/4603/5157
f 5156/4605/5046 3970/4608/3946 4629/4607/4595 5239/4606/5129
f 5156/4605/5046 5239/4606/5129 5327/4610/5217 3757/4609/3734
f 5156/4605/5046 3757/4609/3734 5328/3136/5218 5281/4576/5171
f 5156/4605/5046 5281/4576/5171 5336/4577/5226 3970/4608/3946
f 5157/4611/5047 5266/3801/5156 4923/3802/4873 5278/4612/5168
f 5157/4611/5047 5278/4612/5168 5319/4614/5209 5258/4613/5148
f 5157/4611/5047 5258/4613/5148 5326/4591/5216 5247/4587/5137
f 5157/4611/5047 5247/4587/5137 4519/3800/4487 5266/3801/5156
f 5158/4667/5048 5230/4616/5120 5317/4584/5207 5238/4663/5128
f 5158/4667/5048 5238/4663/5128 5324/3091/5214 3758/4217/3735
f 5158/4667/5048 3758/4217/3735 5325/3093/5215 5246/4618/5136
f 5158/4667/5048 5246/4618/5136 5312/4617/5202 5230/4616/5120
f 5159/4668/5049 3969/4620/3945 4929/4579/4878 5274/4660/5164
f 5159/4668/5049 5274/4660/5164 5323/3082/5213 3759/4215/3736
f 5159/4668/5049 3759/4215/3736 4726/3084/4690 5245/4622/5135
f 5159/4668/5049 5245/4622/5135 4510/4621/4478 3969/4620/3945
f 5160/4669/5050 3968/3879/3944 4705/3880/4669 5237/4604/5127
f 5160/4669/5050 5237/4604/5127 4725/3073/4689 3760/3074/3737
f 5160/4669/5050 3760/3074/3737 5322/3075/5212 5280/4662/5170
f 5160/4669/5050 5280/4662/5170 5338/3886/5228 3968/3879/3944
f 5161/4624/5051 5261/3823/5151 5337/3808/5227 5273/4596/5163
f 5161/4624/5051 5273/4596/5163 5321/4597/5211 3761/4627/3738
f 5161/4624/5051 3761/4627/3738 5318/4626/5208 5272/4625/5162
f 5161/4624/5051 5272/4625/5162 5335/3804/5225 5261/3823/5151
f 5162/4670/5052 5265/4631/5155 4701/4630/4665 5244/4629/5134
f 5162/4670/5052 5244/4629/5134 4724/3045/4688 3762/4209/3739
f 5162/4670/5052 3762/4209/3739 5320/4211/5210 5279/4666/5169
f 5162/4670/5052 5279/4666/5169 4927/4602/4876 5265/4631/5155
f 5163/4632/5053 3959/3803/3936 5335/3804/5225 5272/4625/5162
f 5163/4632/5053 5272/4625/5162 5318/4626/5208 3763/4633/3740
f 5163/4632/5053 3763/4633/3740 5319/4614/5209 5278/4612/5168
f 5163/4632/5053 5278/4612/5168 4923/3802/4873 3959/3803/3936
f 5164/4634/5054 5264/4637/5154 4924/4636/4874 5277/4635/5167
f 5164/4634/5054 5277/4635/5167 4723/3043/4687 5259/3044/5149
f 5164/4634/5054 5259/3044/5149 4724/3045/4688 5244/4629/5134
f 5164/4634/5054 5244/4629/5134 4701/4630/4665 5264/4637/5154
f 5165/4671/5055 3967/3890/3943 5316/3826/5206 5236/4528/5126
f 5165/4671/5055 5236/4528/5126 4722/4529/4686 5260/4641/5150
f 5165/4671/5055 5260/4641/5150 4723/4640/4687 5277/4639/5167
f 5165/4671/5055 5277/4639/5167 4924/3889/4874 3967/3890/3943
f 5166/4642/5056 3718/3871/3695 4660/4367/4625 5235/4588/5125
f 5166/4642/5056 5235/4588/5125 4720/4589/4684 3764/4643/3741
f 5166/4642/5056 3764/4643/3741 4721/4562/4685 5243/4560/5133
f 5166/4642/5056 5243/4560/5133 4500/3796/4468 3718/3871/3695
f 5342/4672/5232 5430/4673/5320 5533/4674/5423 5460/4675/5350
f 5342/4672/5232 5460/4675/5350 5565/4676/5455 5415/4677/5305
f 5342/4672/5232 5415/4677/5305 4886/4678/4837 5402/4679/5292
f 5342/4672/5232 5402/4679/5292 4388/4680/4359 5430/4673/5320
f 5343/4681/5233 5432/4682/5322 5566/4683/5456 5459/4684/5349
f 5343/4681/5233 5459/4684/5349 5534/4685/5424 5417/4686/5307
f 5343/4681/5233 5417/4686/5307 4389/3016/4360 2340/3020/2336
f 5343/4681/5233 2340/3020/2336 4888/3019/4839 5432/4682/5322
f 5344/4687/5234 5434/4688/5324 5535/4689/5425 5458/4690/5348
f 5344/4687/5234 5458/4690/5348 5536/4691/5426 5419/4692/5309
f 5344/4687/5234 5419/4692/5309 4086/4693/4061 5403/4694/5293
f 5344/4687/5234 5403/4694/5293 4390/4695/4361 5434/4688/5324
f 5345/4696/5235 5436/4697/5326 5537/4698/5427 5457/4699/5347
f 5345/4696/5235 5457/4699/5347 5538/4700/5428 5421/4701/5311
f 5345/4696/5235 5421/4701/5311 5519/4702/5409 2407/4703/2403
f 5345/4696/5235 2407/4703/2403 5526/4704/5416 5436/4697/5326
f 5346/4705/5236 5419/4692/5309 5536/4691/5426 5456/4706/5346
f 5346/4705/5236 5456/4706/5346 5539/4707/5429 5422/4708/5312
f 5346/4705/5236 5422/4708/5312 5527/4709/5417 5404/4710/5294
f 5346/4705/5236 5404/4710/5294 4086/4693/4061 5419/4692/5309
f 5347/4711/5237 5422/4708/5312 5539/4707/5429 5455/4712/5345
f 5347/4711/5237 5455/4712/5345 5540/4713/5430 5423/4714/5313
f 5347/4711/5237 5423/4714/5313 5528/2593/5418 2609/2592/2604
f 5347/4711/5237 2609/2592/2604 5527/4709/5417 5422/4708/5312
f 5348/4715/5238 5417/4686/5307 5534/4685/5424 5454/4716/5344
f 5348/4715/5238 5454/4716/5344 5537/4698/5427 5436/4697/5326
f 5348/4715/5238 5436/4697/5326 5526/4704/5416 2618/3012/2613
f 5348/4715/5238 2618/3012/2613 4389/3016/4360 5417/4686/5307
f 5349/4717/5239 5421/4718/5311 5538/4719/5428 5453/4720/5343
f 5349/4717/5239 5453/4720/5343 5535/4689/5425 5434/4688/5324
f 5349/4717/5239 5434/4688/5324 4390/4695/4361 5405/4721/5295
f 5349/4717/5239 5405/4721/5295 5519/4722/5409 5421/4718/5311
f 5350/4723/5240 5423/4714/5313 5540/4713/5430 5452/4724/5342
f 5350/4723/5240 5452/4724/5342 5541/4725/5431 5424/4726/5314
f 5350/4723/5240 5424/4726/5314 5529/2968/5419 5406/2967/5296
f 5350/4723/5240 5406/2967/5296 5528/2593/5418 5423/4714/5313
f 5351/4727/5241 5441/4728/5331 5542/4729/5432 5451/4730/5341
f 5351/4727/5241 5451/4730/5341 5543/4731/5433 5426/4732/5316
f 5351/4727/5241 5426/4732/5316 5520/4733/5410 5407/4734/5297
f 5351/4727/5241 5407/4734/5297 4245/4735/4217 5441/4728/5331
f 5352/4736/5242 5426/4732/5316 5543/4731/5433 5450/4737/5340
f 5352/4736/5242 5450/4737/5340 5533/4674/5423 5430/4673/5320
f 5352/4736/5242 5430/4673/5320 4388/4680/4359 2777/4738/2765
f 5352/4736/5242 2777/4738/2765 5520/4733/5410 5426/4732/5316
f 5353/4739/5243 5443/4740/5333 5544/4741/5434 5449/4742/5339
f 5353/4739/5243 5449/4742/5339 5545/4743/5435 5428/4744/5318
f 5353/4739/5243 5428/4744/5318 5532/2898/5422 2789/3000/2777
f 5353/4739/5243 2789/3000/2777 4391/2908/4362 5443/4740/5333
f 5354/4745/5244 5445/4746/5335 5546/4747/5436 5448/4748/5338
f 5354/4745/5244 5448/4748/5338 5544/4741/5434 5443/4740/5333
f 5354/4745/5244 5443/4740/5333 4391/2908/4362 2809/2907/2797
f 5354/4745/5244 2809/2907/2797 4392/2906/4363 5445/4746/5335
f 5355/4749/5245 5424/4726/5314 5541/4725/5431 5447/4750/5337
f 5355/4749/5245 5447/4750/5337 5546/4747/5436 5445/4746/5335
f 5355/4749/5245 5445/4746/5335 4392/2906/4363 5408/2971/5298
f 5355/4749/5245 5408/2971/5298 5529/2968/5419 5424/4726/5314
f 5356/4751/5246 5428/4744/5318 5545/4743/5435 5446/4752/5336
f 5356/4751/5246 5446/4752/5336 5542/4753/5432 5441/4754/5331
f 5356/4751/5246 5441/4754/5331 4245/2900/4217 2831/2899/2819
f 5356/4751/5246 2831/2899/2819 5532/2898/5422 5428/4744/5318
f 5357/4755/5247 5444/4756/5334 5522/4757/5412 6291/4758/6157
f 5357/4755/5247 6291/4758/6157 5531/4759/5421 5425/4760/5315
f 5357/4755/5247 5425/4760/5315 5542/4761/5432 5446/4762/5336
f 5357/4755/5247 5446/4762/5336 5545/4763/5435 5444/4756/5334
f 5358/4764/5248 5440/4765/5330 6372/4766/6238 6290/4767/6156
f 5358/4764/5248 6290/4767/6156 6371/4768/6237 5429/4769/5319
f 5358/4764/5248 5429/4769/5319 5546/4747/5436 5447/4750/5337
f 5358/4764/5248 5447/4750/5337 5541/4725/5431 5440/4765/5330
f 5359/4770/5249 5429/4769/5319 6371/4768/6237 5413/4771/5303
f 5359/4770/5249 5413/4771/5303 5521/4772/5411 5427/4773/5317
f 5359/4770/5249 5427/4773/5317 5544/4741/5434 5448/4748/5338
f 5359/4770/5249 5448/4748/5338 5546/4747/5436 5429/4769/5319
f 5360/4774/5250 5427/4773/5317 5521/4772/5411 5412/4775/5302
f 5360/4774/5250 5412/4775/5302 5522/4776/5412 5444/4777/5334
f 5360/4774/5250 5444/4777/5334 5545/4743/5435 5449/4742/5339
f 5360/4774/5250 5449/4742/5339 5544/4741/5434 5427/4773/5317
f 5361/4778/5251 5442/4779/5332 5530/4780/5420 6289/4781/6155
f 5361/4778/5251 6289/4781/6155 6343/4782/6209 5414/4783/5304
f 5361/4778/5251 5414/4783/5304 5533/4784/5423 5450/4785/5340
f 5361/4778/5251 5450/4785/5340 5543/4786/5433 5442/4779/5332
f 5362/4787/5252 5425/4760/5315 5531/4759/5421 6288/4788/6154
f 5362/4787/5252 6288/4788/6154 5530/4780/5420 5442/4779/5332
f 5362/4787/5252 5442/4779/5332 5543/4786/5433 5451/4789/5341
f 5362/4787/5252 5451/4789/5341 5542/4761/5432 5425/4760/5315
f 5363/4790/5253 5439/4791/5329 6351/4792/6217 5411/4793/5301
f 5363/4790/5253 5411/4793/5301 6372/4766/6238 5440/4765/5330
f 5363/4790/5253 5440/4765/5330 5541/4725/5431 5452/4724/5342
f 5363/4790/5253 5452/4724/5342 5540/4713/5430 5439/4791/5329
f 5364/4794/5254 5437/4795/5327 6447/4796/6313 6287/4797/6153
f 5364/4794/5254 6287/4797/6153 5524/4798/5414 5418/4799/5308
f 5364/4794/5254 5418/4799/5308 5535/4800/5425 5453/4801/5343
f 5364/4794/5254 5453/4801/5343 5538/4802/5428 5437/4795/5327
f 5365/4803/5255 5433/4804/5323 6347/4805/6213 5410/4806/5300
f 5365/4803/5255 5410/4806/5300 5525/4807/5415 5420/4808/5310
f 5365/4803/5255 5420/4808/5310 5537/4809/5427 5454/4810/5344
f 5365/4803/5255 5454/4810/5344 5534/4811/5424 5433/4804/5323
f 5366/4812/5256 5438/4813/5328 5523/4814/5413 6286/4815/6152
f 5366/4812/5256 6286/4815/6152 6351/4792/6217 5439/4791/5329
f 5366/4812/5256 5439/4791/5329 5540/4713/5430 5455/4712/5345
f 5366/4812/5256 5455/4712/5345 5539/4707/5429 5438/4813/5328
f 5367/4816/5257 5435/4817/5325 6446/4818/6312 6285/4819/6151
f 5367/4816/5257 6285/4819/6151 5523/4820/5413 5438/4821/5328
f 5367/4816/5257 5438/4821/5328 5539/4822/5429 5456/4823/5346
f 5367/4816/5257 5456/4823/5346 5536/4824/5426 5435/4817/5325
f 5368/4825/5258 5420/4808/5310 5525/4807/5415 6284/4826/6150
f 5368/4825/5258 6284/4826/6150 6447/4796/6313 5437/4795/5327
f 5368/4825/5258 5437/4795/5327 5538/4802/5428 5457/4827/5347
f 5368/4825/5258 5457/4827/5347 5537/4809/5427 5420/4808/5310
f 5369/4828/5259 5418/4799/5308 5524/4798/5414 6283/4829/6149
f 5369/4828/5259 6283/4829/6149 6446/4818/6312 5435/4817/5325
f 5369/4828/5259 5435/4817/5325 5536/4824/5426 5458/4830/5348
f 5369/4828/5259 5458/4830/5348 5535/4800/5425 5418/4799/5308
f 5370/4831/5260 5416/4832/5306 6396/4833/6262 5409/4834/5299
f 5370/4831/5260 5409/4834/5299 6347/4805/6213 5433/4804/5323
f 5370/4831/5260 5433/4804/5323 5534/4811/5424 5459/4835/5349
f 5370/4831/5260 5459/4835/5349 5566/4836/5456 5416/4832/5306
f 5371/4837/5261 5414/4783/5304 6343/4782/6209 6282/4838/6148
f 5371/4837/5261 6282/4838/6148 6388/4839/6254 5431/4840/5321
f 5371/4837/5261 5431/4840/5321 5565/4841/5455 5460/4842/5350
f 5371/4837/5261 5460/4842/5350 5533/4784/5423 5414/4783/5304
f 5372/4843/5262 5518/4675/5408 5564/4674/5454 5490/4844/5380
f 5372/4843/5262 5490/4844/5380 5553/4680/5443 3237/4679/3221
f 5372/4843/5262 3237/4679/3221 4886/4678/4837 5415/4677/5305
f 5372/4843/5262 5415/4677/5305 5565/4676/5455 5518/4675/5408
f 5373/4681/5263 5517/4684/5407 5566/4683/5456 5432/4682/5322
f 5373/4681/5263 5432/4682/5322 4888/3019/4839 5461/3020/5351
f 5373/4681/5263 5461/3020/5351 4887/3016/4838 5477/4686/5367
f 5373/4681/5263 5477/4686/5367 5567/4685/5457 5517/4684/5407
f 5374/4845/5264 5516/4690/5406 5568/4689/5458 5492/4688/5382
f 5374/4845/5264 5492/4688/5382 5554/4695/5444 3294/4694/3278
f 5374/4845/5264 3294/4694/3278 5547/4693/5437 5479/4692/5369
f 5374/4845/5264 5479/4692/5369 5569/4691/5459 5516/4690/5406
f 5375/4846/5265 5515/4699/5405 5570/4698/5460 5494/4697/5384
f 5375/4846/5265 5494/4697/5384 4889/4704/4840 3303/4703/3287
f 5375/4846/5265 3303/4703/3287 5548/4702/5438 5481/4701/5371
f 5375/4846/5265 5481/4701/5371 5571/4700/5461 5515/4699/5405
f 5376/4705/5266 5514/4706/5404 5569/4691/5459 5479/4692/5369
f 5376/4705/5266 5479/4692/5369 5547/4693/5437 5462/4710/5352
f 5376/4705/5266 5462/4710/5352 5556/4709/5446 5482/4708/5372
f 5376/4705/5266 5482/4708/5372 5572/4707/5462 5514/4706/5404
f 5377/4711/5267 5513/4712/5403 5572/4707/5462 5482/4708/5372
f 5377/4711/5267 5482/4708/5372 5556/4709/5446 5463/2592/5353
f 5377/4711/5267 5463/2592/5353 5557/2593/5447 5483/4714/5373
f 5377/4711/5267 5483/4714/5373 5573/4713/5463 5513/4712/5403
f 5378/4715/5268 5512/4716/5402 5567/4685/5457 5477/4686/5367
f 5378/4715/5268 5477/4686/5367 4887/3016/4838 5464/3012/5354
f 5378/4715/5268 5464/3012/5354 4889/4704/4840 5494/4697/5384
f 5378/4715/5268 5494/4697/5384 5570/4698/5460 5512/4716/5402
f 5379/4847/5269 5511/4720/5401 5571/4719/5461 5481/4718/5371
f 5379/4847/5269 5481/4718/5371 5548/4722/5438 3523/4721/3503
f 5379/4847/5269 3523/4721/3503 5554/4695/5444 5492/4688/5382
f 5379/4847/5269 5492/4688/5382 5568/4689/5458 5511/4720/5401
f 5380/4848/5270 5510/4724/5400 5573/4713/5463 5483/4714/5373
f 5380/4848/5270 5483/4714/5373 5557/2593/5447 5465/2967/5355
f 5380/4848/5270 5465/2967/5355 5558/2968/5448 5484/4849/5374
f 5380/4848/5270 5484/4849/5374 5574/4725/5464 5510/4724/5400
f 5381/4727/5271 5509/4730/5399 5575/4729/5465 5499/4728/5389
f 5381/4727/5271 5499/4728/5389 5549/4735/5439 5466/4734/5356
f 5381/4727/5271 5466/4734/5356 5550/4733/5440 5486/4732/5376
f 5381/4727/5271 5486/4732/5376 5576/4731/5466 5509/4730/5399
f 5382/4850/5272 5508/4737/5398 5576/4731/5466 5486/4732/5376
f 5382/4850/5272 5486/4732/5376 5550/4733/5440 5467/4738/5357
f 5382/4850/5272 5467/4738/5357 5553/4680/5443 5490/4844/5380
f 5382/4850/5272 5490/4844/5380 5564/4674/5454 5508/4737/5398
f 5383/4739/5273 5507/4742/5397 5577/4741/5467 5501/4740/5391
f 5383/4739/5273 5501/4740/5391 5562/2908/5452 3661/3000/3639
f 5383/4739/5273 3661/3000/3639 5561/2898/5451 5488/4744/5378
f 5383/4739/5273 5488/4744/5378 5578/4743/5468 5507/4742/5397
f 5384/4745/5274 5506/4748/5396 5579/4747/5469 5503/4851/5393
f 5384/4745/5274 5503/4851/5393 5563/2906/5453 5468/2907/5358
f 5384/4745/5274 5468/2907/5358 5562/2908/5452 5501/4740/5391
f 5384/4745/5274 5501/4740/5391 5577/4741/5467 5506/4748/5396
f 5385/4852/5275 5505/4750/5395 5574/4725/5464 5484/4849/5374
f 5385/4852/5275 5484/4849/5374 5558/2968/5448 3680/2971/3658
f 5385/4852/5275 3680/2971/3658 5563/2906/5453 5503/4851/5393
f 5385/4852/5275 5503/4851/5393 5579/4747/5469 5505/4750/5395
f 5386/4751/5276 5504/4752/5394 5578/4743/5468 5488/4744/5378
f 5386/4751/5276 5488/4744/5378 5561/2898/5451 5469/2899/5359
f 5386/4751/5276 5469/2899/5359 5549/2900/5439 5499/4754/5389
f 5386/4751/5276 5499/4754/5389 5575/4753/5465 5504/4752/5394
f 5387/4755/5277 5475/4758/5365 6437/4757/6303 5502/4756/5392
f 5387/4755/5277 5502/4756/5392 5578/4763/5468 5504/4762/5394
f 5387/4755/5277 5504/4762/5394 5575/4761/5465 5485/4760/5375
f 5387/4755/5277 5485/4760/5375 5560/4759/5450 5475/4758/5365
f 5388/4764/5278 6300/4767/6166 5551/4766/5441 5498/4765/5388
f 5388/4764/5278 5498/4765/5388 5574/4725/5464 5505/4750/5395
f 5388/4764/5278 5505/4750/5395 5579/4747/5469 5489/4769/5379
f 5388/4764/5278 5489/4769/5379 6424/4768/6290 6300/4767/6166
f 5389/4770/5279 5474/4771/5364 6424/4768/6290 5489/4769/5379
f 5389/4770/5279 5489/4769/5379 5579/4747/5469 5506/4748/5396
f 5389/4770/5279 5506/4748/5396 5577/4741/5467 5487/4773/5377
f 5389/4770/5279 5487/4773/5377 6416/4772/6282 5474/4771/5364
f 5390/4774/5280 6299/4775/6165 6416/4772/6282 5487/4773/5377
f 5390/4774/5280 5487/4773/5377 5577/4741/5467 5507/4742/5397
f 5390/4774/5280 5507/4742/5397 5578/4743/5468 5502/4777/5392
f 5390/4774/5280 5502/4777/5392 6437/4776/6303 6299/4775/6165
f 5391/4853/5281 6298/4781/6164 5559/4780/5449 5500/4779/5390
f 5391/4853/5281 5500/4779/5390 5576/4786/5466 5508/4785/5398
f 5391/4853/5281 5508/4785/5398 5564/4784/5454 5476/4854/5366
f 5391/4853/5281 5476/4854/5366 6389/4782/6255 6298/4781/6164
f 5392/4855/5282 6297/4788/6163 5560/4759/5450 5485/4760/5375
f 5392/4855/5282 5485/4760/5375 5575/4761/5465 5509/4789/5399
f 5392/4855/5282 5509/4789/5399 5576/4786/5466 5500/4779/5390
f 5392/4855/5282 5500/4779/5390 5559/4780/5449 6297/4788/6163
f 5393/4790/5283 6296/4793/6162 6401/4792/6267 5497/4791/5387
f 5393/4790/5283 5497/4791/5387 5573/4713/5463 5510/4724/5400
f 5393/4790/5283 5510/4724/5400 5574/4725/5464 5498/4765/5388
f 5393/4790/5283 5498/4765/5388 5551/4766/5441 6296/4793/6162
f 5394/4794/5284 6295/4797/6161 6448/4796/6314 5495/4795/5385
f 5394/4794/5284 5495/4795/5385 5571/4802/5461 5511/4801/5401
f 5394/4794/5284 5511/4801/5401 5568/4800/5458 5478/4856/5368
f 5394/4794/5284 5478/4856/5368 6444/4798/6310 6295/4797/6161
f 5395/4857/5285 5473/4806/5363 6397/4805/6263 5491/4858/5381
f 5395/4857/5285 5491/4858/5381 5567/4811/5457 5512/4810/5402
f 5395/4857/5285 5512/4810/5402 5570/4809/5460 5480/4859/5370
f 5395/4857/5285 5480/4859/5370 6445/4807/6311 5473/4806/5363
f 5396/4812/5286 5472/4815/5362 5552/4814/5442 5496/4813/5386
f 5396/4812/5286 5496/4813/5386 5572/4707/5462 5513/4712/5403
f 5396/4812/5286 5513/4712/5403 5573/4713/5463 5497/4791/5387
f 5396/4812/5286 5497/4791/5387 6401/4792/6267 5472/4815/5362
f 5397/4816/5287 6294/4819/6160 5555/4818/5445 5493/4817/5383
f 5397/4816/5287 5493/4817/5383 5569/4824/5459 5514/4823/5404
f 5397/4816/5287 5514/4823/5404 5572/4822/5462 5496/4821/5386
f 5397/4816/5287 5496/4821/5386 5552/4820/5442 6294/4819/6160
f 5398/4860/5288 5471/4826/5361 6445/4807/6311 5480/4859/5370
f 5398/4860/5288 5480/4859/5370 5570/4809/5460 5515/4827/5405
f 5398/4860/5288 5515/4827/5405 5571/4802/5461 5495/4795/5385
f 5398/4860/5288 5495/4795/5385 6448/4796/6314 5471/4826/5361
f 5399/4861/5289 5470/4829/5360 6444/4798/6310 5478/4856/5368
f 5399/4861/5289 5478/4856/5368 5568/4800/5458 5516/4830/5406
f 5399/4861/5289 5516/4830/5406 5569/4824/5459 5493/4817/5383
f 5399/4861/5289 5493/4817/5383 5555/4818/5445 5470/4829/5360
f 5400/4862/5290 6293/4834/6159 6396/4833/6262 5416/4832/5306
f 5400/4862/5290 5416/4832/5306 5566/4836/5456 5517/4835/5407
f 5400/4862/5290 5517/4835/5407 5567/4811/5457 5491/4858/5381
f 5400/4862/5290 5491/4858/5381 6397/4805/6263 6293/4834/6159
f 5401/4863/5291 6292/4838/6158 6389/4782/6255 5476/4854/5366
f 5401/4863/5291 5476/4854/5366 5564/4784/5454 5518/4842/5408
f 5401/4863/5291 5518/4842/5408 5565/4841/5455 5431/4840/5321
f 5401/4863/5291 5431/4840/5321 6388/4839/6254 6292/4838/6158
f 5580/4864/5470 5667/4865/5549 5671/4866/5551 5611/4867/5501
f 5580/4864/5470 5611/4867/5501 5683/4868/5563 6332/4869/6198
f 5580/4864/5470 6332/4869/6198 6469/4870/6335 5644/4871/5475
f 5580/4864/5470 5644/4871/5475 5669/4872/5544 5667/4865/5549
f 5581/4873/5471 5666/4874/5548 5688/4875/5542 5626/4876/5477
f 5581/4873/5471 5626/4876/5477 6468/4877/6334 6331/4878/6197
f 5581/4873/5471 6331/4878/6197 6460/4879/6326 5649/4880/5531
f 5581/4873/5471 5649/4880/5531 5689/4881/5567 5666/4874/5548
f 5582/4882/5472 5665/4883/5547 5676/4884/5556 5609/4885/5499
f 5582/4882/5472 5609/4885/5499 5680/4886/5560 6327/4887/6193
f 5582/4882/5472 6327/4887/6193 5684/4888/5564 5637/4889/5523
f 5582/4882/5472 5637/4889/5523 5691/4890/5569 5665/4883/5547
f 5583/4891/5473 5664/4892/5546 5678/4893/5558 5640/4894/5526
f 5583/4891/5473 5640/4894/5526 6461/4895/6327 5631/4896/5517
f 5583/4891/5473 5631/4896/5517 5680/4886/5560 5609/4885/5499
f 5583/4891/5473 5609/4885/5499 5676/4884/5556 5664/4892/5546
f 5584/4897/5474 5663/4898/5545 5674/4899/5554 5642/4900/5528
f 5584/4897/5474 5642/4900/5528 5685/4901/5565 5634/4902/5520
f 5584/4897/5474 5634/4902/5520 5683/4868/5563 5611/4867/5501
f 5584/4897/5474 5611/4867/5501 5671/4866/5551 5663/4898/5545
f 5585/4903/5475 5662/4904/5544 5669/4872/5544 5644/4871/5475
f 5585/4903/5475 5644/4871/5475 6469/4870/6335 6336/4905/6202
f 5585/4903/5475 6336/4905/6202 6466/4906/6332 5614/4907/5475
f 5585/4903/5475 5614/4907/5475 5668/4908/5544 5662/4904/5544
f 5586/4909/5476 5661/4910/5543 5686/4911/5566 5646/4912/5530
f 5586/4909/5476 5646/4912/5530 6464/4913/6330 5633/4914/5519
f 5586/4909/5476 5633/4914/5519 5682/4915/5562 5647/4916/5477
f 5586/4909/5476 5647/4916/5477 5687/4917/5542 5661/4910/5543
f 5587/4918/5477 5660/4919/5542 5687/4917/5542 5647/4916/5477
f 5587/4918/5477 5647/4916/5477 5682/4915/5562 5635/4920/5521
f 5587/4918/5477 5635/4920/5521 6468/4877/6334 5626/4876/5477
f 5587/4918/5477 5626/4876/5477 5688/4875/5542 5660/4919/5542
f 5588/4921/5478 5659/4922/5541 5689/4881/5567 5649/4880/5531
f 5588/4921/5478 5649/4880/5531 6460/4879/6326 5632/4923/5518
f 5588/4921/5478 5632/4923/5518 5681/4924/5561 5630/4925/5516
f 5588/4921/5478 5630/4925/5516 5690/4926/5568 5659/4922/5541
f 5589/4927/5479 5658/4928/5540 5690/4926/5568 5630/4925/5516
f 5589/4927/5479 5630/4925/5516 5681/4924/5561 5636/4929/5522
f 5589/4927/5479 5636/4929/5522 6461/4930/6327 5640/4931/5526
f 5589/4927/5479 5640/4931/5526 5678/4932/5558 5658/4928/5540
f 5590/4933/5480 5657/4934/5539 5692/4935/5570 5652/4936/5534
f 5590/4933/5480 5652/4936/5534 6463/4937/6329 6325/4938/6191
f 5590/4933/5480 6325/4938/6191 6464/4939/6330 5646/4940/5530
f 5590/4933/5480 5646/4940/5530 5686/4941/5566 5657/4934/5539
f 5591/4942/5481 5656/4943/5538 5691/4944/5569 5637/4945/5523
f 5591/4942/5481 5637/4945/5523 5684/4946/5564 6340/4947/6206
f 5591/4942/5481 6340/4947/6206 5685/4901/5565 5642/4900/5528
f 5591/4942/5481 5642/4900/5528 5674/4899/5554 5656/4943/5538
f 5592/4948/5482 5655/4949/5537 5668/4908/5544 5614/4907/5475
f 5592/4948/5482 5614/4907/5475 6466/4906/6332 6329/4950/6195
f 5592/4948/5482 6329/4950/6195 6465/4951/6331 5639/4952/5525
f 5592/4948/5482 5639/4952/5525 5693/4953/5571 5655/4949/5537
f 5593/4954/5483 5654/4955/5536 5693/4956/5571 5639/4957/5525
f 5593/4954/5483 5639/4957/5525 6465/4958/6331 6328/4959/6194
f 5593/4954/5483 6328/4959/6194 6463/4960/6329 5652/4961/5534
f 5593/4954/5483 5652/4961/5534 5692/4962/5570 5654/4955/5536
f 5594/4963/5484 5619/4964/5507 5673/4965/5553 5653/4966/5535
f 5594/4963/5484 5653/4966/5535 5693/4967/5571 5654/4968/5536
f 5594/4963/5484 5654/4968/5536 5692/4969/5570 5638/4970/5524
f 5594/4963/5484 5638/4970/5524 4894/4971/4845 5619/4964/5507
f 5595/4972/5485 5621/3676/5509 4900/4973/4850 5645/4974/5492
f 5595/4972/5485 5645/4974/5492 5668/4975/5544 5655/4976/5537
f 5595/4972/5485 5655/4976/5537 5693/4977/5571 5653/4978/5535
f 5595/4972/5485 5653/4978/5535 5673/3675/5553 5621/3676/5509
f 5596/4979/5486 5628/4980/5514 4912/3714/4862 5651/4981/5533
f 5596/4979/5486 5651/4981/5533 5691/4982/5569 5656/4983/5538
f 5596/4979/5486 5656/4983/5538 5674/4984/5554 5610/4985/5500
f 5596/4979/5486 5610/4985/5500 4902/4986/4852 5628/4980/5514
f 5597/4987/5487 5618/4988/5506 4894/4971/4845 5638/4970/5524
f 5597/4987/5487 5638/4970/5524 5692/4969/5570 5657/4989/5539
f 5597/4987/5487 5657/4989/5539 5686/4990/5566 5616/4991/5504
f 5597/4987/5487 5616/4991/5504 5672/4992/5552 5618/4988/5506
f 5598/4993/5488 5627/3617/5513 5679/3618/5559 5650/4994/5532
f 5598/4993/5488 5650/4994/5532 5690/4995/5568 5658/4996/5540
f 5598/4993/5488 5658/4996/5540 5678/4997/5558 5608/4998/5498
f 5598/4993/5488 5608/4998/5498 4914/3616/4864 5627/3617/5513
f 5599/4999/5489 5615/3687/5503 4892/3625/4843 5629/5000/5515
f 5599/4999/5489 5629/5000/5515 5689/5001/5567 5659/5002/5541
f 5599/4999/5489 5659/5002/5541 5690/4995/5568 5650/4994/5532
f 5599/4999/5489 5650/4994/5532 5679/3618/5559 5615/3687/5503
f 5600/5003/5490 5625/3665/5512 5677/3666/5557 5624/5004/5490
f 5600/5003/5490 5624/5004/5490 5687/5005/5542 5660/5006/5542
f 5600/5003/5490 5660/5006/5542 5688/5007/5542 5648/5008/5490
f 5600/5003/5490 5648/5008/5490 5675/3627/5555 5625/3665/5512
f 5601/5009/5491 5617/3684/5505 5672/5010/5552 5616/5011/5504
f 5601/5009/5491 5616/5011/5504 5686/5012/5566 5661/5013/5543
f 5601/5009/5491 5661/5013/5543 5687/5005/5542 5624/5004/5490
f 5601/5009/5491 5624/5004/5490 5677/3666/5557 5617/3684/5505
f 5602/5014/5492 3926/5015/3903 4897/5016/4848 5613/5017/5492
f 5602/5014/5492 5613/5017/5492 5669/5018/5544 5662/5019/5544
f 5602/5014/5492 5662/5019/5544 5668/4975/5544 5645/4974/5492
f 5602/5014/5492 5645/4974/5492 4900/4973/4850 3926/5015/3903
f 5603/5020/5493 5620/5021/5508 4902/4986/4852 5610/4985/5500
f 5603/5020/5493 5610/4985/5500 5674/4984/5554 5663/5022/5545
f 5603/5020/5493 5663/5022/5545 5671/5023/5551 5643/5024/5529
f 5603/5020/5493 5643/5024/5529 4896/5025/4847 5620/5021/5508
f 5604/5026/5494 5612/3722/5502 4914/3616/4864 5608/4998/5498
f 5604/5026/5494 5608/4998/5498 5678/4997/5558 5664/5027/5546
f 5604/5026/5494 5664/5027/5546 5676/5028/5556 5641/5029/5527
f 5604/5026/5494 5641/5029/5527 5670/3721/5550 5612/3722/5502
f 5605/5030/5495 3918/3744/3895 5670/3721/5550 5641/5029/5527
f 5605/5030/5495 5641/5029/5527 5676/5028/5556 5665/5031/5547
f 5605/5030/5495 5665/5031/5547 5691/5032/5569 5651/5033/5533
f 5605/5030/5495 5651/5033/5533 4912/3743/4862 3918/3744/3895
f 5606/5034/5496 5622/3626/5510 5675/3627/5555 5648/5008/5490
f 5606/5034/5496 5648/5008/5490 5688/5007/5542 5666/5035/5548
f 5606/5034/5496 5666/5035/5548 5689/5001/5567 5629/5000/5515
f 5606/5034/5496 5629/5000/5515 4892/3625/4843 5622/3626/5510
f 5607/5036/5497 5623/5037/5511 4896/5025/4847 5643/5024/5529
f 5607/5036/5497 5643/5024/5529 5671/5023/5551 5667/5038/5549
f 5607/5036/5497 5667/5038/5549 5669/5018/5544 5613/5017/5492
f 5607/5036/5497 5613/5017/5492 4897/5016/4848 5623/5037/5511
f 5694/5039/5572 5754/5040/5632 5767/5041/5645 5720/5042/5598
f 5694/5039/5572 5720/5042/5598 6438/5043/6304 6277/5044/6143
f 5694/5039/5572 6277/5044/6143 6442/5045/6308 5742/5046/5620
f 5694/5039/5572 5742/5046/5620 5771/5047/5649 5754/5040/5632
f 5695/5048/5573 5753/5049/5631 5770/5050/5648 5726/5051/5604
f 5695/5048/5573 5726/5051/5604 5761/5052/5639 5732/5053/5610
f 5695/5048/5573 5732/5053/5610 5762/5054/5640 5714/5055/5592
f 5695/5048/5573 5714/5055/5592 5764/5056/5642 5753/5049/5631
f 5696/5057/5574 5752/5058/5630 5765/5059/5643 5736/5060/5614
f 5696/5057/5574 5736/5060/5614 5758/5061/5636 5730/5062/5608
f 5696/5057/5574 5730/5062/5608 5760/5063/5638 5737/5064/5615
f 5696/5057/5574 5737/5064/5615 5766/5065/5644 5752/5058/5630
f 5697/5066/5575 5751/5067/5629 5766/5068/5644 5737/5069/5615
f 5697/5066/5575 5737/5069/5615 5760/5070/5638 5729/5071/5607
f 5697/5066/5575 5729/5071/5607 6438/5072/6304 5720/5073/5598
f 5697/5066/5575 5720/5073/5598 5767/5074/5645 5751/5067/5629
f 5698/5075/5576 5750/5076/5628 5768/5077/5646 5739/5078/5617
f 5698/5075/5576 5739/5078/5617 6443/5079/6309 6279/5080/6145
f 5698/5075/5576 6279/5080/6145 5763/5081/5641 5740/5082/5618
f 5698/5075/5576 5740/5082/5618 5769/5083/5647 5750/5076/5628
f 5699/5084/5577 5749/5085/5627 5769/5086/5647 5740/5087/5618
f 5699/5084/5577 5740/5087/5618 5763/5088/5641 5733/5089/5611
f 5699/5084/5577 5733/5089/5611 5761/5090/5639 5726/5091/5604
f 5699/5084/5577 5726/5091/5604 5770/5092/5648 5749/5085/5627
f 5700/5093/5578 5748/5094/5626 5771/5095/5649 5742/5096/5620
f 5700/5093/5578 5742/5096/5620 6442/5097/6308 6281/5098/6147
f 5700/5093/5578 6281/5098/6147 5759/5099/5637 5728/5100/5606
f 5700/5093/5578 5728/5100/5606 5772/5101/5650 5748/5094/5626
f 5701/5102/5579 5747/5103/5625 5764/5104/5642 5714/5105/5592
f 5701/5102/5579 5714/5105/5592 5762/5106/5640 6276/5107/6142
f 5701/5102/5579 6276/5107/6142 6441/5108/6307 5734/5109/5612
f 5701/5102/5579 5734/5109/5612 5773/5110/5651 5747/5103/5625
f 5702/5111/5580 5746/5112/5624 5773/5110/5651 5734/5109/5612
f 5702/5111/5580 5734/5109/5612 6441/5108/6307 5731/5113/5609
f 5702/5111/5580 5731/5113/5609 5758/5061/5636 5736/5060/5614
f 5702/5111/5580 5736/5060/5614 5765/5059/5643 5746/5112/5624
f 5703/5114/5581 5745/5115/5623 5772/5101/5650 5728/5100/5606
f 5703/5114/5581 5728/5100/5606 5759/5099/5637 6280/5116/6146
f 5703/5114/5581 6280/5116/6146 6443/5079/6309 5739/5078/5617
f 5703/5114/5581 5739/5078/5617 5768/5077/5646 5745/5115/5623
f 5704/5117/5582 3551/5118/3531 4613/5119/4579 5743/5120/5621
f 5704/5117/5582 5743/5120/5621 5772/5121/5650 5745/5122/5623
f 5704/5117/5582 5745/5122/5623 5768/5123/5646 5724/5124/5602
f 5704/5117/5582 5724/5124/5602 5757/5125/5635 3551/5118/3531
f 5705/5126/5583 3496/2596/3479 5755/2579/5633 5744/5127/5622
f 5705/5126/5583 5744/5127/5622 5773/5128/5651 5746/5129/5624
f 5705/5126/5583 5746/5129/5624 5765/5130/5643 5716/5131/5594
f 5705/5126/5583 5716/5131/5594 4587/2587/4554 3496/2596/3479
f 5706/5132/5584 3511/2580/3492 4611/5133/4577 5735/5134/5613
f 5706/5132/5584 5735/5134/5613 5764/5135/5642 5747/5136/5625
f 5706/5132/5584 5747/5136/5625 5773/5128/5651 5744/5127/5622
f 5706/5132/5584 5744/5127/5622 5755/2579/5633 3511/2580/3492
f 5707/5137/5585 5723/2023/5601 4614/2024/4580 5727/5138/5605
f 5707/5137/5585 5727/5138/5605 5771/5095/5649 5748/5094/5626
f 5707/5137/5585 5748/5094/5626 5772/5101/5650 5743/5139/5621
f 5707/5137/5585 5743/5139/5621 4613/5140/4579 5723/2023/5601
f 5708/5141/5586 5721/5142/5599 4627/5143/4593 5725/5144/5603
f 5708/5141/5586 5725/5144/5603 5769/5145/5647 5749/5146/5627
f 5708/5141/5586 5749/5146/5627 5770/5147/5648 5741/5148/5619
f 5708/5141/5586 5741/5148/5619 5756/5149/5634 5721/5142/5599
f 5709/5150/5587 5722/5151/5600 5757/5125/5635 5724/5124/5602
f 5709/5150/5587 5724/5124/5602 5768/5123/5646 5750/5152/5628
f 5709/5150/5587 5750/5152/5628 5769/5153/5647 5725/5154/5603
f 5709/5150/5587 5725/5154/5603 4627/5155/4593 5722/5151/5600
f 5710/5156/5588 3468/2850/3452 4588/2585/4555 5719/5157/5597
f 5710/5156/5588 5719/5157/5597 5766/5068/5644 5751/5067/5629
f 5710/5156/5588 5751/5067/5629 5767/5074/5645 5738/5158/5616
f 5710/5156/5588 5738/5158/5616 4509/2852/4477 3468/2850/3452
f 5711/5159/5589 5715/2586/5593 4587/2587/4554 5716/5131/5594
f 5711/5159/5589 5716/5131/5594 5765/5130/5643 5752/5160/5630
f 5711/5159/5589 5752/5160/5630 5766/5068/5644 5719/5157/5597
f 5711/5159/5589 5719/5157/5597 4588/2585/4555 5715/2586/5593
f 5712/5161/5590 5717/5162/5595 5756/5149/5634 5741/5148/5619
f 5712/5161/5590 5741/5148/5619 5770/5147/5648 5753/5163/5631
f 5712/5161/5590 5753/5163/5631 5764/5164/5642 5735/5165/5613
f 5712/5161/5590 5735/5165/5613 4611/5166/4577 5717/5162/5595
f 5713/5167/5591 5718/2830/5596 4509/2831/4477 5738/5168/5616
f 5713/5167/5591 5738/5168/5616 5767/5041/5645 5754/5040/5632
f 5713/5167/5591 5754/5040/5632 5771/5047/5649 5727/5169/5605
f 5713/5167/5591 5727/5169/5605 4614/5170/4580 5718/2830/5596
f 5774/5039/5652 5800/5042/5678 5846/5041/5724 5832/5040/5710
f 5774/5039/5652 5832/5040/5710 5850/5047/5728 5820/5046/5698
f 5774/5039/5652 5820/5046/5698 6386/5045/6252 5809/5044/5687
f 5774/5039/5652 5809/5044/5687 5837/5043/5715 5800/5042/5678
f 5775/5171/5653 5804/5051/5682 5849/5050/5727 5831/5049/5709
f 5775/5171/5653 5831/5049/5709 5843/5056/5721 5794/5055/5672
f 5775/5171/5653 5794/5055/5672 5841/5054/5719 5808/5053/5686
f 5775/5171/5653 5808/5053/5686 5840/5052/5718 5804/5051/5682
f 5776/5172/5654 5814/5060/5692 5844/5059/5722 5830/5058/5708
f 5776/5172/5654 5830/5058/5708 5845/5065/5723 5815/5064/5693
f 5776/5172/5654 5815/5064/5693 5839/5063/5717 5807/5062/5685
f 5776/5172/5654 5807/5062/5685 6383/5061/6249 5814/5060/5692
f 5777/5066/5655 5815/5069/5693 5845/5068/5723 5829/5173/5707
f 5777/5066/5655 5829/5173/5707 5846/5074/5724 5800/5073/5678
f 5777/5066/5655 5800/5073/5678 5837/5072/5715 6185/5071/6051
f 5777/5066/5655 6185/5071/6051 5839/5070/5717 5815/5069/5693
f 5778/5174/5656 5817/5078/5695 5847/5077/5725 5828/5076/5706
f 5778/5174/5656 5828/5076/5706 5848/5083/5726 5818/5082/5696
f 5778/5174/5656 5818/5082/5696 5842/5081/5720 5810/5080/5688
f 5778/5174/5656 5810/5080/5688 6387/5079/6253 5817/5078/5695
f 5779/5084/5657 5818/5087/5696 5848/5086/5726 5827/5085/5705
f 5779/5084/5657 5827/5085/5705 5849/5092/5727 5804/5091/5682
f 5779/5084/5657 5804/5091/5682 5840/5090/5718 6190/5089/6056
f 5779/5084/5657 6190/5089/6056 5842/5088/5720 5818/5087/5696
f 5780/5175/5658 5820/5096/5698 5850/5095/5728 5826/5094/5704
f 5780/5175/5658 5826/5094/5704 5851/5101/5729 5806/5100/5684
f 5780/5175/5658 5806/5100/5684 5838/5099/5716 5811/5098/5689
f 5780/5175/5658 5811/5098/5689 6386/5097/6252 5820/5096/5698
f 5781/5176/5659 5794/5105/5672 5843/5104/5721 5825/5103/5703
f 5781/5176/5659 5825/5103/5703 5852/5110/5730 5812/5109/5690
f 5781/5176/5659 5812/5109/5690 6385/5108/6251 6188/5107/6054
f 5781/5176/5659 6188/5107/6054 5841/5106/5719 5794/5105/5672
f 5782/5177/5660 5812/5109/5690 5852/5110/5730 5824/5112/5702
f 5782/5177/5660 5824/5112/5702 5844/5059/5722 5814/5060/5692
f 5782/5177/5660 5814/5060/5692 6383/5061/6249 6186/5113/6052
f 5782/5177/5660 6186/5113/6052 6385/5108/6251 5812/5109/5690
f 5783/5114/5661 5806/5100/5684 5851/5101/5729 5823/5115/5701
f 5783/5114/5661 5823/5115/5701 5847/5077/5725 5817/5078/5695
f 5783/5114/5661 5817/5078/5695 6387/5079/6253 6191/5116/6057
f 5783/5114/5661 6191/5116/6057 5838/5099/5716 5806/5100/5684
f 5784/5117/5662 5821/5120/5699 4188/5119/4161 2670/5118/2662
f 5784/5117/5662 2670/5118/2662 4191/5125/4164 5802/5124/5680
f 5784/5117/5662 5802/5124/5680 5847/5123/5725 5823/5122/5701
f 5784/5117/5662 5823/5122/5701 5851/5121/5729 5821/5120/5699
f 5785/5178/5663 5822/5179/5700 4164/2579/4138 2611/2596/2606
f 5785/5178/5663 2611/2596/2606 5834/2587/5712 5796/5180/5674
f 5785/5178/5663 5796/5180/5674 5844/5130/5722 5824/5129/5702
f 5785/5178/5663 5824/5129/5702 5852/5128/5730 5822/5179/5700
f 5786/5181/5664 5813/5134/5691 4186/5133/4159 5797/2580/5675
f 5786/5181/5664 5797/2580/5675 4164/2579/4138 5822/5179/5700
f 5786/5181/5664 5822/5179/5700 5852/5128/5730 5825/5136/5703
f 5786/5181/5664 5825/5136/5703 5843/5135/5721 5813/5134/5691
f 5787/5137/5665 5805/5138/5683 5835/2024/5713 2671/2023/2663
f 5787/5137/5665 2671/2023/2663 4188/5140/4161 5821/5139/5699
f 5787/5137/5665 5821/5139/5699 5851/5101/5729 5826/5094/5704
f 5787/5137/5665 5826/5094/5704 5850/5095/5728 5805/5138/5683
f 5788/5182/5666 5803/5144/5681 5836/5143/5714 5801/5142/5679
f 5788/5182/5666 5801/5142/5679 4184/5149/4157 5819/5148/5697
f 5788/5182/5666 5819/5148/5697 5849/5147/5727 5827/5146/5705
f 5788/5182/5666 5827/5146/5705 5848/5145/5726 5803/5144/5681
f 5789/5183/5667 5802/5124/5680 4191/5125/4164 2668/5151/2660
f 5789/5183/5667 2668/5151/2660 5836/5155/5714 5803/5154/5681
f 5789/5183/5667 5803/5154/5681 5848/5153/5726 5828/5152/5706
f 5789/5183/5667 5828/5152/5706 5847/5123/5725 5802/5124/5680
f 5790/5184/5668 5799/5185/5677 4162/2585/4136 2582/2850/2578
f 5790/5184/5668 2582/2850/2578 5833/2852/5711 5816/5158/5694
f 5790/5184/5668 5816/5158/5694 5846/5074/5724 5829/5173/5707
f 5790/5184/5668 5829/5173/5707 5845/5068/5723 5799/5185/5677
f 5791/5186/5669 5796/5180/5674 5834/2587/5712 5795/2586/5673
f 5791/5186/5669 5795/2586/5673 4162/2585/4136 5799/5185/5677
f 5791/5186/5669 5799/5185/5677 5845/5068/5723 5830/5160/5708
f 5791/5186/5669 5830/5160/5708 5844/5130/5722 5796/5180/5674
f 5792/5161/5670 5819/5148/5697 4184/5149/4157 5798/5162/5676
f 5792/5161/5670 5798/5162/5676 4186/5166/4159 5813/5165/5691
f 5792/5161/5670 5813/5165/5691 5843/5164/5721 5831/5163/5709
f 5792/5161/5670 5831/5163/5709 5849/5147/5727 5819/5148/5697
f 5793/5167/5671 5816/5168/5694 5833/2831/5711 2641/2830/2633
f 5793/5167/5671 2641/2830/2633 5835/5170/5713 5805/5169/5683
f 5793/5167/5671 5805/5169/5683 5850/5047/5728 5832/5040/5710
f 5793/5167/5671 5832/5040/5710 5846/5041/5724 5816/5168/5694
f 5853/5187/5731 5884/5188/5762 5943/4866/5811 5939/4865/5809
f 5853/5187/5731 5939/4865/5809 5941/4872/5804 5916/5189/5736
f 5853/5187/5731 5916/5189/5736 5961/4870/5829 6312/4869/6178
f 5853/5187/5731 6312/4869/6178 6454/4868/6320 5884/5188/5762
f 5854/5190/5732 5899/4876/5738 5964/4875/5802 5938/4874/5808
f 5854/5190/5732 5938/4874/5808 5965/4881/5831 5921/5191/5791
f 5854/5190/5732 5921/5191/5791 6451/4879/6317 5905/4878/5779
f 5854/5190/5732 5905/4878/5779 6457/4877/6323 5899/4876/5738
f 5855/4882/5733 5882/4885/5760 5949/4884/5817 5937/4883/5807
f 5855/4882/5733 5937/4883/5807 5967/4890/5833 5909/4889/5783
f 5855/4882/5733 5909/4889/5783 5958/4888/5826 6308/4887/6174
f 5855/4882/5733 6308/4887/6174 5954/4886/5822 5882/4885/5760
f 5856/5192/5734 5912/4894/5786 5951/4893/5819 5936/4892/5806
f 5856/5192/5734 5936/4892/5806 5949/4884/5817 5882/4885/5760
f 5856/5192/5734 5882/4885/5760 5954/4886/5822 6303/4896/6169
f 5856/5192/5734 6303/4896/6169 5953/4895/5821 5912/4894/5786
f 5857/5193/5735 5914/4900/5788 5947/4899/5815 5935/4898/5805
f 5857/5193/5735 5935/4898/5805 5943/4866/5811 5884/5188/5762
f 5857/5193/5735 5884/5188/5762 6454/4868/6320 6310/4902/6176
f 5857/5193/5735 6310/4902/6176 5960/4901/5828 5914/4900/5788
f 5858/5194/5736 5916/5189/5736 5941/4872/5804 5934/4904/5804
f 5858/5194/5736 5934/4904/5804 5940/4908/5804 5887/4907/5736
f 5858/5194/5736 5887/4907/5736 6455/4906/6321 6316/4905/6182
f 5858/5194/5736 6316/4905/6182 5961/4870/5829 5916/5189/5736
f 5859/4909/5737 5918/4912/5790 5962/4911/5830 5933/4910/5803
f 5859/4909/5737 5933/4910/5803 5963/4917/5802 5919/4916/5738
f 5859/4909/5737 5919/4916/5738 5956/4915/5824 5903/4914/5777
f 5859/4909/5737 5903/4914/5777 5957/4913/5825 5918/4912/5790
f 5860/4918/5738 5919/4916/5738 5963/4917/5802 5932/4919/5802
f 5860/4918/5738 5932/4919/5802 5964/4875/5802 5899/4876/5738
f 5860/4918/5738 5899/4876/5738 6457/4877/6323 5906/4920/5780
f 5860/4918/5738 5906/4920/5780 5956/4915/5824 5919/4916/5738
f 5861/5195/5739 5921/5191/5791 5965/4881/5831 5931/4922/5801
f 5861/5195/5739 5931/4922/5801 5966/4926/5832 5902/4925/5776
f 5861/5195/5739 5902/4925/5776 5955/4924/5823 6304/4923/6170
f 5861/5195/5739 6304/4923/6170 6451/4879/6317 5921/5191/5791
f 5862/4927/5740 5902/4925/5776 5966/4926/5832 5930/4928/5800
f 5862/4927/5740 5930/4928/5800 5951/4932/5819 5912/4931/5786
f 5862/4927/5740 5912/4931/5786 5953/4930/5821 5907/4929/5781
f 5862/4927/5740 5907/4929/5781 5955/4924/5823 5902/4925/5776
f 5863/5196/5741 5924/4936/5794 5968/4935/5834 5929/4934/5799
f 5863/5196/5741 5929/4934/5799 5962/4941/5830 5918/4940/5790
f 5863/5196/5741 5918/4940/5790 5957/4939/5825 6306/4938/6172
f 5863/5196/5741 6306/4938/6172 6453/4937/6319 5924/4936/5794
f 5864/5197/5742 5909/4945/5783 5967/4944/5833 5928/4943/5798
f 5864/5197/5742 5928/4943/5798 5947/4899/5815 5914/4900/5788
f 5864/5197/5742 5914/4900/5788 5960/4901/5828 5908/4947/5782
f 5864/5197/5742 5908/4947/5782 5958/4946/5826 5909/4945/5783
f 5865/4948/5743 5887/4907/5736 5940/4908/5804 5927/4949/5797
f 5865/4948/5743 5927/4949/5797 5969/4953/5835 5911/4952/5785
f 5865/4948/5743 5911/4952/5785 5959/4951/5827 5904/4950/5778
f 5865/4948/5743 5904/4950/5778 6455/4906/6321 5887/4907/5736
f 5866/4954/5744 5911/4957/5785 5969/4956/5835 5926/4955/5796
f 5866/4954/5744 5926/4955/5796 5968/4962/5834 5924/4961/5794
f 5866/4954/5744 5924/4961/5794 6453/4960/6319 6309/4959/6175
f 5866/4954/5744 6309/4959/6175 5959/4958/5827 5911/4957/5785
f 5867/5198/5745 5925/4966/5795 5946/4965/5814 5892/4964/5768
f 5867/5198/5745 5892/4964/5768 4396/4971/4367 5910/5199/5784
f 5867/5198/5745 5910/5199/5784 5968/4969/5834 5926/4968/5796
f 5867/5198/5745 5926/4968/5796 5969/4967/5835 5925/4966/5795
f 5868/5200/5746 5917/4974/5753 4402/4973/4372 5894/3676/5770
f 5868/5200/5746 5894/3676/5770 5946/3675/5814 5925/4978/5795
f 5868/5200/5746 5925/4978/5795 5969/4977/5835 5927/4976/5797
f 5868/5200/5746 5927/4976/5797 5940/4975/5804 5917/4974/5753
f 5869/4979/5747 5923/4981/5793 5970/3714/5836 5900/4980/5774
f 5869/4979/5747 5900/4980/5774 5952/4986/5820 5883/4985/5761
f 5869/4979/5747 5883/4985/5761 5947/4984/5815 5928/4983/5798
f 5869/4979/5747 5928/4983/5798 5967/4982/5833 5923/4981/5793
f 5870/4987/5748 5910/5199/5784 4396/4971/4367 3059/4988/3045
f 5870/4987/5748 3059/4988/3045 4398/4992/4369 5889/4991/5765
f 5870/4987/5748 5889/4991/5765 5962/4990/5830 5929/4989/5799
f 5870/4987/5748 5929/4989/5799 5968/4969/5834 5910/5199/5784
f 5871/5201/5749 5922/4994/5792 4404/3618/4374 3071/3617/3057
f 5871/5201/5749 3071/3617/3057 4415/3616/4385 5881/4998/5759
f 5871/5201/5749 5881/4998/5759 5951/4997/5819 5930/4996/5800
f 5871/5201/5749 5930/4996/5800 5966/4995/5832 5922/4994/5792
f 5872/4999/5750 5901/5202/5775 5944/3625/5812 5888/3687/5764
f 5872/4999/5750 5888/3687/5764 4404/3618/4374 5922/4994/5792
f 5872/4999/5750 5922/4994/5792 5966/4995/5832 5931/5002/5801
f 5872/4999/5750 5931/5002/5801 5965/5001/5831 5901/5202/5775
f 5873/5203/5751 5896/5004/5751 5950/3666/5818 5897/3665/5772
f 5873/5203/5751 5897/3665/5772 4399/3627/4370 5920/5204/5751
f 5873/5203/5751 5920/5204/5751 5964/5007/5802 5932/5006/5802
f 5873/5203/5751 5932/5006/5802 5963/5005/5802 5896/5004/5751
f 5874/5009/5752 5889/5011/5765 4398/5010/4369 5890/3684/5766
f 5874/5009/5752 5890/3684/5766 5950/3666/5818 5896/5004/5751
f 5874/5009/5752 5896/5004/5751 5963/5005/5802 5933/5013/5803
f 5874/5009/5752 5933/5013/5803 5962/5012/5830 5889/5011/5765
f 5875/5205/5753 5886/5017/5753 5948/5016/5816 5898/5015/5773
f 5875/5205/5753 5898/5015/5773 4402/4973/4372 5917/4974/5753
f 5875/5205/5753 5917/4974/5753 5940/4975/5804 5934/5019/5804
f 5875/5205/5753 5934/5019/5804 5941/5018/5804 5886/5017/5753
f 5876/5020/5754 5883/4985/5761 5952/4986/5820 5893/5021/5769
f 5876/5020/5754 5893/5021/5769 5945/5025/5813 5915/5024/5789
f 5876/5020/5754 5915/5024/5789 5943/5023/5811 5935/5022/5805
f 5876/5020/5754 5935/5022/5805 5947/4984/5815 5883/4985/5761
f 5877/5206/5755 5881/4998/5759 4415/3616/4385 5885/3722/5763
f 5877/5206/5755 5885/3722/5763 5942/3721/5810 5913/5029/5787
f 5877/5206/5755 5913/5029/5787 5949/5028/5817 5936/5027/5806
f 5877/5206/5755 5936/5027/5806 5951/4997/5819 5881/4998/5759
f 5878/5207/5756 5913/5029/5787 5942/3721/5810 5891/3744/5767
f 5878/5207/5756 5891/3744/5767 5970/3743/5836 5923/5033/5793
f 5878/5207/5756 5923/5033/5793 5967/5032/5833 5937/5031/5807
f 5878/5207/5756 5937/5031/5807 5949/5028/5817 5913/5029/5787
f 5879/5208/5757 5920/5204/5751 4399/3627/4370 5895/3626/5771
f 5879/5208/5757 5895/3626/5771 5944/3625/5812 5901/5202/5775
f 5879/5208/5757 5901/5202/5775 5965/5001/5831 5938/5035/5808
f 5879/5208/5757 5938/5035/5808 5964/5007/5802 5920/5204/5751
f 5880/5036/5758 5915/5024/5789 5945/5025/5813 3063/5037/3049
f 5880/5036/5758 3063/5037/3049 5948/5016/5816 5886/5017/5753
f 5880/5036/5758 5886/5017/5753 5941/5018/5804 5939/5038/5809
f 5880/5036/5758 5939/5038/5809 5943/5023/5811 5915/5024/5789
usemtl Glass_Material
f 5971/5209/5837 6094/5209/5960 6388/5209/6254 6282/5209/6148
f 5971/5209/5837 6282/5209/6148 6343/5209/6209 6095/5209/5961
f 5971/5209/5837 6095/5209/5961 6344/5209/6210 6093/5209/5959
f 5971/5209/5837 6093/5209/5959 6390/5209/6256 6094/5209/5960
f 5972/5209/5838 6127/5209/5993 6409/5209/6275 6129/5209/5995
f 5972/5209/5838 6129/5209/5995 6359/5209/6225 6098/5209/5964
f 5972/5209/5838 6098/5209/5964 6345/5209/6211 6096/5209/5962
f 5972/5209/5838 6096/5209/5962 6392/5209/6258 6127/5209/5993
f 5973/5209/5839 6151/5209/6017 6425/5209/6291 6168/5209/6034
f 5973/5209/5839 6168/5209/6034 6366/5209/6232 6101/5209/5967
f 5973/5209/5839 6101/5209/5967 6346/5209/6212 6099/5209/5965
f 5973/5209/5839 6099/5209/5965 6394/5209/6260 6151/5209/6017
f 5974/5209/5840 6102/5209/5968 6394/5209/6260 6099/5209/5965
f 5974/5209/5840 6099/5209/5965 6346/5209/6212 6103/5209/5969
f 5974/5209/5840 6103/5209/5969 6347/5209/6213 5409/5209/5299
f 5974/5209/5840 5409/5209/5299 6396/5209/6262 6102/5209/5968
f 5975/5209/5841 6108/5209/5974 6351/5209/6217 6286/5209/6152
f 5975/5209/5841 6286/5209/6152 5523/5209/5413 6285/5209/6151
f 5975/5209/5841 6285/5209/6151 6446/5209/6312 6104/5209/5970
f 5975/5209/5841 6104/5209/5970 6348/5209/6214 6108/5209/5974
f 5976/5209/5842 6109/5209/5975 6352/5209/6218 6110/5209/5976
f 5976/5209/5842 6110/5209/5976 5524/5209/5414 6287/5209/6153
f 5976/5209/5842 6287/5209/6153 6447/5209/6313 6105/5209/5971
f 5976/5209/5842 6105/5209/5971 6349/5209/6215 6109/5209/5975
f 5977/5209/5843 6114/5209/5980 6353/5209/6219 6112/5209/5978
f 5977/5209/5843 6112/5209/5978 5525/5209/5415 5410/5209/5300
f 5977/5209/5843 5410/5209/5300 6347/5209/6213 6103/5209/5969
f 5977/5209/5843 6103/5209/5969 6346/5209/6212 6114/5209/5980
f 5978/5209/5844 6106/5209/5972 6348/5209/6214 6104/5209/5970
f 5978/5209/5844 6104/5209/5970 6446/5209/6312 6283/5209/6149
f 5978/5209/5844 6283/5209/6149 5524/5209/5414 6110/5209/5976
f 5978/5209/5844 6110/5209/5976 6352/5209/6218 6106/5209/5972
f 5979/5209/5845 6107/5209/5973 6349/5209/6215 6105/5209/5971
f 5979/5209/5845 6105/5209/5971 6447/5209/6313 6284/5209/6150
f 5979/5209/5845 6284/5209/6150 5525/5209/5415 6112/5209/5978
f 5979/5209/5845 6112/5209/5978 6353/5209/6219 6107/5209/5973
f 5980/5209/5846 6172/5209/6038 6380/5209/6246 6179/5209/6045
f 5980/5209/5846 6179/5209/6045 6379/5209/6245 6171/5209/6037
f 5980/5209/5846 6171/5209/6037 6345/5209/6211 6123/5209/5989
f 5980/5209/5846 6123/5209/5989 6357/5209/6223 6172/5209/6038
f 5981/5209/5847 6173/5209/6039 6381/5209/6247 6178/5209/6044
f 5981/5209/5847 6178/5209/6044 6377/5209/6243 6121/5209/5987
f 5981/5209/5847 6121/5209/5987 6355/5209/6221 6116/5209/5982
f 5981/5209/5847 6116/5209/5982 6356/5209/6222 6173/5209/6039
f 5982/5209/5848 6291/5209/6157 5522/5209/5412 6177/5209/6043
f 5982/5209/5848 6177/5209/6043 6378/5209/6244 6122/5209/5988
f 5982/5209/5848 6122/5209/5988 6354/5209/6220 6115/5209/5981
f 5982/5209/5848 6115/5209/5981 5531/5209/5421 6291/5209/6157
f 5983/5209/5849 6121/5209/5987 6377/5209/6243 6176/5209/6042
f 5983/5209/5849 6176/5209/6042 6380/5209/6246 6172/5209/6038
f 5983/5209/5849 6172/5209/6038 6357/5209/6223 6111/5209/5977
f 5983/5209/5849 6111/5209/5977 6355/5209/6221 6121/5209/5987
f 5984/5209/5850 6122/5209/5988 6378/5209/6244 6175/5209/6041
f 5984/5209/5850 6175/5209/6041 6381/5209/6247 6173/5209/6039
f 5984/5209/5850 6173/5209/6039 6356/5209/6222 6113/5209/5979
f 5984/5209/5850 6113/5209/5979 6354/5209/6220 6122/5209/5988
f 5985/5209/5851 6288/5209/6154 5531/5209/5421 6115/5209/5981
f 5985/5209/5851 6115/5209/5981 6354/5209/6220 6124/5209/5990
f 5985/5209/5851 6124/5209/5990 6350/5209/6216 6117/5209/5983
f 5985/5209/5851 6117/5209/5983 5530/5209/5420 6288/5209/6154
f 5986/5209/5852 6124/5209/5990 6354/5209/6220 6113/5209/5979
f 5986/5209/5852 6113/5209/5979 6356/5209/6222 6125/5209/5991
f 5986/5209/5852 6125/5209/5991 6358/5209/6224 6119/5209/5985
f 5986/5209/5852 6119/5209/5985 6350/5209/6216 6124/5209/5990
f 5987/5209/5853 6111/5209/5977 6357/5209/6223 6126/5209/5992
f 5987/5209/5853 6126/5209/5992 6358/5209/6224 6125/5209/5991
f 5987/5209/5853 6125/5209/5991 6356/5209/6222 6116/5209/5982
f 5987/5209/5853 6116/5209/5982 6355/5209/6221 6111/5209/5977
f 5988/5209/5854 6097/5209/5963 6390/5209/6256 6093/5209/5959
f 5988/5209/5854 6093/5209/5959 6344/5209/6210 6128/5209/5994
f 5988/5209/5854 6128/5209/5994 6359/5209/6225 6129/5209/5995
f 5988/5209/5854 6129/5209/5995 6409/5209/6275 6097/5209/5963
f 5989/5209/5855 6098/5209/5964 6359/5209/6225 6130/5209/5996
f 5989/5209/5855 6130/5209/5996 6358/5209/6224 6126/5209/5992
f 5989/5209/5855 6126/5209/5992 6357/5209/6223 6123/5209/5989
f 5989/5209/5855 6123/5209/5989 6345/5209/6211 6098/5209/5964
f 5990/5209/5856 6119/5209/5985 6358/5209/6224 6130/5209/5996
f 5990/5209/5856 6130/5209/5996 6359/5209/6225 6128/5209/5994
f 5990/5209/5856 6128/5209/5994 6344/5209/6210 6131/5209/5997
f 5990/5209/5856 6131/5209/5997 6350/5209/6216 6119/5209/5985
f 5991/5209/5857 6095/5209/5961 6343/5209/6209 6289/5209/6155
f 5991/5209/5857 6289/5209/6155 5530/5209/5420 6117/5209/5983
f 5991/5209/5857 6117/5209/5983 6350/5209/6216 6131/5209/5997
f 5991/5209/5857 6131/5209/5997 6344/5209/6210 6095/5209/5961
f 5992/5209/5858 6137/5209/6003 6376/5209/6242 6166/5209/6032
f 5992/5209/5858 6166/5209/6032 6369/5209/6235 6149/5209/6015
f 5992/5209/5858 6149/5209/6015 6362/5209/6228 6138/5209/6004
f 5992/5209/5858 6138/5209/6004 6364/5209/6230 6137/5209/6003
f 5993/5209/5859 6136/5209/6002 6374/5209/6240 6164/5209/6030
f 5993/5209/5859 6164/5209/6030 6367/5209/6233 6147/5209/6013
f 5993/5209/5859 6147/5209/6013 6361/5209/6227 6139/5209/6005
f 5993/5209/5859 6139/5209/6005 6363/5209/6229 6136/5209/6002
f 5994/5209/5860 5413/5209/5303 6371/5209/6237 6162/5209/6028
f 5994/5209/5860 6162/5209/6028 6376/5209/6242 6137/5209/6003
f 5994/5209/5860 6137/5209/6003 6364/5209/6230 6140/5209/6006
f 5994/5209/5860 6140/5209/6006 5521/5209/5411 5413/5209/5303
f 5995/5209/5861 6149/5209/6015 6369/5209/6235 6160/5209/6026
f 5995/5209/5861 6160/5209/6026 6374/5209/6240 6136/5209/6002
f 5995/5209/5861 6136/5209/6002 6363/5209/6229 6141/5209/6007
f 5995/5209/5861 6141/5209/6007 6362/5209/6228 6149/5209/6015
f 5996/5209/5862 6147/5209/6013 6367/5209/6233 6158/5209/6024
f 5996/5209/5862 6158/5209/6024 6365/5209/6231 6145/5209/6011
f 5996/5209/5862 6145/5209/6011 6360/5209/6226 6142/5209/6008
f 5996/5209/5862 6142/5209/6008 6361/5209/6227 6147/5209/6013
f 5997/5209/5863 6170/5209/6036 6431/5209/6297 6174/5209/6040
f 5997/5209/5863 6174/5209/6040 6379/5209/6245 6133/5209/5999
f 5997/5209/5863 6133/5209/5999 6360/5209/6226 6143/5209/6009
f 5997/5209/5863 6143/5209/6009 6411/5209/6277 6170/5209/6036
f 5998/5209/5864 6118/5209/5984 6353/5209/6219 6114/5209/5980
f 5998/5209/5864 6114/5209/5980 6346/5209/6212 6101/5209/5967
f 5998/5209/5864 6101/5209/5967 6366/5209/6232 6157/5209/6023
f 5998/5209/5864 6157/5209/6023 6368/5209/6234 6118/5209/5984
f 5999/5209/5865 6148/5209/6014 6368/5209/6234 6157/5209/6023
f 5999/5209/5865 6157/5209/6023 6366/5209/6232 6146/5209/6012
f 5999/5209/5865 6146/5209/6012 6365/5209/6231 6158/5209/6024
f 5999/5209/5865 6158/5209/6024 6367/5209/6233 6148/5209/6014
f 6000/5209/5866 6120/5209/5986 6352/5209/6218 6109/5209/5975
f 6000/5209/5866 6109/5209/5975 6349/5209/6215 6153/5209/6019
f 6000/5209/5866 6153/5209/6019 6373/5209/6239 6159/5209/6025
f 6000/5209/5866 6159/5209/6025 6370/5209/6236 6120/5209/5986
f 6001/5209/5867 6150/5209/6016 6370/5209/6236 6159/5209/6025
f 6001/5209/5867 6159/5209/6025 6373/5209/6239 6154/5209/6020
f 6001/5209/5867 6154/5209/6020 6374/5209/6240 6160/5209/6026
f 6001/5209/5867 6160/5209/6026 6369/5209/6235 6150/5209/6016
f 6002/5209/5868 5411/5209/5301 6351/5209/6217 6108/5209/5974
f 6002/5209/5868 6108/5209/5974 6348/5209/6214 6155/5209/6021
f 6002/5209/5868 6155/5209/6021 6375/5209/6241 6161/5209/6027
f 6002/5209/5868 6161/5209/6027 6372/5209/6238 5411/5209/5301
f 6003/5209/5869 6290/5209/6156 6372/5209/6238 6161/5209/6027
f 6003/5209/5869 6161/5209/6027 6375/5209/6241 6156/5209/6022
f 6003/5209/5869 6156/5209/6022 6376/5209/6242 6162/5209/6028
f 6003/5209/5869 6162/5209/6028 6371/5209/6237 6290/5209/6156
f 6004/5209/5870 6153/5209/6019 6349/5209/6215 6107/5209/5973
f 6004/5209/5870 6107/5209/5973 6353/5209/6219 6118/5209/5984
f 6004/5209/5870 6118/5209/5984 6368/5209/6234 6163/5209/6029
f 6004/5209/5870 6163/5209/6029 6373/5209/6239 6153/5209/6019
f 6005/5209/5871 6154/5209/6020 6373/5209/6239 6163/5209/6029
f 6005/5209/5871 6163/5209/6029 6368/5209/6234 6148/5209/6014
f 6005/5209/5871 6148/5209/6014 6367/5209/6233 6164/5209/6030
f 6005/5209/5871 6164/5209/6030 6374/5209/6240 6154/5209/6020
f 6006/5209/5872 6155/5209/6021 6348/5209/6214 6106/5209/5972
f 6006/5209/5872 6106/5209/5972 6352/5209/6218 6120/5209/5986
f 6006/5209/5872 6120/5209/5986 6370/5209/6236 6165/5209/6031
f 6006/5209/5872 6165/5209/6031 6375/5209/6241 6155/5209/6021
f 6007/5209/5873 6156/5209/6022 6375/5209/6241 6165/5209/6031
f 6007/5209/5873 6165/5209/6031 6370/5209/6236 6150/5209/6016
f 6007/5209/5873 6150/5209/6016 6369/5209/6235 6166/5209/6032
f 6007/5209/5873 6166/5209/6032 6376/5209/6242 6156/5209/6022
f 6008/5209/5874 6132/5209/5998 6411/5209/6277 6143/5209/6009
f 6008/5209/5874 6143/5209/6009 6360/5209/6226 6145/5209/6011
f 6008/5209/5874 6145/5209/6011 6365/5209/6231 6167/5209/6033
f 6008/5209/5874 6167/5209/6033 6426/5209/6292 6132/5209/5998
f 6009/5209/5875 6152/5209/6018 6426/5209/6292 6167/5209/6033
f 6009/5209/5875 6167/5209/6033 6365/5209/6231 6146/5209/6012
f 6009/5209/5875 6146/5209/6012 6366/5209/6232 6168/5209/6034
f 6009/5209/5875 6168/5209/6034 6425/5209/6291 6152/5209/6018
f 6010/5209/5876 6100/5209/5966 6392/5209/6258 6096/5209/5962
f 6010/5209/5876 6096/5209/5962 6345/5209/6211 6171/5209/6037
f 6010/5209/5876 6171/5209/6037 6379/5209/6245 6174/5209/6040
f 6010/5209/5876 6174/5209/6040 6431/5209/6297 6100/5209/5966
f 6011/5209/5877 6144/5209/6010 6364/5209/6230 6138/5209/6004
f 6011/5209/5877 6138/5209/6004 6362/5209/6228 6135/5209/6001
f 6011/5209/5877 6135/5209/6001 6381/5209/6247 6175/5209/6041
f 6011/5209/5877 6175/5209/6041 6378/5209/6244 6144/5209/6010
f 6012/5209/5878 6169/5209/6035 6363/5209/6229 6139/5209/6005
f 6012/5209/5878 6139/5209/6005 6361/5209/6227 6134/5209/6000
f 6012/5209/5878 6134/5209/6000 6380/5209/6246 6176/5209/6042
f 6012/5209/5878 6176/5209/6042 6377/5209/6243 6169/5209/6035
f 6013/5209/5879 5412/5209/5302 5521/5209/5411 6140/5209/6006
f 6013/5209/5879 6140/5209/6006 6364/5209/6230 6144/5209/6010
f 6013/5209/5879 6144/5209/6010 6378/5209/6244 6177/5209/6043
f 6013/5209/5879 6177/5209/6043 5522/5209/5412 5412/5209/5302
f 6014/5209/5880 6135/5209/6001 6362/5209/6228 6141/5209/6007
f 6014/5209/5880 6141/5209/6007 6363/5209/6229 6169/5209/6035
f 6014/5209/5880 6169/5209/6035 6377/5209/6243 6178/5209/6044
f 6014/5209/5880 6178/5209/6044 6381/5209/6247 6135/5209/6001
f 6015/5209/5881 6134/5209/6000 6361/5209/6227 6142/5209/6008
f 6015/5209/5881 6142/5209/6008 6360/5209/6226 6133/5209/5999
f 6015/5209/5881 6133/5209/5999 6379/5209/6245 6179/5209/6045
f 6015/5209/5881 6179/5209/6045 6380/5209/6246 6134/5209/6000
f 6016/5209/5882 6184/5209/6050 6385/5209/6251 6186/5209/6052
f 6016/5209/5882 6186/5209/6052 6383/5209/6249 6181/5209/6047
f 6016/5209/5882 6181/5209/6047 6382/5209/6248 6183/5209/6049
f 6016/5209/5882 6183/5209/6049 6384/5209/6250 6184/5209/6050
f 6017/5209/5883 6181/5209/6047 6383/5209/6249 5807/5209/5685
f 6017/5209/5883 5807/5209/5685 5839/5209/5717 6185/5209/6051
f 6017/5209/5883 6185/5209/6051 5837/5209/5715 6180/5209/6046
f 6017/5209/5883 6180/5209/6046 6382/5209/6248 6181/5209/6047
f 6018/5209/5884 5808/5209/5686 5841/5209/5719 6188/5209/6054
f 6018/5209/5884 6188/5209/6054 6385/5209/6251 6184/5209/6050
f 6018/5209/5884 6184/5209/6050 6384/5209/6250 6187/5209/6053
f 6018/5209/5884 6187/5209/6053 5840/5209/5718 5808/5209/5686
f 6019/5209/5885 6190/5209/6056 5840/5209/5718 6187/5209/6053
f 6019/5209/5885 6187/5209/6053 6384/5209/6250 6189/5209/6055
f 6019/5209/5885 6189/5209/6055 6387/5209/6253 5810/5209/5688
f 6019/5209/5885 5810/5209/5688 5842/5209/5720 6190/5209/6056
f 6020/5209/5886 6189/5209/6055 6384/5209/6250 6183/5209/6049
f 6020/5209/5886 6183/5209/6049 6382/5209/6248 6182/5209/6048
f 6020/5209/5886 6182/5209/6048 5838/5209/5716 6191/5209/6057
f 6020/5209/5886 6191/5209/6057 6387/5209/6253 6189/5209/6055
f 6021/5209/5887 6182/5209/6048 6382/5209/6248 6180/5209/6046
f 6021/5209/5887 6180/5209/6046 5837/5209/5715 5809/5209/5687
f 6021/5209/5887 5809/5209/5687 6386/5209/6252 5811/5209/5689
f 6021/5209/5887 5811/5209/5689 5838/5209/5716 6182/5209/6048
f 6022/5209/5888 6292/5209/6158 6388/5209/6254 6094/5209/5960
f 6022/5209/5888 6094/5209/5960 6390/5209/6256 6192/5209/6058
f 6022/5209/5888 6192/5209/6058 6391/5209/6257 6193/5209/6059
f 6022/5209/5888 6193/5209/6059 6389/5209/6255 6292/5209/6158
f 6023/5209/5889 6223/5209/6089 6409/5209/6275 6127/5209/5993
f 6023/5209/5889 6127/5209/5993 6392/5209/6258 6194/5209/6060
f 6023/5209/5889 6194/5209/6060 6393/5209/6259 6195/5209/6061
f 6023/5209/5889 6195/5209/6061 6410/5209/6276 6223/5209/6089
f 6024/5209/5890 6259/5209/6125 6425/5209/6291 6151/5209/6017
f 6024/5209/5890 6151/5209/6017 6394/5209/6260 6196/5209/6062
f 6024/5209/5890 6196/5209/6062 6395/5209/6261 6197/5209/6063
f 6024/5209/5890 6197/5209/6063 6419/5209/6285 6259/5209/6125
f 6025/5209/5891 6196/5209/6062 6394/5209/6260 6102/5209/5968
f 6025/5209/5891 6102/5209/5968 6396/5209/6262 6293/5209/6159
f 6025/5209/5891 6293/5209/6159 6397/5209/6263 6198/5209/6064
f 6025/5209/5891 6198/5209/6064 6395/5209/6261 6196/5209/6062
f 6026/5209/5892 5472/5209/5362 6401/5209/6267 6203/5209/6069
f 6026/5209/5892 6203/5209/6069 6398/5209/6264 6199/5209/6065
f 6026/5209/5892 6199/5209/6065 5555/5209/5445 6294/5209/6160
f 6026/5209/5892 6294/5209/6160 5552/5209/5442 5472/5209/5362
f 6027/5209/5893 6205/5209/6071 6402/5209/6268 6204/5209/6070
f 6027/5209/5893 6204/5209/6070 6399/5209/6265 6200/5209/6066
f 6027/5209/5893 6200/5209/6066 6448/5209/6314 6295/5209/6161
f 6027/5209/5893 6295/5209/6161 6444/5209/6310 6205/5209/6071
f 6028/5209/5894 6207/5209/6073 6403/5209/6269 6209/5209/6075
f 6028/5209/5894 6209/5209/6075 6395/5209/6261 6198/5209/6064
f 6028/5209/5894 6198/5209/6064 6397/5209/6263 5473/5209/5363
f 6028/5209/5894 5473/5209/5363 6445/5209/6311 6207/5209/6073
f 6029/5209/5895 6199/5209/6065 6398/5209/6264 6201/5209/6067
f 6029/5209/5895 6201/5209/6067 6402/5209/6268 6205/5209/6071
f 6029/5209/5895 6205/5209/6071 6444/5209/6310 5470/5209/5360
f 6029/5209/5895 5470/5209/5360 5555/5209/5445 6199/5209/6065
f 6030/5209/5896 6200/5209/6066 6399/5209/6265 6202/5209/6068
f 6030/5209/5896 6202/5209/6068 6403/5209/6269 6207/5209/6073
f 6030/5209/5896 6207/5209/6073 6445/5209/6311 5471/5209/5361
f 6030/5209/5896 5471/5209/5361 6448/5209/6314 6200/5209/6066
f 6031/5209/5897 6269/5209/6135 6435/5209/6301 6262/5209/6128
f 6031/5209/5897 6262/5209/6128 6407/5209/6273 6218/5209/6084
f 6031/5209/5897 6218/5209/6084 6393/5209/6259 6261/5209/6127
f 6031/5209/5897 6261/5209/6127 6434/5209/6300 6269/5209/6135
f 6032/5209/5898 6268/5209/6134 6436/5209/6302 6263/5209/6129
f 6032/5209/5898 6263/5209/6129 6406/5209/6272 6211/5209/6077
f 6032/5209/5898 6211/5209/6077 6405/5209/6271 6216/5209/6082
f 6032/5209/5898 6216/5209/6082 6432/5209/6298 6268/5209/6134
f 6033/5209/5899 6267/5209/6133 6437/5209/6303 5475/5209/5365
f 6033/5209/5899 5475/5209/5365 5560/5209/5450 6210/5209/6076
f 6033/5209/5899 6210/5209/6076 6404/5209/6270 6217/5209/6083
f 6033/5209/5899 6217/5209/6083 6433/5209/6299 6267/5209/6133
f 6034/5209/5900 6266/5209/6132 6432/5209/6298 6216/5209/6082
f 6034/5209/5900 6216/5209/6082 6405/5209/6271 6206/5209/6072
f 6034/5209/5900 6206/5209/6072 6407/5209/6273 6262/5209/6128
f 6034/5209/5900 6262/5209/6128 6435/5209/6301 6266/5209/6132
f 6035/5209/5901 6265/5209/6131 6433/5209/6299 6217/5209/6083
f 6035/5209/5901 6217/5209/6083 6404/5209/6270 6208/5209/6074
f 6035/5209/5901 6208/5209/6074 6406/5209/6272 6263/5209/6129
f 6035/5209/5901 6263/5209/6129 6436/5209/6302 6265/5209/6131
f 6036/5209/5902 6210/5209/6076 5560/5209/5450 6297/5209/6163
f 6036/5209/5902 6297/5209/6163 5559/5209/5449 6212/5209/6078
f 6036/5209/5902 6212/5209/6078 6400/5209/6266 6219/5209/6085
f 6036/5209/5902 6219/5209/6085 6404/5209/6270 6210/5209/6076
f 6037/5209/5903 6208/5209/6074 6404/5209/6270 6219/5209/6085
f 6037/5209/5903 6219/5209/6085 6400/5209/6266 6214/5209/6080
f 6037/5209/5903 6214/5209/6080 6408/5209/6274 6220/5209/6086
f 6037/5209/5903 6220/5209/6086 6406/5209/6272 6208/5209/6074
f 6038/5209/5904 6221/5209/6087 6407/5209/6273 6206/5209/6072
f 6038/5209/5904 6206/5209/6072 6405/5209/6271 6211/5209/6077
f 6038/5209/5904 6211/5209/6077 6406/5209/6272 6220/5209/6086
f 6038/5209/5904 6220/5209/6086 6408/5209/6274 6221/5209/6087
f 6039/5209/5905 6192/5209/6058 6390/5209/6256 6097/5209/5963
f 6039/5209/5905 6097/5209/5963 6409/5209/6275 6223/5209/6089
f 6039/5209/5905 6223/5209/6089 6410/5209/6276 6222/5209/6088
f 6039/5209/5905 6222/5209/6088 6391/5209/6257 6192/5209/6058
f 6040/5209/5906 6224/5209/6090 6410/5209/6276 6195/5209/6061
f 6040/5209/5906 6195/5209/6061 6393/5209/6259 6218/5209/6084
f 6040/5209/5906 6218/5209/6084 6407/5209/6273 6221/5209/6087
f 6040/5209/5906 6221/5209/6087 6408/5209/6274 6224/5209/6090
f 6041/5209/5907 6224/5209/6090 6408/5209/6274 6214/5209/6080
f 6041/5209/5907 6214/5209/6080 6400/5209/6266 6225/5209/6091
f 6041/5209/5907 6225/5209/6091 6391/5209/6257 6222/5209/6088
f 6041/5209/5907 6222/5209/6088 6410/5209/6276 6224/5209/6090
f 6042/5209/5908 6298/5209/6164 6389/5209/6255 6193/5209/6059
f 6042/5209/5908 6193/5209/6059 6391/5209/6257 6225/5209/6091
f 6042/5209/5908 6225/5209/6091 6400/5209/6266 6212/5209/6078
f 6042/5209/5908 6212/5209/6078 5559/5209/5449 6298/5209/6164
f 6043/5209/5909 6257/5209/6123 6430/5209/6296 6230/5209/6096
f 6043/5209/5909 6230/5209/6096 6417/5209/6283 6231/5209/6097
f 6043/5209/5909 6231/5209/6097 6414/5209/6280 6242/5209/6108
f 6043/5209/5909 6242/5209/6108 6422/5209/6288 6257/5209/6123
f 6044/5209/5910 6255/5209/6121 6428/5209/6294 6229/5209/6095
f 6044/5209/5910 6229/5209/6095 6415/5209/6281 6232/5209/6098
f 6044/5209/5910 6232/5209/6098 6413/5209/6279 6240/5209/6106
f 6044/5209/5910 6240/5209/6106 6420/5209/6286 6255/5209/6121
f 6045/5209/5911 6253/5209/6119 6424/5209/6290 5474/5209/5364
f 6045/5209/5911 5474/5209/5364 6416/5209/6282 6233/5209/6099
f 6045/5209/5911 6233/5209/6099 6417/5209/6283 6230/5209/6096
f 6045/5209/5911 6230/5209/6096 6430/5209/6296 6253/5209/6119
f 6046/5209/5912 6251/5209/6117 6422/5209/6288 6242/5209/6108
f 6046/5209/5912 6242/5209/6108 6414/5209/6280 6234/5209/6100
f 6046/5209/5912 6234/5209/6100 6415/5209/6281 6229/5209/6095
f 6046/5209/5912 6229/5209/6095 6428/5209/6294 6251/5209/6117
f 6047/5209/5913 6249/5209/6115 6420/5209/6286 6240/5209/6106
f 6047/5209/5913 6240/5209/6106 6413/5209/6279 6235/5209/6101
f 6047/5209/5913 6235/5209/6101 6412/5209/6278 6238/5209/6104
f 6047/5209/5913 6238/5209/6104 6418/5209/6284 6249/5209/6115
f 6048/5209/5914 6264/5209/6130 6431/5209/6297 6170/5209/6036
f 6048/5209/5914 6170/5209/6036 6411/5209/6277 6236/5209/6102
f 6048/5209/5914 6236/5209/6102 6412/5209/6278 6226/5209/6092
f 6048/5209/5914 6226/5209/6092 6434/5209/6300 6264/5209/6130
f 6049/5209/5915 6209/5209/6075 6403/5209/6269 6213/5209/6079
f 6049/5209/5915 6213/5209/6079 6421/5209/6287 6248/5209/6114
f 6049/5209/5915 6248/5209/6114 6419/5209/6285 6197/5209/6063
f 6049/5209/5915 6197/5209/6063 6395/5209/6261 6209/5209/6075
f 6050/5209/5916 6248/5209/6114 6421/5209/6287 6241/5209/6107
f 6050/5209/5916 6241/5209/6107 6420/5209/6286 6249/5209/6115
f 6050/5209/5916 6249/5209/6115 6418/5209/6284 6239/5209/6105
f 6050/5209/5916 6239/5209/6105 6419/5209/6285 6248/5209/6114
f 6051/5209/5917 6204/5209/6070 6402/5209/6268 6215/5209/6081
f 6051/5209/5917 6215/5209/6081 6423/5209/6289 6250/5209/6116
f 6051/5209/5917 6250/5209/6116 6427/5209/6293 6244/5209/6110
f 6051/5209/5917 6244/5209/6110 6399/5209/6265 6204/5209/6070
f 6052/5209/5918 6250/5209/6116 6423/5209/6289 6243/5209/6109
f 6052/5209/5918 6243/5209/6109 6422/5209/6288 6251/5209/6117
f 6052/5209/5918 6251/5209/6117 6428/5209/6294 6245/5209/6111
f 6052/5209/5918 6245/5209/6111 6427/5209/6293 6250/5209/6116
f 6053/5209/5919 6203/5209/6069 6401/5209/6267 6296/5209/6162
f 6053/5209/5919 6296/5209/6162 5551/5209/5441 6252/5209/6118
f 6053/5209/5919 6252/5209/6118 6429/5209/6295 6246/5209/6112
f 6053/5209/5919 6246/5209/6112 6398/5209/6264 6203/5209/6069
f 6054/5209/5920 6252/5209/6118 5551/5209/5441 6300/5209/6166
f 6054/5209/5920 6300/5209/6166 6424/5209/6290 6253/5209/6119
f 6054/5209/5920 6253/5209/6119 6430/5209/6296 6247/5209/6113
f 6054/5209/5920 6247/5209/6113 6429/5209/6295 6252/5209/6118
f 6055/5209/5921 6202/5209/6068 6399/5209/6265 6244/5209/6110
f 6055/5209/5921 6244/5209/6110 6427/5209/6293 6254/5209/6120
f 6055/5209/5921 6254/5209/6120 6421/5209/6287 6213/5209/6079
f 6055/5209/5921 6213/5209/6079 6403/5209/6269 6202/5209/6068
f 6056/5209/5922 6254/5209/6120 6427/5209/6293 6245/5209/6111
f 6056/5209/5922 6245/5209/6111 6428/5209/6294 6255/5209/6121
f 6056/5209/5922 6255/5209/6121 6420/5209/6286 6241/5209/6107
f 6056/5209/5922 6241/5209/6107 6421/5209/6287 6254/5209/6120
f 6057/5209/5923 6201/5209/6067 6398/5209/6264 6246/5209/6112
f 6057/5209/5923 6246/5209/6112 6429/5209/6295 6256/5209/6122
f 6057/5209/5923 6256/5209/6122 6423/5209/6289 6215/5209/6081
f 6057/5209/5923 6215/5209/6081 6402/5209/6268 6201/5209/6067
f 6058/5209/5924 6256/5209/6122 6429/5209/6295 6247/5209/6113
f 6058/5209/5924 6247/5209/6113 6430/5209/6296 6257/5209/6123
f 6058/5209/5924 6257/5209/6123 6422/5209/6288 6243/5209/6109
f 6058/5209/5924 6243/5209/6109 6423/5209/6289 6256/5209/6122
f 6059/5209/5925 6236/5209/6102 6411/5209/6277 6132/5209/5998
f 6059/5209/5925 6132/5209/5998 6426/5209/6292 6258/5209/6124
f 6059/5209/5925 6258/5209/6124 6418/5209/6284 6238/5209/6104
f 6059/5209/5925 6238/5209/6104 6412/5209/6278 6236/5209/6102
f 6060/5209/5926 6258/5209/6124 6426/5209/6292 6152/5209/6018
f 6060/5209/5926 6152/5209/6018 6425/5209/6291 6259/5209/6125
f 6060/5209/5926 6259/5209/6125 6419/5209/6285 6239/5209/6105
f 6060/5209/5926 6239/5209/6105 6418/5209/6284 6258/5209/6124
f 6061/5209/5927 6194/5209/6060 6392/5209/6258 6100/5209/5966
f 6061/5209/5927 6100/5209/5966 6431/5209/6297 6264/5209/6130
f 6061/5209/5927 6264/5209/6130 6434/5209/6300 6261/5209/6127
f 6061/5209/5927 6261/5209/6127 6393/5209/6259 6194/5209/6060
f 6062/5209/5928 6231/5209/6097 6417/5209/6283 6237/5209/6103
f 6062/5209/5928 6237/5209/6103 6433/5209/6299 6265/5209/6131
f 6062/5209/5928 6265/5209/6131 6436/5209/6302 6228/5209/6094
f 6062/5209/5928 6228/5209/6094 6414/5209/6280 6231/5209/6097
f 6063/5209/5929 6232/5209/6098 6415/5209/6281 6260/5209/6126
f 6063/5209/5929 6260/5209/6126 6432/5209/6298 6266/5209/6132
f 6063/5209/5929 6266/5209/6132 6435/5209/6301 6227/5209/6093
f 6063/5209/5929 6227/5209/6093 6413/5209/6279 6232/5209/6098
f 6064/5209/5930 6233/5209/6099 6416/5209/6282 6299/5209/6165
f 6064/5209/5930 6299/5209/6165 6437/5209/6303 6267/5209/6133
f 6064/5209/5930 6267/5209/6133 6433/5209/6299 6237/5209/6103
f 6064/5209/5930 6237/5209/6103 6417/5209/6283 6233/5209/6099
f 6065/5209/5931 6234/5209/6100 6414/5209/6280 6228/5209/6094
f 6065/5209/5931 6228/5209/6094 6436/5209/6302 6268/5209/6134
f 6065/5209/5931 6268/5209/6134 6432/5209/6298 6260/5209/6126
f 6065/5209/5931 6260/5209/6126 6415/5209/6281 6234/5209/6100
f 6066/5209/5932 6235/5209/6101 6413/5209/6279 6227/5209/6093
f 6066/5209/5932 6227/5209/6093 6435/5209/6301 6269/5209/6135
f 6066/5209/5932 6269/5209/6135 6434/5209/6300 6226/5209/6092
f 6066/5209/5932 6226/5209/6092 6412/5209/6278 6235/5209/6101
f 6067/5209/5933 5731/5209/5609 6441/5209/6307 6274/5209/6140
f 6067/5209/5933 6274/5209/6140 6440/5209/6306 6273/5209/6139
f 6067/5209/5933 6273/5209/6139 6439/5209/6305 6271/5209/6137
f 6067/5209/5933 6271/5209/6137 5758/5209/5636 5731/5209/5609
f 6068/5209/5934 5730/5209/5608 5758/5209/5636 6271/5209/6137
f 6068/5209/5934 6271/5209/6137 6439/5209/6305 6270/5209/6136
f 6068/5209/5934 6270/5209/6136 6438/5209/6304 5729/5209/5607
f 6068/5209/5934 5729/5209/5607 5760/5209/5638 5730/5209/5608
f 6069/5209/5935 6276/5209/6142 5762/5209/5640 5732/5209/5610
f 6069/5209/5935 5732/5209/5610 5761/5209/5639 6275/5209/6141
f 6069/5209/5935 6275/5209/6141 6440/5209/6306 6274/5209/6140
f 6069/5209/5935 6274/5209/6140 6441/5209/6307 6276/5209/6142
f 6070/5209/5936 6275/5209/6141 5761/5209/5639 5733/5209/5611
f 6070/5209/5936 5733/5209/5611 5763/5209/5641 6279/5209/6145
f 6070/5209/5936 6279/5209/6145 6443/5209/6309 6278/5209/6144
f 6070/5209/5936 6278/5209/6144 6440/5209/6306 6275/5209/6141
f 6071/5209/5937 6273/5209/6139 6440/5209/6306 6278/5209/6144
f 6071/5209/5937 6278/5209/6144 6443/5209/6309 6280/5209/6146
f 6071/5209/5937 6280/5209/6146 5759/5209/5637 6272/5209/6138
f 6071/5209/5937 6272/5209/6138 6439/5209/6305 6273/5209/6139
f 6072/5209/5938 6270/5209/6136 6439/5209/6305 6272/5209/6138
f 6072/5209/5938 6272/5209/6138 5759/5209/5637 6281/5209/6147
f 6072/5209/5938 6281/5209/6147 6442/5209/6308 6277/5209/6143
f 6072/5209/5938 6277/5209/6143 6438/5209/6304 6270/5209/6136
f 6073/5209/5939 6314/5209/6180 6457/5209/6323 5905/5209/5779
f 6073/5209/5939 5905/5209/5779 6451/5209/6317 6302/5209/6168
f 6073/5209/5939 6302/5209/6168 6450/5209/6316 6311/5209/6177
f 6073/5209/5939 6311/5209/6177 6456/5209/6322 6314/5209/6180
f 6074/5209/5940 6321/5209/6187 5955/5209/5823 5907/5209/5781
f 6074/5209/5940 5907/5209/5781 5953/5209/5821 6303/5209/6169
f 6074/5209/5940 6303/5209/6169 5954/5209/5822 6319/5209/6185
f 6074/5209/5940 6319/5209/6185 6449/5209/6315 6321/5209/6187
f 6075/5209/5941 6320/5209/6186 6449/5209/6315 6319/5209/6185
f 6075/5209/5941 6319/5209/6185 5954/5209/5822 6308/5209/6174
f 6075/5209/5941 6308/5209/6174 5958/5209/5826 5908/5209/5782
f 6075/5209/5941 5908/5209/5782 5960/5209/5828 6320/5209/6186
f 6076/5209/5942 6313/5209/6179 6456/5209/6322 6311/5209/6177
f 6076/5209/5942 6311/5209/6177 6450/5209/6316 6307/5209/6173
f 6076/5209/5942 6307/5209/6173 6454/5209/6320 6312/5209/6178
f 6076/5209/5942 6312/5209/6178 5961/5209/5829 6313/5209/6179
f 6077/5209/5943 6318/5209/6184 6452/5209/6318 6315/5209/6181
f 6077/5209/5943 6315/5209/6181 6456/5209/6322 6313/5209/6179
f 6077/5209/5943 6313/5209/6179 5961/5209/5829 6316/5209/6182
f 6077/5209/5943 6316/5209/6182 6455/5209/6321 6318/5209/6184
f 6078/5209/5944 6317/5209/6183 5956/5209/5824 5906/5209/5780
f 6078/5209/5944 5906/5209/5780 6457/5209/6323 6314/5209/6180
f 6078/5209/5944 6314/5209/6180 6456/5209/6322 6315/5209/6181
f 6078/5209/5944 6315/5209/6181 6452/5209/6318 6317/5209/6183
f 6079/5209/5945 6306/5209/6172 5957/5209/5825 5903/5209/5777
f 6079/5209/5945 5903/5209/5777 5956/5209/5824 6317/5209/6183
f 6079/5209/5945 6317/5209/6183 6452/5209/6318 6305/5209/6171
f 6079/5209/5945 6305/5209/6171 6453/5209/6319 6306/5209/6172
f 6080/5209/5946 6309/5209/6175 6453/5209/6319 6305/5209/6171
f 6080/5209/5946 6305/5209/6171 6452/5209/6318 6318/5209/6184
f 6080/5209/5946 6318/5209/6184 6455/5209/6321 5904/5209/5778
f 6080/5209/5946 5904/5209/5778 5959/5209/5827 6309/5209/6175
f 6081/5209/5947 6307/5209/6173 6450/5209/6316 6301/5209/6167
f 6081/5209/5947 6301/5209/6167 6449/5209/6315 6320/5209/6186
f 6081/5209/5947 6320/5209/6186 5960/5209/5828 6310/5209/6176
f 6081/5209/5947 6310/5209/6176 6454/5209/6320 6307/5209/6173
f 6082/5209/5948 6302/5209/6168 6451/5209/6317 6304/5209/6170
f 6082/5209/5948 6304/5209/6170 5955/5209/5823 6321/5209/6187
f 6082/5209/5948 6321/5209/6187 6449/5209/6315 6301/5209/6167
f 6082/5209/5948 6301/5209/6167 6450/5209/6316 6302/5209/6168
f 6083/5209/5949 6331/5209/6197 6468/5209/6334 6334/5209/6200
f 6083/5209/5949 6334/5209/6200 6467/5209/6333 6330/5209/6196
f 6083/5209/5949 6330/5209/6196 6459/5209/6325 6323/5209/6189
f 6083/5209/5949 6323/5209/6189 6460/5209/6326 6331/5209/6197
f 6084/5209/5950 5636/5209/5522 5681/5209/5561 6342/5209/6208
f 6084/5209/5950 6342/5209/6208 6458/5209/6324 6339/5209/6205
f 6084/5209/5950 6339/5209/6205 5680/5209/5560 5631/5209/5517
f 6084/5209/5950 5631/5209/5517 6461/5209/6327 5636/5209/5522
f 6085/5209/5951 6339/5209/6205 6458/5209/6324 6341/5209/6207
f 6085/5209/5951 6341/5209/6207 5685/5209/5565 6340/5209/6206
f 6085/5209/5951 6340/5209/6206 5684/5209/5564 6327/5209/6193
f 6085/5209/5951 6327/5209/6193 5680/5209/5560 6339/5209/6205
f 6086/5209/5952 6330/5209/6196 6467/5209/6333 6333/5209/6199
f 6086/5209/5952 6333/5209/6199 6469/5209/6335 6332/5209/6198
f 6086/5209/5952 6332/5209/6198 5683/5209/5563 6326/5209/6192
f 6086/5209/5952 6326/5209/6192 6459/5209/6325 6330/5209/6196
f 6087/5209/5953 6335/5209/6201 6462/5209/6328 6338/5209/6204
f 6087/5209/5953 6338/5209/6204 6466/5209/6332 6336/5209/6202
f 6087/5209/5953 6336/5209/6202 6469/5209/6335 6333/5209/6199
f 6087/5209/5953 6333/5209/6199 6467/5209/6333 6335/5209/6201
f 6088/5209/5954 5635/5209/5521 5682/5209/5562 6337/5209/6203
f 6088/5209/5954 6337/5209/6203 6462/5209/6328 6335/5209/6201
f 6088/5209/5954 6335/5209/6201 6467/5209/6333 6334/5209/6200
f 6088/5209/5954 6334/5209/6200 6468/5209/6334 5635/5209/5521
f 6089/5209/5955 5633/5209/5519 6464/5209/6330 6325/5209/6191
f 6089/5209/5955 6325/5209/6191 6463/5209/6329 6324/5209/6190
f 6089/5209/5955 6324/5209/6190 6462/5209/6328 6337/5209/6203
f 6089/5209/5955 6337/5209/6203 5682/5209/5562 5633/5209/5519
f 6090/5209/5956 6324/5209/6190 6463/5209/6329 6328/5209/6194
f 6090/5209/5956 6328/5209/6194 6465/5209/6331 6329/5209/6195
f 6090/5209/5956 6329/5209/6195 6466/5209/6332 6338/5209/6204
f 6090/5209/5956 6338/5209/6204 6462/5209/6328 6324/5209/6190
f 6091/5209/5957 6322/5209/6188 6459/5209/6325 6326/5209/6192
f 6091/5209/5957 6326/5209/6192 5683/5209/5563 5634/5209/5520
f 6091/5209/5957 5634/5209/5520 5685/5209/5565 6341/5209/6207
f 6091/5209/5957 6341/5209/6207 6458/5209/6324 6322/5209/6188
f 6092/5209/5958 5632/5209/5518 6460/5209/6326 6323/5209/6189
f 6092/5209/5958 6323/5209/6189 6459/5209/6325 6322/5209/6188
f 6092/5209/5958 6322/5209/6188 6458/5209/6324 6342/5209/6208
f 6092/5209/5958 6342/5209/6208 5681/5209/5561 5632/5209/5518
usemtl Rubber_Material
f 6657/5210/6523 6660/5211/6526 6474/5212/6340 6471/5213/6337
f 6483/5214/6349 6486/5215/6352 6492/5216/6358 6489/5217/6355
f 6489/5217/6355 6492/5216/6358 6498/5218/6364 6495/5219/6361
f 6495/5220/6361 6498/5221/6364 6504/5222/6370 6501/5223/6367
f 6501/5223/6367 6504/5222/6370 6510/5224/6376 6507/5225/6373
f 6507/5225/6373 6510/5224/6376 6516/5226/6382 6513/5227/6379
f 6513/5227/6379 6516/5226/6382 6522/5228/6388 6519/5229/6385
f 6519/5229/6385 6522/5228/6388 6528/5230/6394 6525/5231/6391
f 6525/5231/6391 6528/5230/6394 6534/5232/6400 6531/5233/6397
f 6531/5233/6397 6534/5232/6400 6540/5234/6406 6537/5235/6403
f 6537/5235/6403 6540/5234/6406 6546/5236/6412 6543/5237/6409
f 6543/5238/6409 6546/5239/6412 6552/5240/6418 6549/5241/6415
f 6549/5241/6415 6552/5240/6418 6558/5242/6424 6555/5243/6421
f 6555/5243/6421 6558/5242/6424 6564/5244/6430 6561/5245/6427
f 6561/5245/6427 6564/5244/6430 6570/5246/6436 6567/5247/6433
f 6567/5247/6433 6570/5246/6436 6576/5248/6442 6573/5249/6439
f 6573/5249/6439 6576/5248/6442 6582/5250/6448 6579/5251/6445
f 6579/5251/6445 6582/5250/6448 6588/5252/6454 6585/5253/6451
f 6585/5253/6451 6588/5252/6454 6594/5254/6460 6591/5255/6457
f 6591/5256/6457 6594/5257/6460 6600/5258/6466 6597/5259/6463
f 6597/5259/6463 6600/5258/6466 6606/5260/6472 6603/5261/6469
f 6603/5261/6469 6606/5260/6472 6612/5262/6478 6609/5263/6475
f 6609/5263/6475 6612/5262/6478 6618/5264/6484 6615/5265/6481
f 6615/5265/6481 6618/5264/6484 6624/5266/6490 6621/5267/6487
f 6621/5267/6487 6624/5266/6490 6630/5268/6496 6627/5269/6493
f 6627/5269/6493 6630/5268/6496 6636/5270/6502 6633/5271/6499
f 6633/5271/6499 6636/5270/6502 6642/5272/6508 6639/5220/6505
f 6639/5273/6505 6642/5274/6508 6648/5275/6514 6645/5276/6511
f 6645/5276/6511 6648/5275/6514 6654/5277/6520 6651/5278/6517
f 6651/5278/6517 6654/5277/6520 6660/5211/6526 6657/5210/6523
f 6477/5279/6343 6480/5280/6346 6486/5215/6352 6483/5214/6349
f 6479/5281/6345 6473/5282/6339 6659/5283/6525 6653/5284/6519 6647/5285/6513 6641/5286/6507 6635/5287/6501 6629/5288/6495 6623/5289/6489 6617/5290/6483 6611/5291/6477 6605/5292/6471 6599/5293/6465 6593/5294/6459 6587/5295/6453 6581/5296/6447 6575/5297/6441 6569/5298/6435 6563/5299/6429 6557/5300/6423 6551/5301/6417 6545/5302/6411 6539/5303/6405 6533/5304/6399 6527/5305/6393 6521/5306/6387 6515/5307/6381 6509/5308/6375 6503/5309/6369 6497/5310/6363 6491/5311/6357 6485/5312/6351
f 6471/5213/6337 6474/5212/6340 6480/5280/6346 6477/5279/6343
f 6471/5313/6337 6477/5314/6343 6478/5315/6344 6472/5316/6338
f 6472/5316/6338 6478/5315/6344 6476/5317/6342 6470/5318/6336
f 6480/5319/6346 6474/5320/6340 6475/5321/6341 6481/5322/6347
f 6481/5322/6347 6475/5321/6341 6473/5282/6339 6479/5281/6345
f 6477/5314/6343 6483/5323/6349 6484/5324/6350 6478/5315/6344
f 6478/5315/6344 6484/5324/6350 6482/5325/6348 6476/5317/6342
f 6486/5326/6352 6480/5319/6346 6481/5322/6347 6487/5327/6353
f 6487/5327/6353 6481/5322/6347 6479/5281/6345 6485/5312/6351
f 6483/5323/6349 6489/5328/6355 6490/5329/6356 6484/5324/6350
f 6484/5324/6350 6490/5329/6356 6488/5330/6354 6482/5325/6348
f 6492/5331/6358 6486/5326/6352 6487/5327/6353 6493/5332/6359
f 6493/5332/6359 6487/5327/6353 6485/5312/6351 6491/5311/6357
f 6489/5328/6355 6495/5333/6361 6496/5334/6362 6490/5329/6356
f 6490/5329/6356 6496/5334/6362 6494/5335/6360 6488/5330/6354
f 6498/5336/6364 6492/5331/6358 6493/5332/6359 6499/5337/6365
f 6499/5337/6365 6493/5332/6359 6491/5311/6357 6497/5310/6363
f 6495/5333/6361 6501/5338/6367 6502/5339/6368 6496/5334/6362
f 6496/5334/6362 6502/5339/6368 6500/5340/6366 6494/5335/6360
f 6504/5341/6370 6498/5336/6364 6499/5337/6365 6505/5342/6371
f 6505/5342/6371 6499/5337/6365 6497/5310/6363 6503/5309/6369
f 6501/5338/6367 6507/5343/6373 6508/5344/6374 6502/5339/6368
f 6502/5339/6368 6508/5344/6374 6506/5345/6372 6500/5340/6366
f 6510/5346/6376 6504/5341/6370 6505/5342/6371 6511/5347/6377
f 6511/5347/6377 6505/5342/6371 6503/5309/6369 6509/5308/6375
f 6507/5343/6373 6513/5348/6379 6514/5349/6380 6508/5344/6374
f 6508/5344/6374 6514/5349/6380 6512/5350/6378 6506/5345/6372
f 6516/5351/6382 6510/5346/6376 6511/5347/6377 6517/5352/6383
f 6517/5352/6383 6511/5347/6377 6509/5308/6375 6515/5307/6381
f 6513/5348/6379 6519/5353/6385 6520/5354/6386 6514/5349/6380
f 6514/5349/6380 6520/5354/6386 6518/5355/6384 6512/5350/6378
f 6522/5356/6388 6516/5351/6382 6517/5352/6383 6523/5357/6389
f 6523/5357/6389 6517/5352/6383 6515/5307/6381 6521/5306/6387
f 6519/5353/6385 6525/5358/6391 6526/5359/6392 6520/5354/6386
f 6520/5354/6386 6526/5359/6392 6524/5360/6390 6518/5355/6384
f 6528/5361/6394 6522/5356/6388 6523/5357/6389 6529/5362/6395
f 6529/5362/6395 6523/5357/6389 6521/5306/6387 6527/5305/6393
f 6525/5358/6391 6531/5363/6397 6532/5364/6398 6526/5359/6392
f 6526/5359/6392 6532/5364/6398 6530/5365/6396 6524/5360/6390
f 6534/5366/6400 6528/5361/6394 6529/5362/6395 6535/5367/6401
f 6535/5367/6401 6529/5362/6395 6527/5305/6393 6533/5304/6399
f 6531/5363/6397 6537/5368/6403 6538/5369/6404 6532/5364/6398
f 6532/5364/6398 6538/5369/6404 6536/5370/6402 6530/5365/6396
f 6540/5371/6406 6534/5366/6400 6535/5367/6401 6541/5372/6407
f 6541/5372/6407 6535/5367/6401 6533/5304/6399 6539/5303/6405
f 6537/5368/6403 6543/5373/6409 6544/5374/6410 6538/5369/6404
f 6538/5369/6404 6544/5374/6410 6542/5375/6408 6536/5370/6402
f 6546/5376/6412 6540/5371/6406 6541/5372/6407 6547/5377/6413
f 6547/5377/6413 6541/5372/6407 6539/5303/6405 6545/5302/6411
f 6543/5373/6409 6549/5378/6415 6550/5379/6416 6544/5374/6410
f 6544/5374/6410 6550/5379/6416 6548/5380/6414 6542/5375/6408
f 6552/5381/6418 6546/5376/6412 6547/5377/6413 6553/5382/6419
f 6553/5382/6419 6547/5377/6413 6545/5302/6411 6551/5301/6417
f 6549/5378/6415 6555/5383/6421 6556/5384/6422 6550/5379/6416
f 6550/5379/6416 6556/5384/6422 6554/5385/6420 6548/5380/6414
f 6558/5386/6424 6552/5381/6418 6553/5382/6419 6559/5387/6425
f 6559/5387/6425 6553/5382/6419 6551/5301/6417 6557/5300/6423
f 6555/5383/6421 6561/5388/6427 6562/5389/6428 6556/5384/6422
f 6556/5384/6422 6562/5389/6428 6560/5390/6426 6554/5385/6420
f 6564/5391/6430 6558/5386/6424 6559/5387/6425 6565/5392/6431
f 6565/5392/6431 6559/5387/6425 6557/5300/6423 6563/5299/6429
f 6561/5388/6427 6567/5393/6433 6568/5394/6434 6562/5389/6428
f 6562/5389/6428 6568/5394/6434 6566/5395/6432 6560/5390/6426
f 6570/5396/6436 6564/5391/6430 6565/5392/6431 6571/5397/6437
f 6571/5397/6437 6565/5392/6431 6563/5299/6429 6569/5298/6435
f 6567/5393/6433 6573/5398/6439 6574/5399/6440 6568/5394/6434
f 6568/5394/6434 6574/5399/6440 6572/5400/6438 6566/5395/6432
f 6576/5401/6442 6570/5396/6436 6571/5397/6437 6577/5402/6443
f 6577/5402/6443 6571/5397/6437 6569/5298/6435 6575/5297/6441
f 6573/5398/6439 6579/5403/6445 6580/5404/6446 6574/5399/6440
f 6574/5399/6440 6580/5404/6446 6578/5405/6444 6572/5400/6438
f 6582/5406/6448 6576/5401/6442 6577/5402/6443 6583/5407/6449
f 6583/5407/6449 6577/5402/6443 6575/5297/6441 6581/5296/6447
f 6579/5403/6445 6585/5408/6451 6586/5409/6452 6580/5404/6446
f 6580/5404/6446 6586/5409/6452 6584/5410/6450 6578/5405/6444
f 6588/5411/6454 6582/5406/6448 6583/5407/6449 6589/5412/6455
f 6589/5412/6455 6583/5407/6449 6581/5296/6447 6587/5295/6453
f 6585/5408/6451 6591/5413/6457 6592/5414/6458 6586/5409/6452
f 6586/5409/6452 6592/5414/6458 6590/5415/6456 6584/5410/6450
f 6594/5416/6460 6588/5411/6454 6589/5412/6455 6595/5417/6461
f 6595/5417/6461 6589/5412/6455 6587/5295/6453 6593/5294/6459
f 6591/5413/6457 6597/5418/6463 6598/5419/6464 6592/5414/6458
f 6592/5414/6458 6598/5419/6464 6596/5420/6462 6590/5415/6456
f 6600/5421/6466 6594/5416/6460 6595/5417/6461 6601/5422/6467
f 6601/5422/6467 6595/5417/6461 6593/5294/6459 6599/5293/6465
f 6597/5418/6463 6603/5423/6469 6604/5424/6470 6598/5419/6464
f 6598/5419/6464 6604/5424/6470 6602/5425/6468 6596/5420/6462
f 6606/5426/6472 6600/5421/6466 6601/5422/6467 6607/5427/6473
f 6607/5427/6473 6601/5422/6467 6599/5293/6465 6605/5292/6471
f 6603/5423/6469 6609/5428/6475 6610/5429/6476 6604/5424/6470
f 6604/5424/6470 6610/5429/6476 6608/5430/6474 6602/5425/6468
f 6612/5431/6478 6606/5426/6472 6607/5427/6473 6613/5432/6479
f 6613/5432/6479 6607/5427/6473 6605/5292/6471 6611/5291/6477
f 6609/5428/6475 6615/5433/6481 6616/5434/6482 6610/5429/6476
f 6610/5429/6476 6616/5434/6482 6614/5435/6480 6608/5430/6474
f 6618/5436/6484 6612/5431/6478 6613/5432/6479 6619/5437/6485
f 6619/5437/6485 6613/5432/6479 6611/5291/6477 6617/5290/6483
f 6615/5433/6481 6621/5438/6487 6622/5439/6488 6616/5434/6482
f 6616/5434/6482 6622/5439/6488 6620/5440/6486 6614/5435/6480
f 6624/5441/6490 6618/5436/6484 6619/5437/6485 6625/5442/6491
f 6625/5442/6491 6619/5437/6485 6617/5290/6483 6623/5289/6489
f 6621/5438/6487 6627/5443/6493 6628/5444/6494 6622/5439/6488
f 6622/5439/6488 6628/5444/6494 6626/5445/6492 6620/5440/6486
f 6630/5446/6496 6624/5441/6490 6625/5442/6491 6631/5447/6497
f 6631/5447/6497 6625/5442/6491 6623/5289/6489 6629/5288/6495
f 6627/5443/6493 6633/5448/6499 6634/5449/6500 6628/5444/6494
f 6628/5444/6494 6634/5449/6500 6632/5450/6498 6626/5445/6492
f 6636/5451/6502 6630/5446/6496 6631/5447/6497 6637/5452/6503
f 6637/5452/6503 6631/5447/6497 6629/5288/6495 6635/5287/6501
f 6633/5448/6499 6639/5453/6505 6640/5454/6506 6634/5449/6500
f 6634/5449/6500 6640/5454/6506 6638/5455/6504 6632/5450/6498
f 6642/5456/6508 6636/5451/6502 6637/5452/6503 6643/5457/6509
f 6643/5457/6509 6637/5452/6503 6635/5287/6501 6641/5286/6507
f 6639/5453/6505 6645/5458/6511 6646/5459/6512 6640/5454/6506
f 6640/5454/6506 6646/5459/6512 6644/5460/6510 6638/5455/6504
f 6648/5461/6514 6642/5456/6508 6643/5457/6509 6649/5462/6515
f 6649/5462/6515 6643/5457/6509 6641/5286/6507 6647/5285/6513
f 6645/5458/6511 6651/5463/6517 6652/5464/6518 6646/5459/6512
f 6646/5459/6512 6652/5464/6518 6650/5465/6516 6644/5460/6510
f 6654/5466/6520 6648/5461/6514 6649/5462/6515 6655/5467/6521
f 6655/5467/6521 6649/5462/6515 6647/5285/6513 6653/5284/6519
f 6651/5463/6517 6657/5468/6523 6658/5469/6524 6652/5464/6518
f 6652/5464/6518 6658/5469/6524 6656/5470/6522 6650/5465/6516
f 6660/5471/6526 6654/5466/6520 6655/5467/6521 6661/5472/6527
f 6661/5472/6527 6655/5467/6521 6653/5284/6519 6659/5283/6525
f 6657/5468/6523 6471/5313/6337 6472/5316/6338 6658/5469/6524
f 6658/5469/6524 6472/5316/6338 6470/5318/6336 6656/5470/6522
f 6474/5320/6340 6660/5471/6526 6661/5472/6527 6475/5321/6341
f 6475/5321/6341 6661/5472/6527 6659/5283/6525 6473/5282/6339
f 6470/5318/6336 6476/5317/6342 6482/5325/6348 6488/5330/6354 6494/5335/6360 6500/5340/6366 6506/5345/6372 6512/5350/6378 6518/5355/6384 6524/5360/6390 6530/5365/6396 6536/5370/6402 6542/5375/6408 6548/5380/6414 6554/5385/6420 6560/5390/6426 6566/5395/6432 6572/5400/6438 6578/5405/6444 6584/5410/6450 6590/5415/6456 6596/5420/6462 6602/5425/6468 6608/5430/6474 6614/5435/6480 6620/5440/6486 6626/5445/6492 6632/5450/6498 6638/5455/6504 6644/5460/6510 6650/5465/6516 6656/5470/6522
f 6849/5210/6526 6663/5213/6340 6666/5212/6337 6852/5211/6523
f 6675/5214/6352 6681/5217/6358 6684/5216/6355 6678/5215/6349
f 6681/5217/6358 6687/5219/6364 6690/5218/6361 6684/5216/6355
f 6687/5220/6364 6693/5223/6370 6696/5222/6367 6690/5221/6361
f 6693/5223/6370 6699/5225/6376 6702/5224/6373 6696/5222/6367
f 6699/5225/6376 6705/5227/6382 6708/5226/6379 6702/5224/6373
f 6705/5227/6382 6711/5229/6388 6714/5228/6385 6708/5226/6379
f 6711/5229/6388 6717/5231/6394 6720/5230/6391 6714/5228/6385
f 6717/5231/6394 6723/5233/6400 6726/5232/6397 6720/5230/6391
f 6723/5233/6400 6729/5235/6406 6732/5234/6403 6726/5232/6397
f 6729/5235/6406 6735/5237/6412 6738/5236/6409 6732/5234/6403
f 6735/5238/6412 6741/5241/6418 6744/5240/6415 6738/5239/6409
f 6741/5241/6418 6747/5243/6424 6750/5242/6421 6744/5240/6415
f 6747/5243/6424 6753/5245/6430 6756/5244/6427 6750/5242/6421
f 6753/5245/6430 6759/5247/6436 6762/5246/6433 6756/5244/6427
f 6759/5247/6436 6765/5249/6442 6768/5248/6439 6762/5246/6433
f 6765/5249/6442 6771/5251/6448 6774/5250/6445 6768/5248/6439
f 6771/5251/6448 6777/5253/6454 6780/5252/6451 6774/5250/6445
f 6777/5253/6454 6783/5255/6460 6786/5254/6457 6780/5252/6451
f 6783/5256/6460 6789/5259/6466 6792/5258/6463 6786/5257/6457
f 6789/5259/6466 6795/5261/6472 6798/5260/6469 6792/5258/6463
f 6795/5261/6472 6801/5263/6478 6804/5262/6475 6798/5260/6469
f 6801/5263/6478 6807/5265/6484 6810/5264/6481 6804/5262/6475
f 6807/5265/6484 6813/5267/6490 6816/5266/6487 6810/5264/6481
f 6813/5267/6490 6819/5269/6496 6822/5268/6493 6816/5266/6487
f 6819/5269/6496 6825/5271/6502 6828/5270/6499 6822/5268/6493
f 6825/5271/6502 6831/5220/6508 6834/5272/6505 6828/5270/6499
f 6831/5273/6508 6837/5276/6514 6840/5275/6511 6834/5274/6505
f 6837/5276/6514 6843/5278/6520 6846/5277/6517 6840/5275/6511
f 6843/5278/6520 6849/5210/6526 6852/5211/6523 6846/5277/6517
f 6669/5279/6346 6675/5214/6352 6678/5215/6349 6672/5280/6343
f 6671/5281/6529 6677/5312/6348 6683/5311/6354 6689/5310/6360 6695/5309/6366 6701/5308/6372 6707/5307/6531 6713/5306/6384 6719/5305/6533 6725/5304/6396 6731/5303/6402 6737/5302/6408 6743/5301/6414 6749/5300/6420 6755/5299/6534 6761/5298/6432 6767/5297/6536 6773/5296/6444 6779/5295/6450 6785/5294/6456 6791/5293/6462 6797/5292/6468 6803/5291/6538 6809/5290/6480 6815/5289/6540 6821/5288/6492 6827/5287/6498 6833/5286/6504 6839/5285/6510 6845/5284/6516 6851/5283/6522 6665/5282/6336
f 6663/5213/6340 6669/5279/6346 6672/5280/6343 6666/5212/6337
f 6663/5313/6340 6664/5316/6341 6670/5315/6347 6669/5314/6346
f 6664/5316/6341 6662/5318/6339 6668/5317/6528 6670/5315/6347
f 6672/5319/6343 6673/5322/6344 6667/5321/6338 6666/5320/6337
f 6673/5322/6344 6671/5281/6529 6665/5282/6336 6667/5321/6338
f 6669/5314/6346 6670/5315/6347 6676/5324/6353 6675/5323/6352
f 6670/5315/6347 6668/5317/6528 6674/5325/6351 6676/5324/6353
f 6678/5326/6349 6679/5327/6350 6673/5322/6344 6672/5319/6343
f 6679/5327/6350 6677/5312/6348 6671/5281/6529 6673/5322/6344
f 6675/5323/6352 6676/5324/6353 6682/5329/6359 6681/5328/6358
f 6676/5324/6353 6674/5325/6351 6680/5330/6357 6682/5329/6359
f 6684/5331/6355 6685/5332/6356 6679/5327/6350 6678/5326/6349
f 6685/5332/6356 6683/5311/6354 6677/5312/6348 6679/5327/6350
f 6681/5328/6358 6682/5329/6359 6688/5334/6365 6687/5333/6364
f 6682/5329/6359 6680/5330/6357 6686/5335/6363 6688/5334/6365
f 6690/5336/6361 6691/5337/6362 6685/5332/6356 6684/5331/6355
f 6691/5337/6362 6689/5310/6360 6683/5311/6354 6685/5332/6356
f 6687/5333/6364 6688/5334/6365 6694/5339/6371 6693/5338/6370
f 6688/5334/6365 6686/5335/6363 6692/5340/6369 6694/5339/6371
f 6696/5341/6367 6697/5342/6368 6691/5337/6362 6690/5336/6361
f 6697/5342/6368 6695/5309/6366 6689/5310/6360 6691/5337/6362
f 6693/5338/6370 6694/5339/6371 6700/5344/6377 6699/5343/6376
f 6694/5339/6371 6692/5340/6369 6698/5345/6375 6700/5344/6377
f 6702/5346/6373 6703/5347/6374 6697/5342/6368 6696/5341/6367
f 6703/5347/6374 6701/5308/6372 6695/5309/6366 6697/5342/6368
f 6699/5343/6376 6700/5344/6377 6706/5349/6383 6705/5348/6382
f 6700/5344/6377 6698/5345/6375 6704/5350/6530 6706/5349/6383
f 6708/5351/6379 6709/5352/6380 6703/5347/6374 6702/5346/6373
f 6709/5352/6380 6707/5307/6531 6701/5308/6372 6703/5347/6374
f 6705/5348/6382 6706/5349/6383 6712/5354/6389 6711/5353/6388
f 6706/5349/6383 6704/5350/6530 6710/5355/6387 6712/5354/6389
f 6714/5356/6385 6715/5357/6386 6709/5352/6380 6708/5351/6379
f 6715/5357/6386 6713/5306/6384 6707/5307/6531 6709/5352/6380
f 6711/5353/6388 6712/5354/6389 6718/5359/6395 6717/5358/6394
f 6712/5354/6389 6710/5355/6387 6716/5360/6532 6718/5359/6395
f 6720/5361/6391 6721/5362/6392 6715/5357/6386 6714/5356/6385
f 6721/5362/6392 6719/5305/6533 6713/5306/6384 6715/5357/6386
f 6717/5358/6394 6718/5359/6395 6724/5364/6401 6723/5363/6400
f 6718/5359/6395 6716/5360/6532 6722/5365/6399 6724/5364/6401
f 6726/5366/6397 6727/5367/6398 6721/5362/6392 6720/5361/6391
f 6727/5367/6398 6725/5304/6396 6719/5305/6533 6721/5362/6392
f 6723/5363/6400 6724/5364/6401 6730/5369/6407 6729/5368/6406
f 6724/5364/6401 6722/5365/6399 6728/5370/6405 6730/5369/6407
f 6732/5371/6403 6733/5372/6404 6727/5367/6398 6726/5366/6397
f 6733/5372/6404 6731/5303/6402 6725/5304/6396 6727/5367/6398
f 6729/5368/6406 6730/5369/6407 6736/5374/6413 6735/5373/6412
f 6730/5369/6407 6728/5370/6405 6734/5375/6411 6736/5374/6413
f 6738/5376/6409 6739/5377/6410 6733/5372/6404 6732/5371/6403
f 6739/5377/6410 6737/5302/6408 6731/5303/6402 6733/5372/6404
f 6735/5373/6412 6736/5374/6413 6742/5379/6419 6741/5378/6418
f 6736/5374/6413 6734/5375/6411 6740/5380/6417 6742/5379/6419
f 6744/5381/6415 6745/5382/6416 6739/5377/6410 6738/5376/6409
f 6745/5382/6416 6743/5301/6414 6737/5302/6408 6739/5377/6410
f 6741/5378/6418 6742/5379/6419 6748/5384/6425 6747/5383/6424
f 6742/5379/6419 6740/5380/6417 6746/5385/6423 6748/5384/6425
f 6750/5386/6421 6751/5387/6422 6745/5382/6416 6744/5381/6415
f 6751/5387/6422 6749/5300/6420 6743/5301/6414 6745/5382/6416
f 6747/5383/6424 6748/5384/6425 6754/5389/6431 6753/5388/6430
f 6748/5384/6425 6746/5385/6423 6752/5390/6429 6754/5389/6431
f 6756/5391/6427 6757/5392/6428 6751/5387/6422 6750/5386/6421
f 6757/5392/6428 6755/5299/6534 6749/5300/6420 6751/5387/6422
f 6753/5388/6430 6754/5389/6431 6760/5394/6437 6759/5393/6436
f 6754/5389/6431 6752/5390/6429 6758/5395/6435 6760/5394/6437
f 6762/5396/6433 6763/5397/6434 6757/5392/6428 6756/5391/6427
f 6763/5397/6434 6761/5298/6432 6755/5299/6534 6757/5392/6428
f 6759/5393/6436 6760/5394/6437 6766/5399/6443 6765/5398/6442
f 6760/5394/6437 6758/5395/6435 6764/5400/6535 6766/5399/6443
f 6768/5401/6439 6769/5402/6440 6763/5397/6434 6762/5396/6433
f 6769/5402/6440 6767/5297/6536 6761/5298/6432 6763/5397/6434
f 6765/5398/6442 6766/5399/6443 6772/5404/6449 6771/5403/6448
f 6766/5399/6443 6764/5400/6535 6770/5405/6447 6772/5404/6449
f 6774/5406/6445 6775/5407/6446 6769/5402/6440 6768/5401/6439
f 6775/5407/6446 6773/5296/6444 6767/5297/6536 6769/5402/6440
f 6771/5403/6448 6772/5404/6449 6778/5409/6455 6777/5408/6454
f 6772/5404/6449 6770/5405/6447 6776/5410/6453 6778/5409/6455
f 6780/5411/6451 6781/5412/6452 6775/5407/6446 6774/5406/6445
f 6781/5412/6452 6779/5295/6450 6773/5296/6444 6775/5407/6446
f 6777/5408/6454 6778/5409/6455 6784/5414/6461 6783/5413/6460
f 6778/5409/6455 6776/5410/6453 6782/5415/6459 6784/5414/6461
f 6786/5416/6457 6787/5417/6458 6781/5412/6452 6780/5411/6451
f 6787/5417/6458 6785/5294/6456 6779/5295/6450 6781/5412/6452
f 6783/5413/6460 6784/5414/6461 6790/5419/6467 6789/5418/6466
f 6784/5414/6461 6782/5415/6459 6788/5420/6465 6790/5419/6467
f 6792/5421/6463 6793/5422/6464 6787/5417/6458 6786/5416/6457
f 6793/5422/6464 6791/5293/6462 6785/5294/6456 6787/5417/6458
f 6789/5418/6466 6790/5419/6467 6796/5424/6473 6795/5423/6472
f 6790/5419/6467 6788/5420/6465 6794/5425/6471 6796/5424/6473
f 6798/5426/6469 6799/5427/6470 6793/5422/6464 6792/5421/6463
f 6799/5427/6470 6797/5292/6468 6791/5293/6462 6793/5422/6464
f 6795/5423/6472 6796/5424/6473 6802/5429/6479 6801/5428/6478
f 6796/5424/6473 6794/5425/6471 6800/5430/6537 6802/5429/6479
f 6804/5431/6475 6805/5432/6476 6799/5427/6470 6798/5426/6469
f 6805/5432/6476 6803/5291/6538 6797/5292/6468 6799/5427/6470
f 6801/5428/6478 6802/5429/6479 6808/5434/6485 6807/5433/6484
f 6802/5429/6479 6800/5430/6537 6806/5435/6483 6808/5434/6485
f 6810/5436/6481 6811/5437/6482 6805/5432/6476 6804/5431/6475
f 6811/5437/6482 6809/5290/6480 6803/5291/6538 6805/5432/6476
f 6807/5433/6484 6808/5434/6485 6814/5439/6491 6813/5438/6490
f 6808/5434/6485 6806/5435/6483 6812/5440/6539 6814/5439/6491
f 6816/5441/6487 6817/5442/6488 6811/5437/6482 6810/5436/6481
f 6817/5442/6488 6815/5289/6540 6809/5290/6480 6811/5437/6482
f 6813/5438/6490 6814/5439/6491 6820/5444/6497 6819/5443/6496
f 6814/5439/6491 6812/5440/6539 6818/5445/6495 6820/5444/6497
f 6822/5446/6493 6823/5447/6494 6817/5442/6488 6816/5441/6487
f 6823/5447/6494 6821/5288/6492 6815/5289/6540 6817/5442/6488
f 6819/5443/6496 6820/5444/6497 6826/5449/6503 6825/5448/6502
f 6820/5444/6497 6818/5445/6495 6824/5450/6501 6826/5449/6503
f 6828/5451/6499 6829/5452/6500 6823/5447/6494 6822/5446/6493
f 6829/5452/6500 6827/5287/6498 6821/5288/6492 6823/5447/6494
f 6825/5448/6502 6826/5449/6503 6832/5454/6509 6831/5453/6508
f 6826/5449/6503 6824/5450/6501 6830/5455/6507 6832/5454/6509
f 6834/5456/6505 6835/5457/6506 6829/5452/6500 6828/5451/6499
f 6835/5457/6506 6833/5286/6504 6827/5287/6498 6829/5452/6500
f 6831/5453/6508 6832/5454/6509 6838/5459/6515 6837/5458/6514
f 6832/5454/6509 6830/5455/6507 6836/5460/6513 6838/5459/6515
f 6840/5461/6511 6841/5462/6512 6835/5457/6506 6834/5456/6505
f 6841/5462/6512 6839/5285/6510 6833/5286/6504 6835/5457/6506
f 6837/5458/6514 6838/5459/6515 6844/5464/6521 6843/5463/6520
f 6838/5459/6515 6836/5460/6513 6842/5465/6519 6844/5464/6521
f 6846/5466/6517 6847/5467/6518 6841/5462/6512 6840/5461/6511
f 6847/5467/6518 6845/5284/6516 6839/5285/6510 6841/5462/6512
f 6843/5463/6520 6844/5464/6521 6850/5469/6527 6849/5468/6526
f 6844/5464/6521 6842/5465/6519 6848/5470/6541 6850/5469/6527
f 6852/5471/6523 6853/5472/6524 6847/5467/6518 6846/5466/6517
f 6853/5472/6524 6851/5283/6522 6845/5284/6516 6847/5467/6518
f 6849/5468/6526 6850/5469/6527 6664/5316/6341 6663/5313/6340
f 6850/5469/6527 6848/5470/6541 6662/5318/6339 6664/5316/6341
f 6666/5320/6337 6667/5321/6338 6853/5472/6524 6852/5471/6523
f 6667/5321/6338 6665/5282/6336 6851/5283/6522 6853/5472/6524
f 6662/5318/6339 6848/5470/6541 6842/5465/6519 6836/5460/6513 6830/5455/6507 6824/5450/6501 6818/5445/6495 6812/5440/6539 6806/5435/6483 6800/5430/6537 6794/5425/6471 6788/5420/6465 6782/5415/6459 6776/5410/6453 6770/5405/6447 6764/5400/6535 6758/5395/6435 6752/5390/6429 6746/5385/6423 6740/5380/6417 6734/5375/6411 6728/5370/6405 6722/5365/6399 6716/5360/6532 6710/5355/6387 6704/5350/6530 6698/5345/6375 6692/5340/6369 6686/5335/6363 6680/5330/6357 6674/5325/6351 6668/5317/6528
f 7126/5598/6523 7129/5599/6526 6943/5600/6340 6940/5601/6337
f 6952/5602/6349 6955/5603/6352 6961/5604/6358 6958/5605/6355
f 6958/5605/6355 6961/5604/6358 6967/5606/6364 6964/5607/6361
f 6964/5607/6361 6967/5606/6364 6973/5608/6370 6970/5609/6367
f 6970/5609/6367 6973/5610/6370 6979/5611/6376 6976/5612/6373
f 6976/5612/6373 6979/5611/6376 6985/5613/6382 6982/5614/6379
f 6982/5614/6379 6985/5613/6382 6991/5615/6388 6988/5616/6385
f 6988/5616/6385 6991/5615/6388 6997/5617/6394 6994/5618/6391
f 6994/5618/6391 6997/5617/6394 7003/5619/6400 7000/5620/6397
f 7000/5620/6397 7003/5619/6400 7009/5621/6406 7006/5622/6403
f 7006/5622/6403 7009/5621/6406 7015/5623/6412 7012/5624/6409
f 7012/5624/6409 7015/5623/6412 7021/5625/6418 7018/5626/6415
f 7018/5627/6415 7021/5628/6418 7027/5629/6424 7024/5630/6421
f 7024/5630/6421 7027/5629/6424 7033/5631/6430 7030/5632/6427
f 7030/5632/6427 7033/5631/6430 7039/5633/6436 7036/5634/6433
f 7036/5634/6433 7039/5633/6436 7045/5635/6442 7042/5636/6439
f 7042/5636/6439 7045/5635/6442 7051/5637/6448 7048/5638/6445
f 7048/5638/6445 7051/5637/6448 7057/5639/6454 7054/5640/6451
f 7054/5640/6451 7057/5639/6454 7063/5641/6460 7060/5642/6457
f 7060/5642/6457 7063/5641/6460 7069/5643/6466 7066/5644/6463
f 7066/5644/6463 7069/5643/6466 7075/5645/6472 7072/5646/6469
f 7072/5647/6469 7075/5648/6472 7081/5649/6478 7078/5650/6475
f 7078/5650/6475 7081/5649/6478 7087/5651/6484 7084/5652/6481
f 7084/5652/6481 7087/5651/6484 7093/5653/6490 7090/5654/6487
f 7090/5654/6487 7093/5653/6490 7099/5655/6496 7096/5656/6493
f 7096/5656/6493 7099/5655/6496 7105/5657/6502 7102/5658/6499
f 7102/5658/6499 7105/5657/6502 7111/5659/6508 7108/5660/6505
f 7108/5660/6505 7111/5659/6508 7117/5646/6514 7114/5661/6511
f 7114/5662/6511 7117/5663/6514 7123/5664/6520 7120/5665/6517
f 7120/5665/6517 7123/5664/6520 7129/5599/6526 7126/5598/6523
f 6946/5666/6343 6949/5667/6346 6955/5603/6352 6952/5602/6349
f 6948/5668/6345 6942/5669/6339 7128/5670/6525 7122/5671/6519 7116/5672/6513 7110/5673/6507 7104/5674/6501 7098/5675/6495 7092/5676/6489 7086/5677/6483 7080/5678/6477 7074/5679/6471 7068/5680/6465 7062/5681/6459 7056/5682/6453 7050/5683/6447 7044/5684/6441 7038/5685/6435 7032/5686/6553 7026/5687/6423 7020/5688/6417 7014/5689/6411 7008/5690/6405 7002/5691/6399 6996/5692/6393 6990/5693/6387 6984/5694/6381 6978/5695/6375 6972/5696/6369 6966/5697/6363 6960/5698/6357 6954/5699/6351
f 6940/5601/6337 6943/5600/6340 6949/5667/6346 6946/5666/6343
f 6940/5601/6337 6946/5666/6343 6947/5700/6344 6941/5701/6338
f 6941/5702/6338 6947/5703/6344 6945/5704/6529 6939/5705/6336
f 6949/5667/6346 6943/5600/6340 6944/5706/6341 6950/5707/6347
f 6950/5708/6347 6944/5709/6341 6942/5669/6339 6948/5668/6345
f 6946/5666/6343 6952/5602/6349 6953/5710/6350 6947/5700/6344
f 6947/5703/6344 6953/5711/6350 6951/5712/6348 6945/5704/6529
f 6955/5603/6352 6949/5667/6346 6950/5707/6347 6956/5713/6353
f 6956/5714/6353 6950/5708/6347 6948/5668/6345 6954/5699/6351
f 6952/5602/6349 6958/5605/6355 6959/5715/6356 6953/5710/6350
f 6953/5711/6350 6959/5716/6356 6957/5717/6354 6951/5712/6348
f 6961/5604/6358 6955/5603/6352 6956/5713/6353 6962/5718/6359
f 6962/5719/6359 6956/5714/6353 6954/5699/6351 6960/5698/6357
f 6958/5605/6355 6964/5607/6361 6965/5720/6362 6959/5715/6356
f 6959/5716/6356 6965/5721/6362 6963/5722/6360 6957/5717/6354
f 6967/5606/6364 6961/5604/6358 6962/5718/6359 6968/5723/6365
f 6968/5724/6365 6962/5719/6359 6960/5698/6357 6966/5697/6363
f 6964/5607/6361 6970/5609/6367 6971/5725/6368 6965/5720/6362
f 6965/5721/6362 6971/5726/6368 6969/5727/6366 6963/5722/6360
f 6973/5608/6370 6967/5606/6364 6968/5723/6365 6974/5728/6371
f 6974/5729/6371 6968/5724/6365 6966/5697/6363 6972/5696/6369
f 6970/5609/6367 6976/5612/6373 6977/5730/6374 6971/5731/6368
f 6971/5726/6368 6977/5732/6374 6975/5733/6372 6969/5727/6366
f 6979/5611/6376 6973/5610/6370 6974/5734/6371 6980/5735/6377
f 6980/5736/6377 6974/5729/6371 6972/5696/6369 6978/5695/6375
f 6976/5612/6373 6982/5614/6379 6983/5737/6380 6977/5730/6374
f 6977/5732/6374 6983/5738/6380 6981/5739/6531 6975/5733/6372
f 6985/5613/6382 6979/5611/6376 6980/5735/6377 6986/5740/6383
f 6986/5741/6383 6980/5736/6377 6978/5695/6375 6984/5694/6381
f 6982/5614/6379 6988/5616/6385 6989/5742/6386 6983/5737/6380
f 6983/5738/6380 6989/5743/6386 6987/5744/6384 6981/5739/6531
f 6991/5615/6388 6985/5613/6382 6986/5740/6383 6992/5745/6389
f 6992/5746/6389 6986/5741/6383 6984/5694/6381 6990/5693/6387
f 6988/5616/6385 6994/5618/6391 6995/5747/6392 6989/5742/6386
f 6989/5743/6386 6995/5748/6392 6993/5749/6533 6987/5744/6384
f 6997/5617/6394 6991/5615/6388 6992/5745/6389 6998/5750/6395
f 6998/5751/6395 6992/5746/6389 6990/5693/6387 6996/5692/6393
f 6994/5618/6391 7000/5620/6397 7001/5752/6398 6995/5747/6392
f 6995/5748/6392 7001/5753/6398 6999/5754/6396 6993/5749/6533
f 7003/5619/6400 6997/5617/6394 6998/5750/6395 7004/5755/6401
f 7004/5756/6401 6998/5751/6395 6996/5692/6393 7002/5691/6399
f 7000/5620/6397 7006/5622/6403 7007/5757/6404 7001/5752/6398
f 7001/5753/6398 7007/5758/6404 7005/5759/6402 6999/5754/6396
f 7009/5621/6406 7003/5619/6400 7004/5755/6401 7010/5760/6407
f 7010/5761/6407 7004/5756/6401 7002/5691/6399 7008/5690/6405
f 7006/5622/6403 7012/5624/6409 7013/5762/6410 7007/5757/6404
f 7007/5758/6404 7013/5763/6410 7011/5764/6408 7005/5759/6402
f 7015/5623/6412 7009/5621/6406 7010/5760/6407 7016/5765/6413
f 7016/5766/6413 7010/5761/6407 7008/5690/6405 7014/5689/6411
f 7012/5624/6409 7018/5626/6415 7019/5767/6416 7013/5762/6410
f 7013/5763/6410 7019/5768/6416 7017/5769/6414 7011/5764/6408
f 7021/5625/6418 7015/5623/6412 7016/5765/6413 7022/5770/6419
f 7022/5771/6419 7016/5766/6413 7014/5689/6411 7020/5688/6417
f 7018/5627/6415 7024/5630/6421 7025/5772/6422 7019/5773/6416
f 7019/5768/6416 7025/5774/6422 7023/5775/6420 7017/5769/6414
f 7027/5629/6424 7021/5628/6418 7022/5776/6419 7028/5777/6425
f 7028/5778/6425 7022/5771/6419 7020/5688/6417 7026/5687/6423
f 7024/5630/6421 7030/5632/6427 7031/5779/6428 7025/5772/6422
f 7025/5774/6422 7031/5780/6428 7029/5781/6534 7023/5775/6420
f 7033/5631/6430 7027/5629/6424 7028/5777/6425 7034/5782/6431
f 7034/5783/6431 7028/5778/6425 7026/5687/6423 7032/5686/6553
f 7030/5632/6427 7036/5634/6433 7037/5784/6434 7031/5779/6428
f 7031/5780/6428 7037/5785/6434 7035/5786/6432 7029/5781/6534
f 7039/5633/6436 7033/5631/6430 7034/5782/6431 7040/5787/6437
f 7040/5788/6437 7034/5783/6431 7032/5686/6553 7038/5685/6435
f 7036/5634/6433 7042/5636/6439 7043/5789/6440 7037/5784/6434
f 7037/5785/6434 7043/5790/6440 7041/5791/6536 7035/5786/6432
f 7045/5635/6442 7039/5633/6436 7040/5787/6437 7046/5792/6443
f 7046/5793/6443 7040/5788/6437 7038/5685/6435 7044/5684/6441
f 7042/5636/6439 7048/5638/6445 7049/5794/6446 7043/5789/6440
f 7043/5790/6440 7049/5795/6446 7047/5796/6444 7041/5791/6536
f 7051/5637/6448 7045/5635/6442 7046/5792/6443 7052/5797/6449
f 7052/5798/6449 7046/5793/6443 7044/5684/6441 7050/5683/6447
f 7048/5638/6445 7054/5640/6451 7055/5799/6452 7049/5794/6446
f 7049/5795/6446 7055/5800/6452 7053/5801/6450 7047/5796/6444
f 7057/5639/6454 7051/5637/6448 7052/5797/6449 7058/5802/6455
f 7058/5803/6455 7052/5798/6449 7050/5683/6447 7056/5682/6453
f 7054/5640/6451 7060/5642/6457 7061/5804/6458 7055/5799/6452
f 7055/5800/6452 7061/5805/6458 7059/5806/6456 7053/5801/6450
f 7063/5641/6460 7057/5639/6454 7058/5802/6455 7064/5807/6461
f 7064/5808/6461 7058/5803/6455 7056/5682/6453 7062/5681/6459
f 7060/5642/6457 7066/5644/6463 7067/5809/6464 7061/5804/6458
f 7061/5805/6458 7067/5810/6464 7065/5811/6462 7059/5806/6456
f 7069/5643/6466 7063/5641/6460 7064/5807/6461 7070/5812/6467
f 7070/5813/6467 7064/5808/6461 7062/5681/6459 7068/5680/6465
f 7066/5644/6463 7072/5646/6469 7073/5814/6470 7067/5809/6464
f 7067/5810/6464 7073/5815/6470 7071/5816/6468 7065/5811/6462
f 7075/5645/6472 7069/5643/6466 7070/5812/6467 7076/5817/6473
f 7076/5818/6473 7070/5813/6467 7068/5680/6465 7074/5679/6471
f 7072/5647/6469 7078/5650/6475 7079/5819/6476 7073/5820/6470
f 7073/5815/6470 7079/5821/6476 7077/5822/6538 7071/5816/6468
f 7081/5649/6478 7075/5648/6472 7076/5823/6473 7082/5824/6479
f 7082/5825/6479 7076/5818/6473 7074/5679/6471 7080/5678/6477
f 7078/5650/6475 7084/5652/6481 7085/5826/6482 7079/5819/6476
f 7079/5821/6476 7085/5827/6482 7083/5828/6480 7077/5822/6538
f 7087/5651/6484 7081/5649/6478 7082/5824/6479 7088/5829/6485
f 7088/5830/6485 7082/5825/6479 7080/5678/6477 7086/5677/6483
f 7084/5652/6481 7090/5654/6487 7091/5831/6488 7085/5826/6482
f 7085/5827/6482 7091/5832/6488 7089/5833/6540 7083/5828/6480
f 7093/5653/6490 7087/5651/6484 7088/5829/6485 7094/5834/6491
f 7094/5835/6491 7088/5830/6485 7086/5677/6483 7092/5676/6489
f 7090/5654/6487 7096/5656/6493 7097/5836/6494 7091/5831/6488
f 7091/5832/6488 7097/5837/6494 7095/5838/6492 7089/5833/6540
f 7099/5655/6496 7093/5653/6490 7094/5834/6491 7100/5839/6497
f 7100/5840/6497 7094/5835/6491 7092/5676/6489 7098/5675/6495
f 7096/5656/6493 7102/5658/6499 7103/5841/6500 7097/5836/6494
f 7097/5837/6494 7103/5842/6500 7101/5843/6498 7095/5838/6492
f 7105/5657/6502 7099/5655/6496 7100/5839/6497 7106/5844/6503
f 7106/5845/6503 7100/5840/6497 7098/5675/6495 7104/5674/6501
f 7102/5658/6499 7108/5660/6505 7109/5846/6506 7103/5841/6500
f 7103/5842/6500 7109/5847/6506 7107/5848/6504 7101/5843/6498
f 7111/5659/6508 7105/5657/6502 7106/5844/6503 7112/5849/6509
f 7112/5850/6509 7106/5845/6503 7104/5674/6501 7110/5673/6507
f 7108/5660/6505 7114/5661/6511 7115/5851/6512 7109/5846/6506
f 7109/5847/6506 7115/5852/6512 7113/5853/6510 7107/5848/6504
f 7117/5646/6514 7111/5659/6508 7112/5849/6509 7118/5854/6515
f 7118/5855/6515 7112/5850/6509 7110/5673/6507 7116/5672/6513
f 7114/5662/6511 7120/5665/6517 7121/5856/6518 7115/5857/6512
f 7115/5852/6512 7121/5858/6518 7119/5859/6516 7113/5853/6510
f 7123/5664/6520 7117/5663/6514 7118/5860/6515 7124/5861/6521
f 7124/5862/6521 7118/5855/6515 7116/5672/6513 7122/5671/6519
f 7120/5665/6517 7126/5598/6523 7127/5863/6524 7121/5856/6518
f 7121/5858/6518 7127/5864/6524 7125/5865/6522 7119/5859/6516
f 7129/5599/6526 7123/5664/6520 7124/5861/6521 7130/5866/6527
f 7130/5867/6527 7124/5862/6521 7122/5671/6519 7128/5670/6525
f 7126/5598/6523 6940/5601/6337 6941/5701/6338 7127/5863/6524
f 7127/5864/6524 6941/5702/6338 6939/5705/6336 7125/5865/6522
f 6943/5600/6340 7129/5599/6526 7130/5866/6527 6944/5706/6341
f 6944/5709/6341 7130/5867/6527 7128/5670/6525 6942/5669/6339
f 6939/5705/6336 6945/5704/6529 6951/5712/6348 6957/5717/6354 6963/5722/6360 6969/5727/6366 6975/5733/6372 6981/5739/6531 6987/5744/6384 6993/5749/6533 6999/5754/6396 7005/5759/6402 7011/5764/6408 7017/5769/6414 7023/5775/6420 7029/5781/6534 7035/5786/6432 7041/5791/6536 7047/5796/6444 7053/5801/6450 7059/5806/6456 7065/5811/6462 7071/5816/6468 7077/5822/6538 7083/5828/6480 7089/5833/6540 7095/5838/6492 7101/5843/6498 7107/5848/6504 7113/5853/6510 7119/5859/6516 7125/5865/6522
usemtl Grey_Metal_Material
f 7163/5924/6586 7176/5925/6599 7175/5926/6598
f 7164/5927/6587 7176/5925/6599 7178/5928/6601
f 7163/5929/6586 7175/5930/6598 7180/5931/6603
f 7163/5932/6586 7180/5933/6603 7182/5934/6605
f 7163/5932/6586 7182/5934/6605 7179/5935/6602
f 7164/5927/6587 7178/5928/6601 7185/5936/6608
f 7165/5937/6588 7177/5938/6600 7187/5939/6610
f 7166/5940/6589 7181/5941/6604 7189/5942/6612
f 7167/5943/6590 7183/5944/6606 7191/5945/6614
f 7168/5946/6591 7184/5947/6607 7193/5948/6616
f 7164/5927/6587 7185/5936/6608 7188/5949/6611
f 7165/5937/6588 7187/5939/6610 7190/5950/6613
f 7166/5940/6589 7189/5942/6612 7192/5951/6615
f 7167/5943/6590 7191/5945/6614 7194/5952/6617
f 7168/5946/6591 7193/5948/6616 7186/5953/6609
f 7213/5954/6636 7214/5955/6637 7224/5956/6647 7223/5957/6646
f 7212/5958/6635 7209/5959/6632 7219/5960/6642 7222/5961/6645
f 7218/5962/6641 7217/5963/6640 7227/5964/6650 7228/5965/6651
f 7211/5966/6634 7212/5967/6635 7222/5968/6645 7221/5969/6644
f 7210/5970/6633 7216/5971/6639 7226/5972/6649 7220/5973/6643
f 7217/5974/6640 7213/5954/6636 7223/5957/6646 7227/5975/6650
f 7209/5959/6632 7210/5976/6633 7220/5977/6643 7219/5960/6642
f 7215/5978/6638 7218/5979/6641 7228/5980/6651 7225/5981/6648
f 7214/5955/6637 7211/5966/6634 7221/5969/6644 7224/5956/6647
f 7216/5971/6639 7215/5978/6638 7225/5981/6648 7226/5972/6649
f 7170/5982/6593 7206/5983/6629 7216/5971/6639 7210/5970/6633
f 7171/5984/6594 7172/5985/6595 7212/5967/6635 7211/5966/6634
f 7208/5986/6631 7207/5987/6630 7217/5963/6640 7218/5962/6641
f 7172/5988/6595 7169/5989/6592 7209/5959/6632 7212/5958/6635
f 7173/5990/6596 7174/5991/6597 7214/5955/6637 7213/5954/6636
f 7206/5983/6629 7205/5992/6628 7215/5978/6638 7216/5971/6639
f 7174/5991/6597 7171/5984/6594 7211/5966/6634 7214/5955/6637
f 7205/5992/6628 7208/5993/6631 7218/5979/6641 7215/5978/6638
f 7169/5989/6592 7170/5994/6593 7210/5976/6633 7209/5959/6632
f 7207/5995/6630 7173/5990/6596 7213/5954/6636 7217/5974/6640
f 7204/5996/6627 7203/5997/6626 7207/5987/6630 7208/5986/6631
f 7200/5998/6623 7199/5999/6622 7170/5994/6593 7169/5989/6592
f 7196/6000/6619 7195/6001/6618 7174/5991/6597 7173/5990/6596
f 7199/6002/6622 7202/6003/6625 7206/5983/6629 7170/5982/6593
f 7202/6003/6625 7201/6004/6624 7205/5992/6628 7206/5983/6629
f 7195/6001/6618 7198/6005/6621 7171/5984/6594 7174/5991/6597
f 7198/6005/6621 7197/6006/6620 7172/5985/6595 7171/5984/6594
f 7201/6004/6624 7204/6007/6627 7208/5993/6631 7205/5992/6628
f 7197/6008/6620 7200/5998/6623 7169/5989/6592 7172/5988/6595
f 7203/6009/6626 7196/6000/6619 7173/5990/6596 7207/5995/6630
f 7190/5950/6613 7187/5939/6610 7202/6003/6625 7199/6002/6622
f 7185/6010/6608 7186/6011/6609 7203/5997/6626 7204/5996/6627
f 7188/5949/6611 7185/5936/6608 7204/6007/6627 7201/6004/6624
f 7193/5948/6616 7194/5952/6617 7195/6001/6618 7196/6000/6619
f 7186/5953/6609 7193/5948/6616 7196/6000/6619 7203/6009/6626
f 7191/5945/6614 7192/6012/6615 7197/6006/6620 7198/6005/6621
f 7193/5948/6616 7184/5947/6607 7194/5952/6617
f 7184/5947/6607 7167/5943/6590 7194/5952/6617
f 7189/5942/6612 7190/6013/6613 7199/5999/6622 7200/5998/6623
f 7191/5945/6614 7183/5944/6606 7192/6012/6615
f 7183/5944/6606 7166/6014/6589 7192/6012/6615
f 7194/5952/6617 7191/5945/6614 7198/6005/6621 7195/6001/6618
f 7189/5942/6612 7181/5941/6604 7190/6013/6613
f 7181/5941/6604 7165/6015/6588 7190/6013/6613
f 7187/5939/6610 7188/5949/6611 7201/6004/6624 7202/6003/6625
f 7187/5939/6610 7177/5938/6600 7188/5949/6611
f 7177/5938/6600 7164/5927/6587 7188/5949/6611
f 7192/5951/6615 7189/5942/6612 7200/5998/6623 7197/6008/6620
f 7185/6010/6608 7178/6016/6601 7186/6011/6609
f 7178/6016/6601 7168/6017/6591 7186/6011/6609
f 7179/5935/6602 7184/5947/6607 7168/5946/6591
f 7179/5935/6602 7182/5934/6605 7184/5947/6607
f 7182/5934/6605 7167/5943/6590 7184/5947/6607
f 7182/5934/6605 7183/5944/6606 7167/5943/6590
f 7182/5934/6605 7180/5933/6603 7183/5944/6606
f 7180/5933/6603 7166/6014/6589 7183/5944/6606
f 7180/5931/6603 7181/5941/6604 7166/5940/6589
f 7180/5931/6603 7175/5930/6598 7181/5941/6604
f 7175/5930/6598 7165/6015/6588 7181/5941/6604
f 7178/6016/6601 7179/6018/6602 7168/6017/6591
f 7178/6016/6601 7176/6019/6599 7179/6018/6602
f 7176/6019/6599 7163/6020/6586 7179/6018/6602
f 7175/5926/6598 7177/5938/6600 7165/5937/6588
f 7175/5926/6598 7176/5925/6599 7177/5938/6600
f 7176/5925/6599 7164/5927/6587 7177/5938/6600
f 7224/5956/6647 7221/5969/6644 7231/6021/6654 7234/6022/6657
f 7225/5981/6648 7228/5980/6651 7238/6023/6661 7235/6024/6658
f 7219/5960/6642 7220/5977/6643 7230/6025/6653 7229/6026/6652
f 7227/5975/6650 7223/5957/6646 7233/6027/6656 7237/6028/6660
f 7220/5973/6643 7226/5972/6649 7236/6029/6659 7230/6030/6653
f 7221/5969/6644 7222/5968/6645 7232/6031/6655 7231/6021/6654
f 7228/5965/6651 7227/5964/6650 7237/6032/6660 7238/6033/6661
f 7222/5961/6645 7219/5960/6642 7229/6026/6652 7232/6034/6655
f 7223/5957/6646 7224/5956/6647 7234/6022/6657 7233/6027/6656
f 7226/5972/6649 7225/5981/6648 7235/6024/6658 7236/6029/6659
f 7239/6035/6662 7252/6036/6675 7251/6037/6674
f 7240/6038/6663 7252/6036/6675 7254/6039/6677
f 7239/6040/6662 7251/6041/6674 7256/6042/6679
f 7239/6043/6662 7256/6044/6679 7258/6045/6681
f 7239/6043/6662 7258/6045/6681 7255/6046/6678
f 7240/6038/6663 7254/6039/6677 7261/6047/6684
f 7241/6048/6664 7253/6049/6676 7263/6050/6686
f 7242/6051/6665 7257/6052/6680 7265/6053/6688
f 7243/6054/6666 7259/6055/6682 7267/6056/6690
f 7244/6057/6667 7260/6058/6683 7269/6059/6692
f 7240/6038/6663 7261/6047/6684 7264/6060/6687
f 7241/6048/6664 7263/6050/6686 7266/6061/6689
f 7242/6051/6665 7265/6053/6688 7268/6062/6691
f 7243/6054/6666 7267/6056/6690 7270/6063/6693
f 7244/6064/6667 7269/6065/6692 7262/6066/6685
f 7289/6067/6712 7290/6068/6713 7300/6069/6723 7299/6070/6722
f 7288/6071/6711 7285/6072/6708 7295/6073/6718 7298/6074/6721
f 7294/6075/6717 7293/6076/6716 7303/6077/6726 7304/6078/6727
f 7287/6079/6710 7288/6080/6711 7298/6081/6721 7297/6082/6720
f 7286/6083/6709 7292/6084/6715 7302/6085/6725 7296/6086/6719
f 7293/6087/6716 7289/6088/6712 7299/6089/6722 7303/6090/6726
f 7285/6072/6708 7286/6091/6709 7296/6092/6719 7295/6073/6718
f 7291/6093/6714 7294/6075/6717 7304/6078/6727 7301/6094/6724
f 7290/6068/6713 7287/6079/6710 7297/6082/6720 7300/6069/6723
f 7292/6084/6715 7291/6093/6714 7301/6094/6724 7302/6085/6725
f 7246/6095/6669 7282/6096/6705 7292/6084/6715 7286/6083/6709
f 7247/6097/6670 7248/6098/6671 7288/6080/6711 7287/6079/6710
f 7284/6099/6707 7283/6100/6706 7293/6076/6716 7294/6075/6717
f 7248/6101/6671 7245/6102/6668 7285/6072/6708 7288/6071/6711
f 7249/6103/6672 7250/6104/6673 7290/6068/6713 7289/6067/6712
f 7282/6096/6705 7281/6105/6704 7291/6093/6714 7292/6084/6715
f 7250/6104/6673 7247/6097/6670 7287/6079/6710 7290/6068/6713
f 7281/6105/6704 7284/6099/6707 7294/6075/6717 7291/6093/6714
f 7245/6102/6668 7246/6106/6669 7286/6091/6709 7285/6072/6708
f 7283/6107/6706 7249/6108/6672 7289/6088/6712 7293/6087/6716
f 7280/6109/6703 7279/6110/6702 7283/6100/6706 7284/6099/6707
f 7276/6111/6699 7275/6112/6698 7246/6106/6669 7245/6102/6668
f 7272/6113/6695 7271/6114/6694 7250/6104/6673 7249/6103/6672
f 7275/6115/6698 7278/6116/6701 7282/6096/6705 7246/6095/6669
f 7278/6116/6701 7277/6117/6700 7281/6105/6704 7282/6096/6705
f 7271/6114/6694 7274/6118/6697 7247/6097/6670 7250/6104/6673
f 7274/6118/6697 7273/6119/6696 7248/6098/6671 7247/6097/6670
f 7277/6117/6700 7280/6109/6703 7284/6099/6707 7281/6105/6704
f 7273/6120/6696 7276/6111/6699 7245/6102/6668 7248/6101/6671
f 7279/6121/6702 7272/6122/6695 7249/6108/6672 7283/6107/6706
f 7266/6061/6689 7263/6050/6686 7278/6116/6701 7275/6115/6698
f 7261/6047/6684 7262/6123/6685 7279/6110/6702 7280/6109/6703
f 7264/6060/6687 7261/6047/6684 7280/6109/6703 7277/6117/6700
f 7269/6059/6692 7270/6063/6693 7271/6114/6694 7272/6113/6695
f 7262/6066/6685 7269/6065/6692 7272/6122/6695 7279/6121/6702
f 7267/6056/6690 7268/6124/6691 7273/6119/6696 7274/6118/6697
f 7269/6059/6692 7260/6058/6683 7270/6063/6693
f 7260/6058/6683 7243/6054/6666 7270/6063/6693
f 7265/6053/6688 7266/6125/6689 7275/6112/6698 7276/6111/6699
f 7267/6056/6690 7259/6055/6682 7268/6124/6691
f 7259/6055/6682 7242/6126/6665 7268/6124/6691
f 7270/6063/6693 7267/6056/6690 7274/6118/6697 7271/6114/6694
f 7265/6053/6688 7257/6052/6680 7266/6125/6689
f 7257/6052/6680 7241/6127/6664 7266/6125/6689
f 7263/6050/6686 7264/6060/6687 7277/6117/6700 7278/6116/6701
f 7263/6050/6686 7253/6049/6676 7264/6060/6687
f 7253/6049/6676 7240/6038/6663 7264/6060/6687
f 7268/6062/6691 7265/6053/6688 7276/6111/6699 7273/6120/6696
f 7261/6047/6684 7254/6039/6677 7262/6123/6685
f 7254/6128/6677 7244/6064/6667 7262/6066/6685
f 7255/6046/6678 7260/6129/6683 7244/6064/6667
f 7255/6046/6678 7258/6045/6681 7260/6129/6683
f 7258/6130/6681 7243/6054/6666 7260/6058/6683
f 7258/6130/6681 7259/6055/6682 7243/6054/6666
f 7258/6130/6681 7256/6131/6679 7259/6055/6682
f 7256/6131/6679 7242/6126/6665 7259/6055/6682
f 7256/6042/6679 7257/6052/6680 7242/6051/6665
f 7256/6042/6679 7251/6041/6674 7257/6052/6680
f 7251/6041/6674 7241/6127/6664 7257/6052/6680
f 7254/6128/6677 7255/6046/6678 7244/6064/6667
f 7254/6128/6677 7252/6132/6675 7255/6046/6678
f 7252/6132/6675 7239/6043/6662 7255/6046/6678
f 7251/6037/6674 7253/6049/6676 7241/6048/6664
f 7251/6037/6674 7252/6036/6675 7253/6049/6676
f 7252/6036/6675 7240/6038/6663 7253/6049/6676
f 7300/6069/6723 7297/6082/6720 7307/6133/6730 7310/6134/6733
f 7301/6094/6724 7304/6078/6727 7314/6135/6737 7311/6136/6734
f 7295/6073/6718 7296/6092/6719 7306/6137/6729 7305/6138/6728
f 7303/6090/6726 7299/6089/6722 7309/6139/6732 7313/6140/6736
f 7296/6086/6719 7302/6085/6725 7312/6141/6735 7306/6142/6729
f 7297/6082/6720 7298/6081/6721 7308/6143/6731 7307/6133/6730
f 7304/6078/6727 7303/6077/6726 7313/6144/6736 7314/6135/6737
f 7298/6074/6721 7295/6073/6718 7305/6138/6728 7308/6145/6731
f 7299/6070/6722 7300/6069/6723 7310/6134/6733 7309/6146/6732
f 7302/6085/6725 7301/6094/6724 7311/6136/6734 7312/6141/6735
f 7315/6147/6738 7328/6148/6751 7327/6149/6750
f 7316/6150/6739 7328/6148/6751 7330/6151/6753
f 7315/6147/6738 7327/6149/6750 7332/6152/6755
f 7315/6153/6738 7332/6154/6755 7334/6155/6757
f 7315/6153/6738 7334/6155/6757 7331/6156/6754
f 7316/6150/6739 7330/6151/6753 7337/6157/6760
f 7317/6158/6740 7329/6159/6752 7339/6160/6762
f 7318/6161/6741 7333/6162/6756 7341/6163/6764
f 7319/6164/6742 7335/6165/6758 7343/6166/6766
f 7320/6167/6743 7336/6168/6759 7345/6169/6768
f 7316/6150/6739 7337/6157/6760 7340/6170/6763
f 7317/6158/6740 7339/6160/6762 7342/6171/6765
f 7318/6172/6741 7341/6173/6764 7344/6174/6767
f 7319/6164/6742 7343/6166/6766 7346/6175/6769
f 7320/6167/6743 7345/6169/6768 7338/6176/6761
f 7365/6177/6788 7366/6178/6789 7376/6179/6799 7375/6180/6798
f 7364/6181/6787 7361/6182/6784 7371/6183/6794 7374/6184/6797
f 7370/6185/6793 7369/6186/6792 7379/6187/6802 7380/6188/6803
f 7363/6189/6786 7364/6190/6787 7374/6191/6797 7373/6192/6796
f 7362/6193/6785 7368/6194/6791 7378/6195/6801 7372/6196/6795
f 7369/6197/6792 7365/6177/6788 7375/6180/6798 7379/6198/6802
f 7361/6199/6784 7362/6193/6785 7372/6196/6795 7371/6200/6794
f 7367/6201/6790 7370/6202/6793 7380/6203/6803 7377/6204/6800
f 7366/6178/6789 7363/6189/6786 7373/6192/6796 7376/6179/6799
f 7368/6194/6791 7367/6201/6790 7377/6204/6800 7378/6195/6801
f 7322/6205/6745 7358/6206/6781 7368/6194/6791 7362/6193/6785
f 7323/6207/6746 7324/6208/6747 7364/6190/6787 7363/6189/6786
f 7360/6209/6783 7359/6210/6782 7369/6186/6792 7370/6185/6793
f 7324/6211/6747 7321/6212/6744 7361/6182/6784 7364/6181/6787
f 7325/6213/6748 7326/6214/6749 7366/6178/6789 7365/6177/6788
f 7358/6206/6781 7357/6215/6780 7367/6201/6790 7368/6194/6791
f 7326/6214/6749 7323/6207/6746 7363/6189/6786 7366/6178/6789
f 7357/6215/6780 7360/6216/6783 7370/6202/6793 7367/6201/6790
f 7321/6217/6744 7322/6205/6745 7362/6193/6785 7361/6199/6784
f 7359/6218/6782 7325/6213/6748 7365/6177/6788 7369/6197/6792
f 7356/6219/6779 7355/6220/6778 7359/6210/6782 7360/6209/6783
f 7352/6221/6775 7351/6222/6774 7322/6205/6745 7321/6217/6744
f 7348/6223/6771 7347/6224/6770 7326/6214/6749 7325/6213/6748
f 7351/6222/6774 7354/6225/6777 7358/6206/6781 7322/6205/6745
f 7354/6225/6777 7353/6226/6776 7357/6215/6780 7358/6206/6781
f 7347/6224/6770 7350/6227/6773 7323/6207/6746 7326/6214/6749
f 7350/6227/6773 7349/6228/6772 7324/6208/6747 7323/6207/6746
f 7353/6226/6776 7356/6229/6779 7360/6216/6783 7357/6215/6780
f 7349/6230/6772 7352/6231/6775 7321/6212/6744 7324/6211/6747
f 7355/6232/6778 7348/6223/6771 7325/6213/6748 7359/6218/6782
f 7342/6171/6765 7339/6160/6762 7354/6225/6777 7351/6222/6774
f 7337/6233/6760 7338/6234/6761 7355/6220/6778 7356/6219/6779
f 7340/6170/6763 7337/6157/6760 7356/6229/6779 7353/6226/6776
f 7345/6169/6768 7346/6175/6769 7347/6224/6770 7348/6223/6771
f 7338/6176/6761 7345/6169/6768 7348/6223/6771 7355/6232/6778
f 7343/6166/6766 7344/6235/6767 7349/6228/6772 7350/6227/6773
f 7345/6169/6768 7336/6168/6759 7346/6175/6769
f 7336/6168/6759 7319/6164/6742 7346/6175/6769
f 7341/6163/6764 7342/6171/6765 7351/6222/6774 7352/6221/6775
f 7343/6166/6766 7335/6165/6758 7344/6235/6767
f 7335/6165/6758 7318/6236/6741 7344/6235/6767
f 7346/6175/6769 7343/6166/6766 7350/6227/6773 7347/6224/6770
f 7341/6163/6764 7333/6162/6756 7342/6171/6765
f 7333/6162/6756 7317/6158/6740 7342/6171/6765
f 7339/6160/6762 7340/6170/6763 7353/6226/6776 7354/6225/6777
f 7339/6160/6762 7329/6159/6752 7340/6170/6763
f 7329/6159/6752 7316/6150/6739 7340/6170/6763
f 7344/6174/6767 7341/6173/6764 7352/6231/6775 7349/6230/6772
f 7337/6233/6760 7330/6237/6753 7338/6234/6761
f 7330/6238/6753 7320/6167/6743 7338/6176/6761
f 7331/6156/6754 7336/6168/6759 7320/6167/6743
f 7331/6156/6754 7334/6155/6757 7336/6168/6759
f 7334/6155/6757 7319/6164/6742 7336/6168/6759
f 7334/6155/6757 7335/6165/6758 7319/6164/6742
f 7334/6155/6757 7332/6154/6755 7335/6165/6758
f 7332/6239/6755 7318/6240/6741 7335/6241/6758
f 7332/6239/6755 7333/6242/6756 7318/6240/6741
f 7332/6152/6755 7327/6149/6750 7333/6162/6756
f 7327/6149/6750 7317/6158/6740 7333/6162/6756
f 7330/6238/6753 7331/6156/6754 7320/6167/6743
f 7330/6243/6753 7328/6244/6751 7331/6245/6754
f 7328/6244/6751 7315/6246/6738 7331/6245/6754
f 7327/6149/6750 7329/6159/6752 7317/6158/6740
f 7327/6149/6750 7328/6148/6751 7329/6159/6752
f 7328/6148/6751 7316/6150/6739 7329/6159/6752
f 7376/6179/6799 7373/6192/6796 7383/6247/6806 7386/6248/6809
f 7377/6204/6800 7380/6203/6803 7390/6249/6813 7387/6250/6810
f 7371/6200/6794 7372/6196/6795 7382/6251/6805 7381/6252/6804
f 7379/6198/6802 7375/6180/6798 7385/6253/6808 7389/6254/6812
f 7372/6196/6795 7378/6195/6801 7388/6255/6811 7382/6251/6805
f 7373/6192/6796 7374/6191/6797 7384/6256/6807 7383/6247/6806
f 7380/6188/6803 7379/6187/6802 7389/6257/6812 7390/6258/6813
f 7374/6184/6797 7371/6183/6794 7381/6259/6804 7384/6260/6807
f 7375/6180/6798 7376/6179/6799 7386/6248/6809 7385/6253/6808
f 7378/6195/6801 7377/6204/6800 7387/6250/6810 7388/6255/6811
